{
	"credit": "Made with Blockbench",
	"texture_size": [64, 64],
	"textures": {
		"0": "entity/axolotl/axolotl_blue",
		"particle": "entity/axolotl/axolotl_blue"
	},
	"elements": [
		{
			"name": "body",
			"from": [3.75, 4, 4.25],
			"to": [11.75, 8, 14.25],
			"faces": {
				"north": {"uv": [2.5, 5.25, 4.5, 6.25], "texture": "#0"},
				"east": {"uv": [0, 5.25, 2.5, 6.25], "texture": "#0"},
				"south": {"uv": [7, 5.25, 9, 6.25], "texture": "#0"},
				"west": {"uv": [4.5, 5.25, 7, 6.25], "texture": "#0"},
				"up": {"uv": [4.5, 5.25, 2.5, 2.75], "texture": "#0"},
				"down": {"uv": [6.5, 2.75, 4.5, 5.25], "texture": "#0"}
			}
		},
		{
			"name": "body",
			"from": [7.75, 4, 5.25],
			"to": [7.75, 9, 14.25],
			"faces": {
				"north": {"uv": [2.75, 6.5, 2.75, 7.75], "texture": "#0"},
				"east": {"uv": [0.5, 6.5, 2.75, 7.75], "texture": "#0"},
				"south": {"uv": [5, 6.5, 5, 7.75], "texture": "#0"},
				"west": {"uv": [0.5, 6.5, 2.75, 7.75], "texture": "#0"},
				"up": {"uv": [2.75, 6.5, 2.75, 4.25], "texture": "#0"},
				"down": {"uv": [2.75, 4.25, 2.75, 6.5], "texture": "#0"}
			}
		},
		{
			"name": "head",
			"from": [3.75, 4, -0.75],
			"to": [11.75, 9, 4.25],
			"faces": {
				"north": {"uv": [1.25, 1.5, 3.25, 2.75], "texture": "#0"},
				"east": {"uv": [0, 1.5, 1.25, 2.75], "texture": "#0"},
				"south": {"uv": [4.5, 1.5, 6.5, 2.75], "texture": "#0"},
				"west": {"uv": [3.25, 1.5, 4.5, 2.75], "texture": "#0"},
				"up": {"uv": [3.25, 1.5, 1.25, 0.25], "texture": "#0"},
				"down": {"uv": [5.25, 0.25, 3.25, 1.5], "texture": "#0"}
			}
		},
		{
			"name": "tail",
			"from": [7.75, 4, 14.25],
			"to": [7.75, 9, 26.25],
			"faces": {
				"north": {"uv": [3.5, 7.75, 3.5, 9], "texture": "#0"},
				"east": {"uv": [0.5, 7.75, 3.5, 9], "texture": "#0"},
				"south": {"uv": [6.5, 7.75, 6.5, 9], "texture": "#0"},
				"west": {"uv": [3.5, 7.75, 0.5, 9], "texture": "#0", "cullface": "north"},
				"up": {"uv": [3.5, 7.75, 3.5, 4.75], "texture": "#0"},
				"down": {"uv": [3.5, 4.75, 3.5, 7.75], "texture": "#0"}
			}
		},
		{
			"name": "top_gills",
			"from": [3.75, 9, 3.25],
			"to": [11.75, 12, 3.25],
			"faces": {
				"north": {"uv": [0.75, 9.25, 2.75, 10], "texture": "#0"},
				"east": {"uv": [0.75, 9.25, 0.75, 10], "texture": "#0"},
				"south": {"uv": [0.75, 9.25, 2.75, 10], "texture": "#0"},
				"west": {"uv": [3.75, 7.75, 3.75, 8.5], "texture": "#0"},
				"up": {"uv": [2.75, 9.25, 0.75, 9.25], "texture": "#0"},
				"down": {"uv": [4.75, 9.25, 2.75, 9.25], "texture": "#0"}
			}
		},
		{
			"name": "left_gills",
			"from": [0.75, 4, 3.25],
			"to": [3.75, 11, 3.25],
			"faces": {
				"north": {"uv": [2.75, 10, 3.5, 11.75], "texture": "#0"},
				"east": {"uv": [2.75, 10, 2.75, 11.75], "texture": "#0"},
				"south": {"uv": [0, 10, 0.75, 11.75], "texture": "#0"},
				"west": {"uv": [3.75, 7.75, 3.75, 9.5], "texture": "#0"},
				"up": {"uv": [3.5, 10, 2.75, 10], "texture": "#0"},
				"down": {"uv": [4.25, 10, 3.5, 10], "texture": "#0"}
			}
		},
		{
			"name": "right_gills",
			"from": [11.75, 4, 3.25],
			"to": [14.75, 11, 3.25],
			"faces": {
				"north": {"uv": [0, 10, 0.75, 11.75], "texture": "#0"},
				"east": {"uv": [0, 10, 0, 11.75], "texture": "#0"},
				"south": {"uv": [2.75, 10, 3.5, 11.75], "texture": "#0"},
				"west": {"uv": [3.75, 7.75, 3.75, 9.5], "texture": "#0"},
				"up": {"uv": [0.75, 10, 0, 10], "texture": "#0"},
				"down": {"uv": [1.5, 10, 0.75, 10], "texture": "#0"}
			}
		},
		{
			"name": "front_left_leg",
			"from": [-1.5, 4, 1],
			"to": [1.5, 4, 6],
			"rotation": {"angle": 45, "axis": "y", "origin": [0, 0, 0]},
			"faces": {
				"north": {"uv": [2, 3.25, 1.25, 3.25], "rotation": 180, "texture": "#0"},
				"east": {"uv": [0.5, 3.25, 0.5, 4.5], "rotation": 270, "texture": "#0"},
				"south": {"uv": [1.25, 3.25, 0.5, 3.25], "texture": "#0"},
				"west": {"uv": [3.75, 7.75, 3.75, 9], "rotation": 90, "texture": "#0"},
				"up": {"uv": [0.5, 3.25, 1.25, 4.5], "rotation": 180, "texture": "#0"},
				"down": {"uv": [1.25, 3.25, 2, 4.5], "texture": "#0"}
			}
		},
		{
			"name": "front_right_leg",
			"from": [9.5, 4, -10],
			"to": [12.5, 4, -5],
			"rotation": {"angle": -45, "axis": "y", "origin": [0, 0, 0]},
			"faces": {
				"north": {"uv": [1.25, 4.5, 2, 4.5], "texture": "#0"},
				"east": {"uv": [0, 4.5, 1.25, 4.5], "texture": "#0"},
				"south": {"uv": [3.25, 4.5, 4, 4.5], "texture": "#0"},
				"west": {"uv": [3.75, 7.75, 5, 7.75], "texture": "#0"},
				"up": {"uv": [2, 4.5, 1.25, 3.25], "texture": "#0"},
				"down": {"uv": [2, 3.25, 1.25, 4.5], "texture": "#0"}
			}
		},
		{
			"name": "back_right_leg",
			"from": [9.75, 4, 14.25],
			"to": [12.75, 4, 19.25],
			"faces": {
				"north": {"uv": [1.25, 3.25, 0.5, 3.25], "rotation": 180, "texture": "#0"},
				"east": {"uv": [0.5, 3.25, 0.5, 4.5], "rotation": 90, "texture": "#0"},
				"south": {"uv": [2, 3.25, 1.25, 3.25], "texture": "#0"},
				"west": {"uv": [3.75, 7.75, 3.75, 9], "rotation": 270, "texture": "#0"},
				"up": {"uv": [1.25, 3.25, 2, 4.5], "texture": "#0"},
				"down": {"uv": [0.5, 3.25, 1.25, 4.5], "rotation": 180, "texture": "#0"}
			}
		},
		{
			"name": "back_right_leg",
			"from": [2.75, 4, 14.25],
			"to": [5.75, 4, 19.25],
			"faces": {
				"north": {"uv": [1.25, 3.25, 0.5, 3.25], "rotation": 180, "texture": "#0"},
				"east": {"uv": [0.5, 3.25, 0.5, 4.5], "rotation": 90, "texture": "#0"},
				"south": {"uv": [2, 3.25, 1.25, 3.25], "texture": "#0"},
				"west": {"uv": [3.75, 7.75, 3.75, 9], "rotation": 270, "texture": "#0"},
				"up": {"uv": [1.25, 3.25, 2, 4.5], "texture": "#0"},
				"down": {"uv": [0.5, 3.25, 1.25, 4.5], "rotation": 180, "texture": "#0"}
			}
		}
	],
	"display": {
		"thirdperson_righthand": {
			"translation": [0, 2.25, 0],
			"scale": [0.5, 0.5, 0.5]
		},
		"thirdperson_lefthand": {
			"translation": [0, 2.25, 0],
			"scale": [0.5, 0.5, 0.5]
		},
		"gui": {
			"rotation": [33, -135, 0],
			"translation": [0.75, 0.25, 0],
			"scale": [0.6, 0.6, 0.6]
		},
		"head": {
			"translation": [0, 11.5, -1]
		},
		"fixed": {
			"translation": [0, 0, 4.25]
		}
	},
	"groups": [
		{
			"name": "body",
			"origin": [0, 6, 0],
			"color": 0,
			"children": [0, 1]
		},
		{
			"name": "head",
			"origin": [0, 6, -5],
			"color": 0,
			"children": [2]
		},
		{
			"name": "tail",
			"origin": [0, 6.5, 5],
			"color": 0,
			"children": [3]
		},
		{
			"name": "top_gills",
			"origin": [0, 9, -6],
			"color": 0,
			"children": [4]
		},
		{
			"name": "left_gills",
			"origin": [-4, 7.5, -6],
			"color": 0,
			"children": [5]
		},
		{
			"name": "right_gills",
			"origin": [4, 7.5, -6],
			"color": 0,
			"children": [6]
		},
		{
			"name": "front_left_leg",
			"origin": [-4, 5, -4],
			"color": 0,
			"children": [7]
		},
		{
			"name": "back_left_leg",
			"origin": [-4, 5, 3],
			"color": 0,
			"children": []
		},
		{
			"name": "front_right_leg",
			"origin": [4, 5, -4],
			"color": 0,
			"children": [8]
		},
		{
			"name": "back_right_leg",
			"origin": [4, 5, 3],
			"color": 0,
			"children": [9, 10]
		}
	]
}