{
	"credit": "Daswaget",
	"texture_size": [32, 32],
	"textures": {
		"0": "dswg_weapons_plus/ak47/ak47"
	},
	"elements": [
		{
			"from": [-11, 2.75, 7.5],
			"to": [10, 3.75, 8.5],
			"faces": {
				"north": {"uv": [7.66667, 12, 14.66667, 12.33333], "texture": "#0"},
				"east": {"uv": [7.66667, 12, 8, 12.33333], "texture": "#0"},
				"south": {"uv": [14.66667, 12, 7.66667, 12.33333], "texture": "#0"},
				"west": {"uv": [14.33333, 12, 14.66667, 12.33333], "texture": "#0"},
				"up": {"uv": [14.66667, 12, 7.66667, 12.33333], "texture": "#0"},
				"down": {"uv": [14.66667, 2.33333, 7.66667, 2.66666], "texture": "#0"}
			}
		},
		{
			"from": [-11, 1.75, 7.5],
			"to": [-3, 2.75, 8.5],
			"faces": {
				"north": {"uv": [12, 12.33333, 14.66667, 12.66667], "texture": "#0"},
				"east": {"uv": [12.33333, 12.33333, 12, 12.66667], "texture": "#0"},
				"south": {"uv": [14.66667, 12.33333, 12, 12.66667], "texture": "#0"},
				"west": {"uv": [14.66667, 12.33333, 14.33333, 12.66667], "texture": "#0"},
				"up": {"uv": [12.33333, 12.33333, 14.66667, 12.66667], "texture": "#0"},
				"down": {"uv": [14.66667, 12.33333, 12, 12.66667], "texture": "#0"}
			}
		},
		{
			"from": [-11, 0.75, 7.5],
			"to": [-5, 1.75, 8.5],
			"faces": {
				"north": {"uv": [12.66667, 12.66667, 14.66667, 13], "texture": "#0"},
				"east": {"uv": [12.66667, 12.66667, 13, 13], "texture": "#0"},
				"south": {"uv": [14.66667, 12.66667, 12.66667, 13], "texture": "#0"},
				"west": {"uv": [14.33333, 12.66667, 14.66667, 13], "texture": "#0"},
				"up": {"uv": [12.66667, 12.66667, 14.66667, 13], "texture": "#0"},
				"down": {"uv": [12.66667, 12.66667, 14.66667, 13], "texture": "#0"}
			}
		},
		{
			"from": [-11, 3.75, 7.5],
			"to": [12, 4.75, 8.5],
			"faces": {
				"north": {"uv": [7, 11.66667, 14.66667, 12], "texture": "#0"},
				"east": {"uv": [7, 11.66667, 7.33333, 12], "texture": "#0"},
				"south": {"uv": [14.66667, 11.66667, 7, 12], "texture": "#0"},
				"west": {"uv": [14.33333, 11.66667, 14.66667, 12], "texture": "#0"},
				"up": {"uv": [14.66667, 6, 7, 6.33333], "texture": "#0"},
				"down": {"uv": [7, 11.66667, 14.66667, 12], "texture": "#0"}
			}
		},
		{
			"from": [-1, 4.75, 7.5],
			"to": [26, 5.75, 8.5],
			"faces": {
				"north": {"uv": [2.33333, 7.33333, 11.33333, 7.66667], "texture": "#0"},
				"east": {"uv": [2.33333, 11.33333, 2.66667, 11.66667], "texture": "#0"},
				"south": {"uv": [11.33333, 11.33333, 2.33333, 11.66667], "texture": "#0"},
				"west": {"uv": [11, 11.33333, 11.33333, 11.66667], "texture": "#0"},
				"up": {"uv": [11.33333, 5.66666, 2.33333, 6], "texture": "#0"},
				"down": {"uv": [11.33333, 11.33333, 2.33333, 11.66667], "texture": "#0"}
			}
		},
		{
			"from": [24, 5.75, 7.85],
			"to": [25, 8.75, 8.15],
			"faces": {
				"north": {"uv": [2.66667, 10.66667, 3, 11.66666], "texture": "#0"},
				"east": {"uv": [2.66667, 10.66667, 3, 11.66666], "texture": "#0"},
				"south": {"uv": [2.66667, 10.66667, 3, 11.66666], "texture": "#0"},
				"west": {"uv": [2.66667, 10.66667, 3, 11.66666], "texture": "#0"},
				"up": {"uv": [2.66667, 10.66667, 3, 11], "texture": "#0"},
				"down": {"uv": [0, 0, 0, 0], "texture": "#0"}
			}
		},
		{
			"from": [18, 5.75, 7.5],
			"to": [19, 6.75, 8.5],
			"faces": {
				"north": {"uv": [4.66667, 11, 5, 11.33333], "texture": "#0"},
				"east": {"uv": [4.66667, 11, 5, 11.33333], "texture": "#0"},
				"south": {"uv": [4.66667, 11, 5, 11.33333], "texture": "#0"},
				"west": {"uv": [4.66667, 11, 5, 11.33333], "texture": "#0"},
				"up": {"uv": [4.66667, 11, 5, 11.33333], "texture": "#0"},
				"down": {"uv": [4.66667, 11, 5, 11.33333], "texture": "#0"}
			}
		},
		{
			"from": [0, 5.75, 7.5],
			"to": [16, 6.75, 8.5],
			"faces": {
				"north": {"uv": [5.66667, 11, 11, 11.33333], "texture": "#0"},
				"east": {"uv": [5.66667, 11, 6, 11.33333], "texture": "#0"},
				"south": {"uv": [11, 11, 5.66667, 11.33333], "texture": "#0"},
				"west": {"uv": [10.66667, 11, 11, 11.33333], "texture": "#0"},
				"up": {"uv": [11, 5.33333, 5.66667, 5.66666], "texture": "#0"},
				"down": {"uv": [11, 11, 5.66667, 11.33333], "texture": "#0"}
			}
		},
		{
			"from": [7, 6.75, 7.5],
			"to": [18, 7.75, 8.5],
			"faces": {
				"north": {"uv": [5, 10.66667, 8.66667, 11], "texture": "#0"},
				"east": {"uv": [5, 10.66667, 5.33333, 11], "texture": "#0"},
				"south": {"uv": [8.66667, 10.66667, 5, 11], "texture": "#0"},
				"west": {"uv": [8.33333, 10.66667, 8.66667, 11], "texture": "#0"},
				"up": {"uv": [8.66667, 10.66667, 5, 11], "texture": "#0"},
				"down": {"uv": [5, 10.66667, 8.66667, 11], "texture": "#0"}
			}
		},
		{
			"from": [4, 4.75, 7.7],
			"to": [5, 5.75, 8.7],
			"faces": {
				"north": {"uv": [9, 14.33333, 9.33333, 14.66667], "texture": "#0"},
				"east": {"uv": [9, 14.33333, 9.33333, 14.66667], "texture": "#0"},
				"south": {"uv": [9, 14.33333, 9.33333, 14.66667], "texture": "#0"},
				"west": {"uv": [9, 14.33333, 9.33333, 14.66667], "texture": "#0"},
				"up": {"uv": [9, 14.33333, 9.33333, 14.66667], "texture": "#0"},
				"down": {"uv": [9, 14.33333, 9.33333, 14.66667], "texture": "#0"}
			}
		},
		{
			"from": [-1, -1.25, 7.5],
			"to": [1, 0.75, 8.5],
			"faces": {
				"north": {"uv": [10.66667, 13, 11.33333, 13.66667], "texture": "#0"},
				"east": {"uv": [10.66667, 13, 11, 13.66667], "texture": "#0"},
				"south": {"uv": [11.33333, 13, 10.66667, 13.66667], "texture": "#0"},
				"west": {"uv": [11, 13, 11.33333, 13.66667], "texture": "#0"},
				"up": {"uv": [11.33333, 13, 10.66667, 13.33333], "texture": "#0"},
				"down": {"uv": [10.66667, 13.33333, 11.33333, 13.66667], "texture": "#0"}
			}
		},
		{
			"from": [4, 1.75, 7.5],
			"to": [9, 2.75, 8.5],
			"faces": {
				"north": {"uv": [8, 12.33333, 9.66666, 12.66667], "texture": "#0"},
				"east": {"uv": [8, 12.33333, 8.33333, 12.66667], "texture": "#0"},
				"south": {"uv": [9.66666, 12.33333, 8, 12.66667], "texture": "#0"},
				"west": {"uv": [9.33333, 12.33333, 9.66666, 12.66667], "texture": "#0"},
				"up": {"uv": [9.66666, 12.33333, 8, 12.66667], "texture": "#0"},
				"down": {"uv": [6.66667, 3, 8.33333, 3.33334], "texture": "#0"}
			}
		},
		{
			"from": [6, 0.75, 7.5],
			"to": [9, 1.75, 8.5],
			"faces": {
				"north": {"uv": [8, 12.66667, 9, 13], "texture": "#0"},
				"east": {"uv": [8.33333, 12.66667, 8, 13], "texture": "#0"},
				"south": {"uv": [9, 12.66667, 8, 13], "texture": "#0"},
				"west": {"uv": [9, 12.66667, 8.66667, 13], "texture": "#0"},
				"up": {"uv": [8, 12.66667, 9, 13], "texture": "#0"},
				"down": {"uv": [8, 12.66667, 9, 13], "texture": "#0"}
			}
		},
		{
			"from": [6, -0.25, 7.5],
			"to": [10, 0.75, 8.5],
			"faces": {
				"north": {"uv": [7.66667, 13, 9, 13.33333], "texture": "#0"},
				"east": {"uv": [8, 13, 7.66667, 13.33333], "texture": "#0"},
				"south": {"uv": [9, 13, 7.66667, 13.33333], "texture": "#0"},
				"west": {"uv": [9, 13, 8.66667, 13.33333], "texture": "#0"},
				"up": {"uv": [10.33333, 3.66667, 9, 4], "texture": "#0"},
				"down": {"uv": [7.66667, 3.66667, 6.33334, 4], "texture": "#0"}
			}
		},
		{
			"from": [7, -1.25, 7.5],
			"to": [12, -0.25, 8.5],
			"faces": {
				"north": {"uv": [7, 13.33333, 8.66667, 13.66667], "texture": "#0"},
				"east": {"uv": [7.33333, 13.33333, 7, 13.66667], "texture": "#0"},
				"south": {"uv": [8.66667, 13.33333, 7, 13.66667], "texture": "#0"},
				"west": {"uv": [8.66667, 13.33333, 8.33333, 13.66667], "texture": "#0"},
				"up": {"uv": [10, 4, 8.33333, 4.33334], "texture": "#0"},
				"down": {"uv": [7.33334, 4, 5.66667, 4.33334], "texture": "#0"}
			}
		},
		{
			"from": [8, -2.25, 7.5],
			"to": [12, -1.25, 8.5],
			"faces": {
				"north": {"uv": [7, 13.66667, 8.33333, 14], "texture": "#0"},
				"east": {"uv": [7.33333, 13.66667, 7, 14], "texture": "#0"},
				"south": {"uv": [8.33333, 13.66667, 7, 14], "texture": "#0"},
				"west": {"uv": [8.33333, 13.66667, 8, 14], "texture": "#0"},
				"up": {"uv": [8.33333, 13.66667, 7, 14], "texture": "#0"},
				"down": {"uv": [7, 4.33334, 5.66667, 4.66667], "texture": "#0"}
			}
		},
		{
			"from": [9, -3.25, 7.5],
			"to": [12, -2.25, 8.5],
			"faces": {
				"north": {"uv": [7, 14, 8, 14.33333], "texture": "#0"},
				"east": {"uv": [7, 14, 7.33333, 14.33333], "texture": "#0"},
				"south": {"uv": [8, 14, 7, 14.33333], "texture": "#0"},
				"west": {"uv": [7.66667, 14, 8, 14.33333], "texture": "#0"},
				"up": {"uv": [7, 14, 8, 14.33333], "texture": "#0"},
				"down": {"uv": [7, 14, 8, 14.33333], "texture": "#0"}
			}
		},
		{
			"from": [-1, 0.75, 7.5],
			"to": [4, 1.75, 8.5],
			"faces": {
				"north": {"uv": [9.66667, 12.66666, 11.33333, 13], "texture": "#0"},
				"east": {"uv": [9.66667, 12.66666, 10, 13], "texture": "#0"},
				"south": {"uv": [11.33333, 12.66666, 9.66667, 13], "texture": "#0"},
				"west": {"uv": [11, 12.66666, 11.33333, 13], "texture": "#0"},
				"up": {"uv": [12.33333, 4.66666, 10.66667, 5], "texture": "#0"},
				"down": {"uv": [9.66667, 12.66666, 11.33333, 13], "texture": "#0"}
			}
		},
		{
			"from": [0, 1.75, 7.5],
			"to": [3, 2.75, 8.5],
			"faces": {
				"north": {"uv": [10, 12.33333, 11, 12.66667], "texture": "#0"},
				"east": {"uv": [10, 12.33333, 10.33333, 12.66667], "texture": "#0"},
				"south": {"uv": [11, 12.33333, 10, 12.66667], "texture": "#0"},
				"west": {"uv": [10.66667, 12.33333, 11, 12.66667], "texture": "#0"},
				"up": {"uv": [11, 12.33333, 10, 12.66667], "texture": "#0"},
				"down": {"uv": [10, 12.33333, 11, 12.66667], "texture": "#0"}
			}
		}
	],
	"gui_light": "front",
	"display": {
		"thirdperson_righthand": {
			"rotation": [0, 90, 0],
			"translation": [0, 4.25, -4.2],
			"scale": [0.8, 0.8, 0.8]
		},
		"thirdperson_lefthand": {
			"rotation": [0, -90, 0],
			"translation": [0, 4.25, -4.2],
			"scale": [0.8, 0.8, 0.8]
		},
		"firstperson_righthand": {
			"rotation": [-118.86, 81.25, 132.25],
			"translation": [-5.2, 4, -1]
		},
		"firstperson_lefthand": {
			"rotation": [-118.86, 81.25, 132.25],
			"translation": [-5.2, 4, -1],
			"scale": [-1, 1, -1]
		},
		"ground": {
			"translation": [1, 6, 0],
			"scale": [0.8, 0.8, 0.8]
		},
		"gui": {
			"rotation": [0, 0, -45],
			"translation": [2.5, 3.5, 0],
			"scale": [-1, 1, -1]
		},
		"head": {
			"rotation": [0, 90, 0],
			"translation": [0, 13.5, -2],
			"scale": [0.8, 0.8, 0.8]
		},
		"fixed": {
			"rotation": [0, 0, 45],
			"translation": [-2.5, 3, -1]
		}
	},
	"groups": [
		{
			"name": "ak47",
			"origin": [0, 0, 0],
			"color": 0,
			"children": []
		},
		0,
		1,
		2,
		3,
		4,
		5,
		6,
		7,
		8,
		9,
		10,
		11,
		12,
		13,
		14,
		15,
		16,
		17,
		18
	]
}