{
	"credit": "Daswaget",
	"texture_size": [32, 32],
	"textures": {
		"0": "dswg_weapons_plus/anaconda/anaconda"
	},
	"elements": [
		{
			"from": [8, 7, 7.5],
			"to": [10, 8, 8.5],
			"rotation": {"angle": 0, "axis": "y", "origin": [8, 4, 8]},
			"faces": {
				"north": {"uv": [9.66666, 12.00001, 9.00001, 12.33334], "texture": "#0"},
				"east": {"uv": [9.33333, 12, 9.66666, 12.33334], "texture": "#0"},
				"south": {"uv": [9.00001, 12.00001, 9.66666, 12.33334], "texture": "#0"},
				"west": {"uv": [9.00001, 12.00001, 9.33334, 12.33334], "texture": "#0"},
				"up": {"uv": [9.66666, 12, 9.00001, 12.33333], "rotation": 180, "texture": "#0"},
				"down": {"uv": [9.66666, 6.00001, 9.00001, 6.33334], "rotation": 180, "texture": "#0"}
			}
		},
		{
			"from": [8, 8, 7.5],
			"to": [10, 9, 8.5],
			"rotation": {"angle": 0, "axis": "y", "origin": [8, 4, 8]},
			"faces": {
				"north": {"uv": [9.66666, 11.66668, 9.00001, 12.00001], "texture": "#0"},
				"east": {"uv": [9.33333, 11.66667, 9.66666, 12.00001], "texture": "#0"},
				"south": {"uv": [9.00001, 11.66668, 9.66666, 12.00001], "texture": "#0"},
				"west": {"uv": [9.00001, 11.66668, 9.33334, 12.00001], "texture": "#0"},
				"up": {"uv": [9.66666, 11.66667, 9.00001, 12], "rotation": 180, "texture": "#0"},
				"down": {"uv": [9.66666, 11.66668, 9.00001, 12.00001], "rotation": 180, "texture": "#0"}
			}
		},
		{
			"from": [12.75, 8.3, 7.6],
			"to": [14.85, 9.3, 8.4],
			"rotation": {"angle": 0, "axis": "y", "origin": [8, 4, 8]},
			"faces": {
				"north": {"uv": [14.33333, 15.00001, 13.66667, 15.33334], "texture": "#0"},
				"east": {"uv": [14, 15, 14.33333, 15.33334], "texture": "#0"},
				"south": {"uv": [13.66667, 15.00001, 14.33333, 15.33334], "texture": "#0"},
				"west": {"uv": [13.66667, 15.00001, 14, 15.33334], "texture": "#0"},
				"up": {"uv": [14.33333, 15, 13.66667, 15.33333], "rotation": 180, "texture": "#0"},
				"down": {"uv": [14.33333, 15.00001, 13.66667, 15.33334], "rotation": 180, "texture": "#0"}
			}
		},
		{
			"from": [10, 7, 7],
			"to": [12, 9, 9],
			"rotation": {"angle": 0, "axis": "y", "origin": [8, 4, 8]},
			"faces": {
				"north": {"uv": [10.33333, 14.66668, 9.66667, 15.33334], "texture": "#0"},
				"east": {"uv": [1.66666, 12.66667, 4.33333, 15.33334], "rotation": 270, "texture": "#0"},
				"south": {"uv": [10.33333, 14.66667, 9.66667, 15.33333], "rotation": 180, "texture": "#0"},
				"west": {"uv": [4.66667, 14.33334, 5.33334, 13.66668], "rotation": 90, "texture": "#0"},
				"up": {"uv": [10.33333, 15.33334, 9.66667, 14.66668], "rotation": 180, "texture": "#0"},
				"down": {"uv": [9.66667, 14.66668, 10.33333, 15.33334], "texture": "#0"}
			}
		},
		{
			"from": [10, 5, 7.5],
			"to": [12, 6, 8.5],
			"rotation": {"angle": 0, "axis": "y", "origin": [8, 4, 8]},
			"faces": {
				"north": {"uv": [10.33333, 12.66668, 9.66667, 13.00001], "texture": "#0"},
				"east": {"uv": [10, 12.66667, 10.33333, 13.00001], "texture": "#0"},
				"south": {"uv": [9.66667, 12.66668, 10.33333, 13.00001], "texture": "#0"},
				"west": {"uv": [9.66667, 12.66668, 10, 13.00001], "texture": "#0"},
				"up": {"uv": [10.33333, 12.66667, 9.66667, 13], "rotation": 180, "texture": "#0"},
				"down": {"uv": [10.33333, 12.66668, 9.66667, 13.00001], "rotation": 180, "texture": "#0"}
			}
		},
		{
			"from": [14, 3, 7.5],
			"to": [16, 5, 8.5],
			"rotation": {"angle": 0, "axis": "y", "origin": [8, 4, 8]},
			"faces": {
				"north": {"uv": [11.66666, 13.00001, 11.00001, 13.66667], "texture": "#0"},
				"east": {"uv": [11.33333, 13, 11.66666, 13.66667], "texture": "#0"},
				"south": {"uv": [11.00001, 13.00001, 11.66666, 13.66667], "texture": "#0"},
				"west": {"uv": [11.00001, 13.00001, 11.33334, 13.66667], "texture": "#0"},
				"up": {"uv": [11.66666, 13, 11.00001, 13.33333], "rotation": 180, "texture": "#0"},
				"down": {"uv": [11.66666, 13.33334, 11.00001, 13.66667], "rotation": 180, "texture": "#0"}
			}
		},
		{
			"from": [12, 7, 7.5],
			"to": [14, 8, 8.5],
			"rotation": {"angle": 0, "axis": "y", "origin": [8, 4, 8]},
			"faces": {
				"north": {"uv": [10.99999, 12.00001, 10.33334, 12.33334], "texture": "#0"},
				"east": {"uv": [10.66666, 12, 10.99999, 12.33334], "texture": "#0"},
				"south": {"uv": [10.33334, 12.00001, 10.99999, 12.33334], "texture": "#0"},
				"west": {"uv": [10.33334, 12.00001, 10.66667, 12.33334], "texture": "#0"},
				"up": {"uv": [10.99999, 12, 10.33334, 12.33333], "rotation": 180, "texture": "#0"},
				"down": {"uv": [10.99999, 12.00001, 10.33334, 12.33334], "rotation": 180, "texture": "#0"}
			}
		},
		{
			"from": [12, 8, 7.5],
			"to": [14, 9, 8.5],
			"rotation": {"angle": 0, "axis": "y", "origin": [8, 4, 8]},
			"faces": {
				"north": {"uv": [10.99999, 11.66668, 10.33334, 12.00001], "texture": "#0"},
				"east": {"uv": [10.66666, 11.66667, 10.99999, 12.00001], "texture": "#0"},
				"south": {"uv": [10.33334, 11.66668, 10.99999, 12.00001], "texture": "#0"},
				"west": {"uv": [10.33334, 11.66668, 10.66667, 12.00001], "texture": "#0"},
				"up": {"uv": [10.99999, 5.66667, 10.33334, 6], "rotation": 180, "texture": "#0"},
				"down": {"uv": [10.99999, 11.66668, 10.33334, 12.00001], "rotation": 180, "texture": "#0"}
			}
		},
		{
			"from": [0, 9, 7.5],
			"to": [13, 10, 8.5],
			"rotation": {"angle": 0, "axis": "y", "origin": [8, 4, 8]},
			"faces": {
				"north": {"uv": [10.66666, 11.33334, 6.33334, 11.66667], "texture": "#0"},
				"east": {"uv": [10.33333, 11.33333, 10.66666, 11.66667], "texture": "#0"},
				"south": {"uv": [6.33334, 11.33334, 10.66666, 11.66667], "texture": "#0"},
				"west": {"uv": [6.33334, 11.33334, 6.66667, 11.66667], "texture": "#0"},
				"up": {"uv": [10.66666, 11.33333, 6.33334, 11.66666], "rotation": 180, "texture": "#0"},
				"down": {"uv": [10.66666, 11.33334, 6.33334, 11.66667], "rotation": 180, "texture": "#0"}
			}
		},
		{
			"from": [0, 8.7, 7.5],
			"to": [8, 9, 8.5],
			"rotation": {"angle": 0, "axis": "y", "origin": [8, 4, 8]},
			"faces": {
				"north": {"uv": [13.33333, 15.00001, 10.66667, 15.33334], "texture": "#0"},
				"east": {"uv": [13, 15, 13.33333, 15.33334], "texture": "#0"},
				"south": {"uv": [10.66667, 15.00001, 13.33333, 15.33334], "texture": "#0"},
				"west": {"uv": [10.66667, 15.00001, 11, 15.33334], "texture": "#0"},
				"up": {"uv": [13.33333, 15, 10.66667, 15.33333], "rotation": 180, "texture": "#0"},
				"down": {"uv": [13.33333, 15.00001, 10.66667, 15.33334], "rotation": 180, "texture": "#0"}
			}
		},
		{
			"from": [0, 10, 7.5],
			"to": [13, 11, 8.5],
			"rotation": {"angle": 0, "axis": "y", "origin": [8, 4, 8]},
			"faces": {
				"north": {"uv": [10.66666, 11.00001, 6.33334, 11.33334], "texture": "#0"},
				"east": {"uv": [10.33333, 11, 10.66666, 11.33334], "texture": "#0"},
				"south": {"uv": [6.33334, 11.00001, 10.66666, 11.33334], "texture": "#0"},
				"west": {"uv": [6.33334, 11.00001, 6.66667, 11.33334], "texture": "#0"},
				"up": {"uv": [10.66666, 11, 6.33334, 11.33333], "rotation": 180, "texture": "#0"},
				"down": {"uv": [10.66666, 11.00001, 6.33334, 11.33334], "rotation": 180, "texture": "#0"}
			}
		},
		{
			"from": [11, 6, 7.5],
			"to": [15, 7, 8.5],
			"rotation": {"angle": 0, "axis": "y", "origin": [8, 4, 8]},
			"faces": {
				"north": {"uv": [11.33333, 12.33334, 10, 12.66667], "texture": "#0"},
				"east": {"uv": [11, 12.33333, 11.33333, 12.66667], "texture": "#0"},
				"south": {"uv": [10, 12.33334, 11.33333, 12.66667], "texture": "#0"},
				"west": {"uv": [10, 12.33334, 10.33333, 12.66667], "texture": "#0"},
				"up": {"uv": [13.33333, 6.33333, 12, 6.66666], "rotation": 180, "texture": "#0"},
				"down": {"uv": [11.33333, 6.33334, 10, 6.66667], "rotation": 180, "texture": "#0"}
			}
		},
		{
			"from": [13, 5, 7.5],
			"to": [16, 6, 8.5],
			"rotation": {"angle": 0, "axis": "y", "origin": [8, 4, 8]},
			"faces": {
				"north": {"uv": [11.66666, 12.66667, 10.66667, 13], "texture": "#0"},
				"east": {"uv": [11.33333, 12.66666, 11.66666, 13], "texture": "#0"},
				"south": {"uv": [10.66667, 12.66667, 11.66666, 13], "texture": "#0"},
				"west": {"uv": [10.66667, 12.66667, 11, 13], "texture": "#0"},
				"up": {"uv": [13.66666, 6.66666, 12.66667, 6.99999], "rotation": 180, "texture": "#0"},
				"down": {"uv": [11.66666, 6.66667, 10.66667, 7], "rotation": 180, "texture": "#0"}
			}
		},
		{
			"from": [9, 6, 7.5],
			"to": [10, 7, 8.5],
			"rotation": {"angle": 0, "axis": "y", "origin": [8, 4, 8]},
			"faces": {
				"north": {"uv": [9.66666, 12.33334, 9.33334, 12.66667], "texture": "#0"},
				"east": {"uv": [9.33333, 12.33333, 9.66666, 12.66667], "texture": "#0"},
				"south": {"uv": [9.33334, 12.33334, 9.66666, 12.66667], "texture": "#0"},
				"west": {"uv": [9.33334, 12.33334, 9.66667, 12.66667], "texture": "#0"},
				"up": {"uv": [9.66666, 12.33333, 9.33334, 12.66666], "rotation": 180, "texture": "#0"},
				"down": {"uv": [9.66666, 12.33334, 9.33334, 12.66667], "rotation": 180, "texture": "#0"}
			}
		},
		{
			"from": [0, 11, 7.9],
			"to": [1, 11.4, 8.1],
			"rotation": {"angle": 0, "axis": "y", "origin": [8, 4, 8]},
			"faces": {
				"north": {"uv": [6.66666, 14.00001, 6.33334, 14.33334], "texture": "#0"},
				"east": {"uv": [6.33333, 14, 6.66666, 14.33334], "texture": "#0"},
				"south": {"uv": [6.33334, 14.00001, 6.66666, 14.33334], "texture": "#0"},
				"west": {"uv": [6.33334, 14.00001, 6.66667, 14.33334], "texture": "#0"},
				"up": {"uv": [6.66666, 14, 6.33334, 14.33333], "rotation": 180, "texture": "#0"},
				"down": {"uv": [6.66666, 14.00001, 6.33334, 14.33334], "rotation": 180, "texture": "#0"}
			}
		},
		{
			"from": [12.5, 11, 8.1],
			"to": [13, 11.4, 8.3],
			"rotation": {"angle": 0, "axis": "y", "origin": [8, 4, 8]},
			"faces": {
				"north": {"uv": [10.66666, 14.00001, 10.33334, 14.33334], "texture": "#0"},
				"east": {"uv": [10.33333, 14, 10.66666, 14.33334], "texture": "#0"},
				"south": {"uv": [10.33334, 14.00001, 10.66666, 14.33334], "texture": "#0"},
				"west": {"uv": [10.33334, 14.00001, 10.66667, 14.33334], "texture": "#0"},
				"up": {"uv": [10.66666, 14, 10.33334, 14.33333], "rotation": 180, "texture": "#0"},
				"down": {"uv": [10.66666, 14.00001, 10.33334, 14.33334], "rotation": 180, "texture": "#0"}
			}
		},
		{
			"from": [12.5, 11, 7.7],
			"to": [13, 11.4, 7.9],
			"rotation": {"angle": 0, "axis": "y", "origin": [8, 4, 8]},
			"faces": {
				"north": {"uv": [10.66666, 14.00001, 10.33334, 14.33334], "texture": "#0"},
				"east": {"uv": [10.33333, 14, 10.66666, 14.33334], "texture": "#0"},
				"south": {"uv": [10.33334, 14.00001, 10.66666, 14.33334], "texture": "#0"},
				"west": {"uv": [10.33334, 14.00001, 10.66667, 14.33334], "texture": "#0"},
				"up": {"uv": [10.66666, 14, 10.33334, 14.33333], "rotation": 180, "texture": "#0"},
				"down": {"uv": [10.66666, 14.00001, 10.33334, 14.33334], "rotation": 180, "texture": "#0"}
			}
		}
	],
	"gui_light": "front",
	"display": {
		"thirdperson_righthand": {
			"rotation": [0, -90, 0],
			"translation": [0, 0.83, -2.65],
			"scale": [0.8, 0.8, 0.8]
		},
		"thirdperson_lefthand": {
			"rotation": [0, 90, 0],
			"translation": [0, 0.83, -2.65],
			"scale": [0.8, 0.8, 0.8]
		},
		"firstperson_righthand": {
			"rotation": [0, -100, 10],
			"translation": [1.127, 3.2, 1.13]
		},
		"firstperson_lefthand": {
			"rotation": [0, -90, 10],
			"translation": [-8.956, 3.2, 0.921],
			"scale": [-1, 1, -1]
		},
		"ground": {
			"translation": [0, 7, 0],
			"scale": [-0.8, 0.8, 0.8]
		},
		"gui": {
			"rotation": [0, 0, -45],
			"translation": [-0.75, 1.3, 0]
		},
		"head": {
			"rotation": [0, 90, 0],
			"translation": [0, 8, -2],
			"scale": [-0.7, 0.7, 0.7]
		},
		"fixed": {
			"rotation": [0, 0, 45],
			"translation": [0.75, 1.3, -1],
			"scale": [-1, 1, 1]
		}
	},
	"groups": [
		{
			"name": "anaconda",
			"origin": [0, 0, 0],
			"color": 0,
			"children": []
		},
		0,
		1,
		2,
		3,
		4,
		5,
		6,
		7,
		8,
		9,
		10,
		11,
		12,
		13,
		14,
		15,
		16
	]
}