{
	"credit": "Daswaget",
	"texture_size": [32, 32],
	"textures": {
		"0": "dswg_weapons_plus/weapon_wall_plus/weapon_wall_plus",
		"1": "dswg_weapons_plus/anaconda/anaconda",
		"particle": "dswg_weapons_plus/weapon_wall_plus/weapon_wall_plus"
	},
	"elements": [
		{
			"from": [5.5, 15.3, 7],
			"to": [7.5, 16.3, 8],
			"rotation": {"angle": 0, "axis": "y", "origin": [7.5, 15.8, 7.5]},
			"faces": {
				"north": {"uv": [9.00001, 12.00001, 9.66666, 12.33334], "texture": "#1"},
				"east": {"uv": [9.00001, 12.00001, 9.33334, 12.33334], "texture": "#1"},
				"south": {"uv": [9.66666, 12.00001, 9.00001, 12.33334], "texture": "#1"},
				"west": {"uv": [9.33333, 12, 9.66666, 12.33334], "texture": "#1"},
				"up": {"uv": [9.66666, 12, 9.00001, 12.33333], "texture": "#1"},
				"down": {"uv": [9.66666, 6.00001, 9.00001, 6.33334], "texture": "#1"}
			}
		},
		{
			"from": [5.5, 16.3, 7],
			"to": [7.5, 17.3, 8],
			"rotation": {"angle": 0, "axis": "y", "origin": [7.5, 15.8, 7.5]},
			"faces": {
				"north": {"uv": [9.00001, 11.66668, 9.66666, 12.00001], "texture": "#1"},
				"east": {"uv": [9.00001, 11.66668, 9.33334, 12.00001], "texture": "#1"},
				"south": {"uv": [9.66666, 11.66668, 9.00001, 12.00001], "texture": "#1"},
				"west": {"uv": [9.33333, 11.66667, 9.66666, 12.00001], "texture": "#1"},
				"up": {"uv": [9.66666, 11.66667, 9.00001, 12], "texture": "#1"},
				"down": {"uv": [9.66666, 11.66668, 9.00001, 12.00001], "texture": "#1"}
			}
		},
		{
			"from": [2.6, 17.005, 7.1],
			"to": [3.6, 19.005, 7.9],
			"rotation": {"angle": 22.5, "axis": "z", "origin": [2.5, 16.8, 7.5]},
			"faces": {
				"north": {"uv": [13.66667, 15.00001, 14.33333, 15.33334], "rotation": 270, "texture": "#1"},
				"east": {"uv": [14.33333, 15, 13.66667, 15.33333], "rotation": 90, "texture": "#1"},
				"south": {"uv": [14.33333, 15.00001, 13.66667, 15.33334], "rotation": 90, "texture": "#1"},
				"west": {"uv": [14.33333, 15.00001, 13.66667, 15.33334], "rotation": 90, "texture": "#1"},
				"up": {"uv": [14, 15, 14.33333, 15.33334], "rotation": 90, "texture": "#1"},
				"down": {"uv": [13.66667, 15.00001, 14, 15.33334], "rotation": 90, "texture": "#1"}
			}
		},
		{
			"from": [3.5, 15.3, 6.5],
			"to": [5.5, 17.3, 8.5],
			"rotation": {"angle": 0, "axis": "y", "origin": [7.5, 15.8, 7.5]},
			"faces": {
				"north": {"uv": [9.66667, 14.66668, 10.33333, 15.33334], "texture": "#1"},
				"east": {"uv": [4.66667, 14.33334, 5.33334, 13.66668], "texture": "#1"},
				"south": {"uv": [10.33333, 15.33334, 9.66667, 14.66668], "texture": "#1"},
				"west": {"uv": [1.66666, 12.66667, 4.33333, 15.33334], "texture": "#1"},
				"up": {"uv": [10.33333, 14.66667, 9.66667, 15.33333], "texture": "#1"},
				"down": {"uv": [10.33333, 14.66668, 9.66667, 15.33334], "texture": "#1"}
			}
		},
		{
			"from": [3.5, 13.3, 7],
			"to": [5.5, 14.3, 8],
			"rotation": {"angle": 0, "axis": "y", "origin": [7.5, 15.8, 7.5]},
			"faces": {
				"north": {"uv": [9.66667, 12.66668, 10.33333, 13.00001], "texture": "#1"},
				"east": {"uv": [9.66667, 12.66668, 10, 13.00001], "texture": "#1"},
				"south": {"uv": [10.33333, 12.66668, 9.66667, 13.00001], "texture": "#1"},
				"west": {"uv": [10, 12.66667, 10.33333, 13.00001], "texture": "#1"},
				"up": {"uv": [10.33333, 12.66667, 9.66667, 13], "texture": "#1"},
				"down": {"uv": [10.33333, 12.66668, 9.66667, 13.00001], "texture": "#1"}
			}
		},
		{
			"from": [-0.5, 11.3, 7],
			"to": [1.5, 13.3, 8],
			"rotation": {"angle": 0, "axis": "y", "origin": [7.5, 15.8, 7.5]},
			"faces": {
				"north": {"uv": [11.00001, 13.00001, 11.66666, 13.66667], "texture": "#1"},
				"east": {"uv": [11.00001, 13.00001, 11.33334, 13.66667], "texture": "#1"},
				"south": {"uv": [11.66666, 13.00001, 11.00001, 13.66667], "texture": "#1"},
				"west": {"uv": [11.33333, 13, 11.66666, 13.66667], "texture": "#1"},
				"up": {"uv": [11.66666, 13, 11.00001, 13.33333], "texture": "#1"},
				"down": {"uv": [11.66666, 13.33334, 11.00001, 13.66667], "texture": "#1"}
			}
		},
		{
			"from": [1.5, 15.3, 7],
			"to": [3.5, 16.3, 8],
			"rotation": {"angle": 0, "axis": "y", "origin": [7.5, 15.8, 7.5]},
			"faces": {
				"north": {"uv": [10.33334, 12.00001, 10.99999, 12.33334], "texture": "#1"},
				"east": {"uv": [10.33334, 12.00001, 10.66667, 12.33334], "texture": "#1"},
				"south": {"uv": [10.99999, 12.00001, 10.33334, 12.33334], "texture": "#1"},
				"west": {"uv": [10.66666, 12, 10.99999, 12.33334], "texture": "#1"},
				"up": {"uv": [10.99999, 12, 10.33334, 12.33333], "texture": "#1"},
				"down": {"uv": [10.99999, 12.00001, 10.33334, 12.33334], "texture": "#1"}
			}
		},
		{
			"from": [1.5, 16.3, 7],
			"to": [3.5, 17.3, 8],
			"rotation": {"angle": 0, "axis": "y", "origin": [7.5, 15.8, 7.5]},
			"faces": {
				"north": {"uv": [10.33334, 11.66668, 10.99999, 12.00001], "texture": "#1"},
				"east": {"uv": [10.33334, 11.66668, 10.66667, 12.00001], "texture": "#1"},
				"south": {"uv": [10.99999, 11.66668, 10.33334, 12.00001], "texture": "#1"},
				"west": {"uv": [10.66666, 11.66667, 10.99999, 12.00001], "texture": "#1"},
				"up": {"uv": [10.99999, 5.66667, 10.33334, 6], "texture": "#1"},
				"down": {"uv": [10.99999, 11.66668, 10.33334, 12.00001], "texture": "#1"}
			}
		},
		{
			"from": [2.5, 17.3, 7],
			"to": [15.5, 18.3, 8],
			"rotation": {"angle": 0, "axis": "y", "origin": [7.5, 15.8, 7.5]},
			"faces": {
				"north": {"uv": [6.33334, 11.33334, 10.66666, 11.66667], "texture": "#1"},
				"east": {"uv": [6.33334, 11.33334, 6.66667, 11.66667], "texture": "#1"},
				"south": {"uv": [10.66666, 11.33334, 6.33334, 11.66667], "texture": "#1"},
				"west": {"uv": [10.33333, 11.33333, 10.66666, 11.66667], "texture": "#1"},
				"up": {"uv": [10.66666, 11.33333, 6.33334, 11.66666], "texture": "#1"},
				"down": {"uv": [10.66666, 11.33334, 6.33334, 11.66667], "texture": "#1"}
			}
		},
		{
			"from": [7.5, 17, 7],
			"to": [15.5, 17.3, 8],
			"rotation": {"angle": 0, "axis": "y", "origin": [7.5, 15.8, 7.5]},
			"faces": {
				"north": {"uv": [10.66667, 15.00001, 13.33333, 15.33334], "texture": "#1"},
				"east": {"uv": [10.66667, 15.00001, 11, 15.33334], "texture": "#1"},
				"south": {"uv": [13.33333, 15.00001, 10.66667, 15.33334], "texture": "#1"},
				"west": {"uv": [13, 15, 13.33333, 15.33334], "texture": "#1"},
				"up": {"uv": [13.33333, 15, 10.66667, 15.33333], "texture": "#1"},
				"down": {"uv": [13.33333, 15.00001, 10.66667, 15.33334], "texture": "#1"}
			}
		},
		{
			"from": [2.5, 18.3, 7],
			"to": [15.5, 19.3, 8],
			"rotation": {"angle": 0, "axis": "y", "origin": [7.5, 15.8, 7.5]},
			"faces": {
				"north": {"uv": [6.33334, 11.00001, 10.66666, 11.33334], "texture": "#1"},
				"east": {"uv": [6.33334, 11.00001, 6.66667, 11.33334], "texture": "#1"},
				"south": {"uv": [10.66666, 11.00001, 6.33334, 11.33334], "texture": "#1"},
				"west": {"uv": [10.33333, 11, 10.66666, 11.33334], "texture": "#1"},
				"up": {"uv": [10.66666, 11, 6.33334, 11.33333], "texture": "#1"},
				"down": {"uv": [10.66666, 11.00001, 6.33334, 11.33334], "texture": "#1"}
			}
		},
		{
			"from": [0.5, 14.3, 7],
			"to": [4.5, 15.3, 8],
			"rotation": {"angle": 0, "axis": "y", "origin": [7.5, 15.8, 7.5]},
			"faces": {
				"north": {"uv": [10, 12.33334, 11.33333, 12.66667], "texture": "#1"},
				"east": {"uv": [10, 12.33334, 10.33333, 12.66667], "texture": "#1"},
				"south": {"uv": [11.33333, 12.33334, 10, 12.66667], "texture": "#1"},
				"west": {"uv": [11, 12.33333, 11.33333, 12.66667], "texture": "#1"},
				"up": {"uv": [13.33333, 6.33333, 12, 6.66666], "texture": "#1"},
				"down": {"uv": [11.33333, 6.33334, 10, 6.66667], "texture": "#1"}
			}
		},
		{
			"from": [-0.5, 13.3, 7],
			"to": [2.5, 14.3, 8],
			"rotation": {"angle": 0, "axis": "y", "origin": [7.5, 15.8, 7.5]},
			"faces": {
				"north": {"uv": [10.66667, 12.66667, 11.66666, 13], "texture": "#1"},
				"east": {"uv": [10.66667, 12.66667, 11, 13], "texture": "#1"},
				"south": {"uv": [11.66666, 12.66667, 10.66667, 13], "texture": "#1"},
				"west": {"uv": [11.33333, 12.66666, 11.66666, 13], "texture": "#1"},
				"up": {"uv": [13.66666, 6.66666, 12.66667, 6.99999], "texture": "#1"},
				"down": {"uv": [11.66666, 6.66667, 10.66667, 7], "texture": "#1"}
			}
		},
		{
			"from": [5.5, 14.3, 7],
			"to": [6.5, 15.3, 8],
			"rotation": {"angle": 0, "axis": "y", "origin": [7.5, 15.8, 7.5]},
			"faces": {
				"north": {"uv": [9.33334, 12.33334, 9.66666, 12.66667], "texture": "#1"},
				"east": {"uv": [9.33334, 12.33334, 9.66667, 12.66667], "texture": "#1"},
				"south": {"uv": [9.66666, 12.33334, 9.33334, 12.66667], "texture": "#1"},
				"west": {"uv": [9.33333, 12.33333, 9.66666, 12.66667], "texture": "#1"},
				"up": {"uv": [9.66666, 12.33333, 9.33334, 12.66666], "texture": "#1"},
				"down": {"uv": [9.66666, 12.33334, 9.33334, 12.66667], "texture": "#1"}
			}
		},
		{
			"from": [14.5, 19.3, 7.4],
			"to": [15.5, 19.7, 7.6],
			"rotation": {"angle": 0, "axis": "y", "origin": [7.5, 15.8, 7.5]},
			"faces": {
				"north": {"uv": [6.33334, 14.00001, 6.66666, 14.33334], "texture": "#1"},
				"east": {"uv": [6.33334, 14.00001, 6.66667, 14.33334], "texture": "#1"},
				"south": {"uv": [6.66666, 14.00001, 6.33334, 14.33334], "texture": "#1"},
				"west": {"uv": [6.33333, 14, 6.66666, 14.33334], "texture": "#1"},
				"up": {"uv": [6.66666, 14, 6.33334, 14.33333], "texture": "#1"},
				"down": {"uv": [6.66666, 14.00001, 6.33334, 14.33334], "texture": "#1"}
			}
		},
		{
			"from": [2.5, 19.3, 7.2],
			"to": [3, 19.7, 7.4],
			"rotation": {"angle": 0, "axis": "y", "origin": [7.5, 15.8, 7.5]},
			"faces": {
				"north": {"uv": [10.33334, 14.00001, 10.66666, 14.33334], "texture": "#1"},
				"east": {"uv": [10.33334, 14.00001, 10.66667, 14.33334], "texture": "#1"},
				"south": {"uv": [10.66666, 14.00001, 10.33334, 14.33334], "texture": "#1"},
				"west": {"uv": [10.33333, 14, 10.66666, 14.33334], "texture": "#1"},
				"up": {"uv": [10.66666, 14, 10.33334, 14.33333], "texture": "#1"},
				"down": {"uv": [10.66666, 14.00001, 10.33334, 14.33334], "texture": "#1"}
			}
		},
		{
			"from": [2.5, 19.3, 7.6],
			"to": [3, 19.7, 7.8],
			"rotation": {"angle": 0, "axis": "y", "origin": [7.5, 15.8, 7.5]},
			"faces": {
				"north": {"uv": [10.33334, 14.00001, 10.66666, 14.33334], "texture": "#1"},
				"east": {"uv": [10.33334, 14.00001, 10.66667, 14.33334], "texture": "#1"},
				"south": {"uv": [10.66666, 14.00001, 10.33334, 14.33334], "texture": "#1"},
				"west": {"uv": [10.33333, 14, 10.66666, 14.33334], "texture": "#1"},
				"up": {"uv": [10.66666, 14, 10.33334, 14.33333], "texture": "#1"},
				"down": {"uv": [10.66666, 14.00001, 10.33334, 14.33334], "texture": "#1"}
			}
		},
		{
			"from": [-8, 8, 8.5],
			"to": [24, 24, 9.5],
			"faces": {
				"north": {"uv": [0, 2.66667, 10.66667, 8], "texture": "#0"},
				"east": {"uv": [0, 2.66667, 0.33333, 8], "texture": "#0"},
				"south": {"uv": [10.66667, 2.66667, 0, 8], "texture": "#0"},
				"west": {"uv": [10.33333, 2.66667, 10.66667, 8], "texture": "#0"},
				"up": {"uv": [10.66667, 12.66667, 0, 12.33333], "texture": "#0"},
				"down": {"uv": [10.66667, 13, 0, 13.33333], "texture": "#0"}
			}
		},
		{
			"from": [-7, 5, 8.5],
			"to": [23, 8, 9.5],
			"faces": {
				"north": {"uv": [0.33333, 8, 10.33333, 9], "texture": "#0"},
				"east": {"uv": [0.33333, 8, 0.66667, 9], "texture": "#0"},
				"south": {"uv": [10.33333, 8, 0.33333, 9], "texture": "#0"},
				"west": {"uv": [10, 8, 10.33333, 9], "texture": "#0"},
				"down": {"uv": [10.33333, 13.33333, 0.33333, 13.66667], "texture": "#0"}
			}
		},
		{
			"from": [-7, 24, 8.5],
			"to": [23, 27, 9.5],
			"faces": {
				"north": {"uv": [0.33333, 1.66667, 10.33333, 2.66667], "texture": "#0"},
				"east": {"uv": [0.33333, 1.66667, 0.66667, 2.66667], "texture": "#0"},
				"south": {"uv": [10.33333, 1.66667, 0.33333, 2.66667], "texture": "#0"},
				"west": {"uv": [10, 1.66667, 10.33333, 2.66667], "texture": "#0"},
				"up": {"uv": [10.33333, 12.33333, 0.33333, 12], "texture": "#0"}
			}
		},
		{
			"from": [-6, 3, 8.5],
			"to": [22, 5, 9.5],
			"faces": {
				"north": {"uv": [0.66667, 9, 10, 9.66667], "texture": "#0"},
				"east": {"uv": [0.66667, 9, 1, 9.66667], "texture": "#0"},
				"south": {"uv": [10, 9, 0.66667, 9.66667], "texture": "#0"},
				"west": {"uv": [9.66667, 9, 10, 9.66667], "texture": "#0"},
				"down": {"uv": [10, 13.66667, 0.66667, 14], "texture": "#0"}
			}
		},
		{
			"from": [-6, 27, 8.5],
			"to": [22, 29, 9.5],
			"faces": {
				"north": {"uv": [0.66667, 1, 10, 1.66667], "texture": "#0"},
				"east": {"uv": [0.66667, 1, 1, 1.66667], "texture": "#0"},
				"south": {"uv": [10, 1, 0.66667, 1.66667], "texture": "#0"},
				"west": {"uv": [9.66667, 1, 10, 1.66667], "texture": "#0"},
				"up": {"uv": [10, 12, 0.66667, 11.66667], "texture": "#0"}
			}
		},
		{
			"from": [-5, 2, 8.5],
			"to": [21, 3, 9.5],
			"faces": {
				"north": {"uv": [1, 9.66667, 9.66667, 10], "texture": "#0"},
				"east": {"uv": [1, 9.66667, 1.33333, 10], "texture": "#0"},
				"south": {"uv": [9.66667, 9.66667, 1, 10], "texture": "#0"},
				"west": {"uv": [9.33333, 9.66667, 9.66667, 10], "texture": "#0"},
				"down": {"uv": [9.66667, 14, 1, 14.33333], "texture": "#0"}
			}
		},
		{
			"from": [-3, 1, 8.5],
			"to": [19, 2, 9.5],
			"faces": {
				"north": {"uv": [1.66667, 10, 9, 10.33333], "texture": "#0"},
				"east": {"uv": [1.66667, 10, 2, 10.33333], "texture": "#0"},
				"south": {"uv": [9, 10, 1.66667, 10.33333], "texture": "#0"},
				"west": {"uv": [8.66667, 10, 9, 10.33333], "texture": "#0"},
				"down": {"uv": [9, 14.33333, 1.66667, 14.66667], "texture": "#0"}
			}
		},
		{
			"from": [-3, 30, 8.5],
			"to": [19, 31, 9.5],
			"faces": {
				"north": {"uv": [1.66667, 0.33333, 9, 0.66667], "texture": "#0"},
				"east": {"uv": [1.66667, 0.33333, 2, 0.66667], "texture": "#0"},
				"south": {"uv": [9, 0.33333, 1.66667, 0.66667], "texture": "#0"},
				"west": {"uv": [8.66667, 0.33333, 9, 0.66667], "texture": "#0"},
				"up": {"uv": [9, 11.33333, 1.66667, 11], "texture": "#0"}
			}
		},
		{
			"from": [-5, 29, 8.5],
			"to": [21, 30, 9.5],
			"faces": {
				"north": {"uv": [1, 0.66667, 9.66667, 1], "texture": "#0"},
				"east": {"uv": [1, 0.66667, 1.33333, 1], "texture": "#0"},
				"south": {"uv": [9.66667, 0.66667, 1, 1], "texture": "#0"},
				"west": {"uv": [9.33333, 0.66667, 9.66667, 1], "texture": "#0"},
				"up": {"uv": [9.66667, 11.66667, 1, 11.33333], "texture": "#0"}
			}
		},
		{
			"from": [0, 0, 8.5],
			"to": [16, 1, 9.5],
			"faces": {
				"north": {"uv": [2.66667, 10.33333, 8, 10.66667], "texture": "#0"},
				"east": {"uv": [2.66667, 10.33333, 3, 10.66667], "texture": "#0"},
				"south": {"uv": [8, 10.33333, 2.66667, 10.66667], "texture": "#0"},
				"west": {"uv": [7.66667, 10.33333, 8, 10.66667], "texture": "#0"},
				"down": {"uv": [8, 10.33333, 2.66667, 10.66667], "texture": "#0"}
			}
		},
		{
			"from": [0, 31, 8.5],
			"to": [16, 32, 9.5],
			"faces": {
				"north": {"uv": [2.66667, 0, 8, 0.33333], "texture": "#0"},
				"east": {"uv": [2.66667, 0, 3, 0.33333], "texture": "#0"},
				"south": {"uv": [8, 0, 2.66667, 0.33333], "texture": "#0"},
				"west": {"uv": [7.66667, 0, 8, 0.33333], "texture": "#0"},
				"up": {"uv": [8, 0.33333, 2.66667, 0], "texture": "#0"}
			}
		},
		{
			"from": [7.5, 17, 6],
			"to": [8.5, 19, 7],
			"rotation": {"angle": 0, "axis": "y", "origin": [8, 27.75, 8]},
			"faces": {
				"north": {"uv": [14.66667, 6.66667, 15, 7.33333], "texture": "#0"},
				"east": {"uv": [14.66667, 6.66667, 15, 7.33333], "texture": "#0"},
				"south": {"uv": [14.66667, 6.66667, 15, 7.33333], "texture": "#0"},
				"west": {"uv": [15, 6.66667, 14.66667, 7.33333], "texture": "#0"},
				"up": {"uv": [14.66667, 6.66667, 15, 7], "texture": "#0"},
				"down": {"uv": [14.66667, 7.33333, 15, 7], "texture": "#0"}
			}
		},
		{
			"from": [7.5, 16, 6],
			"to": [8.5, 17, 9],
			"rotation": {"angle": 0, "axis": "y", "origin": [8, 27.75, 8]},
			"faces": {
				"north": {"uv": [14.66666, 7.33334, 14.99999, 7.66667], "texture": "#0"},
				"east": {"uv": [12.33333, 11.33333, 11.33333, 11.66666], "texture": "#0"},
				"south": {"uv": [14.66666, 6.66667, 14.99999, 7], "texture": "#0"},
				"west": {"uv": [11.33333, 11.33333, 12.33333, 11.66666], "texture": "#0"},
				"up": {"uv": [14.66666, 7.66667, 14.99999, 6.66667], "texture": "#0"},
				"down": {"uv": [14.66666, 6.66667, 14.99999, 7.66667], "texture": "#0"}
			}
		}
	],
	"gui_light": "front",
	"display": {
		"thirdperson_righthand": {
			"rotation": [0, -180, 0],
			"translation": [0, 1.25, 1.25],
			"scale": [0.4, 0.4, 0.4]
		},
		"thirdperson_lefthand": {
			"rotation": [0, -180, 0],
			"translation": [0, 1.25, 1.25],
			"scale": [0.4, 0.4, 0.4]
		},
		"firstperson_righthand": {
			"rotation": [0, 135, 0],
			"translation": [2, -2, 0.5],
			"scale": [0.4, 0.4, 0.4]
		},
		"firstperson_lefthand": {
			"rotation": [0, 135, 0],
			"translation": [2, -2, 0.5],
			"scale": [0.4, 0.4, 0.4]
		},
		"ground": {
			"translation": [0, 1, 0],
			"scale": [0.4, 0.4, 0.4]
		},
		"gui": {
			"translation": [0, -4, 0],
			"scale": [-0.5, 0.5, -0.5]
		},
		"head": {
			"rotation": [90, 0, 0],
			"translation": [0, 7, -4],
			"scale": [0.5, 0.5, 0.5]
		},
		"fixed": {
			"translation": [0, -14.4, -1.9],
			"scale": [1.6, 1.6, 1.6]
		}
	},
	"groups": [
		{
			"name": "weapon",
			"origin": [0, 0, 0],
			"color": 0,
			"children": [0, 1, 2, 3, 4, 5, 6, 7, 8, 9, 10, 11, 12, 13, 14, 15, 16]
		},
		{
			"name": "wall",
			"origin": [0, 0, 0],
			"color": 0,
			"children": [17, 18, 19, 20, 21, 22, 23, 24, 25, 26, 27]
		},
		{
			"name": "wall2",
			"origin": [8, 27.5, 8],
			"color": 0,
			"children": [28, 29]
		}
	]
}