﻿{
	"credit": "Daswaget",
	"texture_size": [32, 32],
	"textures": {
		"0": "dswg_weapons_plus/anaconda/anaconda"
	},
	"elements": [
		{
			"from": [6, 3.5, 7.5],
			"to": [8, 4.5, 8.5],
			"rotation": {"angle": 0, "axis": "y", "origin": [8, 4, 8]},
			"faces": {
				"north": {"uv": [9.00001, 12.00001, 9.66666, 12.33334], "texture": "#0"},
				"east": {"uv": [9.00001, 12.00001, 9.33334, 12.33334], "texture": "#0"},
				"south": {"uv": [9.66666, 12.00001, 9.00001, 12.33334], "texture": "#0"},
				"west": {"uv": [9.33333, 12, 9.66666, 12.33334], "texture": "#0"},
				"up": {"uv": [9.66666, 12, 9.00001, 12.33333], "texture": "#0"},
				"down": {"uv": [9.66666, 6.00001, 9.00001, 6.33334], "texture": "#0"}
			}
		},
		{
			"from": [6, 4.5, 7.5],
			"to": [8, 5.5, 8.5],
			"rotation": {"angle": 0, "axis": "y", "origin": [8, 4, 8]},
			"faces": {
				"north": {"uv": [9.00001, 11.66668, 9.66666, 12.00001], "texture": "#0"},
				"east": {"uv": [9.00001, 11.66668, 9.33334, 12.00001], "texture": "#0"},
				"south": {"uv": [9.66666, 11.66668, 9.00001, 12.00001], "texture": "#0"},
				"west": {"uv": [9.33333, 11.66667, 9.66666, 12.00001], "texture": "#0"},
				"up": {"uv": [9.66666, 11.66667, 9.00001, 12], "texture": "#0"},
				"down": {"uv": [9.66666, 11.66668, 9.00001, 12.00001], "texture": "#0"}
			}
		},
		{
			"from": [1.25, 4.75, 7.6],
			"to": [3.25, 5.75, 8.4],
			"rotation": {"angle": -45, "axis": "z", "origin": [4, 5, 8]},
			"faces": {
				"north": {"uv": [13.66667, 15.00001, 14.33333, 15.33334], "texture": "#0"},
				"east": {"uv": [13.66667, 15.00001, 14, 15.33334], "texture": "#0"},
				"south": {"uv": [14.33333, 15.00001, 13.66667, 15.33334], "texture": "#0"},
				"west": {"uv": [14, 15, 14.33333, 15.33334], "texture": "#0"},
				"up": {"uv": [14.33333, 15, 13.66667, 15.33333], "texture": "#0"},
				"down": {"uv": [14.33333, 15.00001, 13.66667, 15.33334], "texture": "#0"}
			}
		},
		{
			"from": [4, 3.5, 7],
			"to": [6, 5.5, 9],
			"rotation": {"angle": -22.5, "axis": "x", "origin": [5, 4.5, 8]},
			"faces": {
				"north": {"uv": [9.66667, 14.66668, 10.33333, 15.33334], "texture": "#0"},
				"east": {"uv": [4.66667, 14.33334, 5.33334, 13.66668], "texture": "#0"},
				"south": {"uv": [10.33333, 15.33334, 9.66667, 14.66668], "texture": "#0"},
				"west": {"uv": [1.66666, 12.66667, 4.33333, 15.33334], "texture": "#0"},
				"up": {"uv": [10.33333, 14.66667, 9.66667, 15.33333], "texture": "#0"},
				"down": {"uv": [10.33333, 14.66668, 9.66667, 15.33334], "texture": "#0"}
			}
		},
		{
			"from": [4, 1.5, 7.5],
			"to": [6, 2.5, 8.5],
			"rotation": {"angle": 0, "axis": "y", "origin": [8, 4, 8]},
			"faces": {
				"north": {"uv": [9.66667, 12.66668, 10.33333, 13.00001], "texture": "#0"},
				"east": {"uv": [9.66667, 12.66668, 10, 13.00001], "texture": "#0"},
				"south": {"uv": [10.33333, 12.66668, 9.66667, 13.00001], "texture": "#0"},
				"west": {"uv": [10, 12.66667, 10.33333, 13.00001], "texture": "#0"},
				"up": {"uv": [10.33333, 12.66667, 9.66667, 13], "texture": "#0"},
				"down": {"uv": [10.33333, 12.66668, 9.66667, 13.00001], "texture": "#0"}
			}
		},
		{
			"from": [0, -0.5, 7.5],
			"to": [2, 1.5, 8.5],
			"rotation": {"angle": 0, "axis": "y", "origin": [8, 4, 8]},
			"faces": {
				"north": {"uv": [11.00001, 13.00001, 11.66666, 13.66667], "texture": "#0"},
				"east": {"uv": [11.00001, 13.00001, 11.33334, 13.66667], "texture": "#0"},
				"south": {"uv": [11.66666, 13.00001, 11.00001, 13.66667], "texture": "#0"},
				"west": {"uv": [11.33333, 13, 11.66666, 13.66667], "texture": "#0"},
				"up": {"uv": [11.66666, 13, 11.00001, 13.33333], "texture": "#0"},
				"down": {"uv": [11.66666, 13.33334, 11.00001, 13.66667], "texture": "#0"}
			}
		},
		{
			"from": [2, 3.5, 7.5],
			"to": [4, 4.5, 8.5],
			"rotation": {"angle": 0, "axis": "y", "origin": [8, 4, 8]},
			"faces": {
				"north": {"uv": [10.33334, 12.00001, 10.99999, 12.33334], "texture": "#0"},
				"east": {"uv": [10.33334, 12.00001, 10.66667, 12.33334], "texture": "#0"},
				"south": {"uv": [10.99999, 12.00001, 10.33334, 12.33334], "texture": "#0"},
				"west": {"uv": [10.66666, 12, 10.99999, 12.33334], "texture": "#0"},
				"up": {"uv": [10.99999, 12, 10.33334, 12.33333], "texture": "#0"},
				"down": {"uv": [10.99999, 12.00001, 10.33334, 12.33334], "texture": "#0"}
			}
		},
		{
			"from": [2, 4.5, 7.5],
			"to": [4, 5.5, 8.5],
			"rotation": {"angle": 0, "axis": "y", "origin": [8, 4, 8]},
			"faces": {
				"north": {"uv": [10.33334, 11.66668, 10.99999, 12.00001], "texture": "#0"},
				"east": {"uv": [10.33334, 11.66668, 10.66667, 12.00001], "texture": "#0"},
				"south": {"uv": [10.99999, 11.66668, 10.33334, 12.00001], "texture": "#0"},
				"west": {"uv": [10.66666, 11.66667, 10.99999, 12.00001], "texture": "#0"},
				"up": {"uv": [10.99999, 5.66667, 10.33334, 6], "texture": "#0"},
				"down": {"uv": [10.99999, 11.66668, 10.33334, 12.00001], "texture": "#0"}
			}
		},
		{
			"from": [3, 5.5, 7.5],
			"to": [16, 6.5, 8.5],
			"rotation": {"angle": 0, "axis": "y", "origin": [8, 4, 8]},
			"faces": {
				"north": {"uv": [6.33334, 11.33334, 10.66666, 11.66667], "texture": "#0"},
				"east": {"uv": [6.33334, 11.33334, 6.66667, 11.66667], "texture": "#0"},
				"south": {"uv": [10.66666, 11.33334, 6.33334, 11.66667], "texture": "#0"},
				"west": {"uv": [10.33333, 11.33333, 10.66666, 11.66667], "texture": "#0"},
				"up": {"uv": [10.66666, 11.33333, 6.33334, 11.66666], "texture": "#0"},
				"down": {"uv": [10.66666, 11.33334, 6.33334, 11.66667], "texture": "#0"}
			}
		},
		{
			"from": [8, 5.2, 7.5],
			"to": [16, 5.5, 8.5],
			"rotation": {"angle": 0, "axis": "y", "origin": [8, 4, 8]},
			"faces": {
				"north": {"uv": [10.66667, 15.00001, 13.33333, 15.33334], "texture": "#0"},
				"east": {"uv": [10.66667, 15.00001, 11, 15.33334], "texture": "#0"},
				"south": {"uv": [13.33333, 15.00001, 10.66667, 15.33334], "texture": "#0"},
				"west": {"uv": [13, 15, 13.33333, 15.33334], "texture": "#0"},
				"up": {"uv": [13.33333, 15, 10.66667, 15.33333], "texture": "#0"},
				"down": {"uv": [13.33333, 15.00001, 10.66667, 15.33334], "texture": "#0"}
			}
		},
		{
			"from": [3, 6.5, 7.5],
			"to": [16, 7.5, 8.5],
			"rotation": {"angle": 0, "axis": "y", "origin": [8, 4, 8]},
			"faces": {
				"north": {"uv": [6.33334, 11.00001, 10.66666, 11.33334], "texture": "#0"},
				"east": {"uv": [6.33334, 11.00001, 6.66667, 11.33334], "texture": "#0"},
				"south": {"uv": [10.66666, 11.00001, 6.33334, 11.33334], "texture": "#0"},
				"west": {"uv": [10.33333, 11, 10.66666, 11.33334], "texture": "#0"},
				"up": {"uv": [10.66666, 11, 6.33334, 11.33333], "texture": "#0"},
				"down": {"uv": [10.66666, 11.00001, 6.33334, 11.33334], "texture": "#0"}
			}
		},
		{
			"from": [1, 2.5, 7.5],
			"to": [5, 3.5, 8.5],
			"rotation": {"angle": 0, "axis": "y", "origin": [8, 4, 8]},
			"faces": {
				"north": {"uv": [10, 12.33334, 11.33333, 12.66667], "texture": "#0"},
				"east": {"uv": [10, 12.33334, 10.33333, 12.66667], "texture": "#0"},
				"south": {"uv": [11.33333, 12.33334, 10, 12.66667], "texture": "#0"},
				"west": {"uv": [11, 12.33333, 11.33333, 12.66667], "texture": "#0"},
				"up": {"uv": [13.33333, 6.33333, 12, 6.66666], "texture": "#0"},
				"down": {"uv": [11.33333, 6.33334, 10, 6.66667], "texture": "#0"}
			}
		},
		{
			"from": [0, 1.5, 7.5],
			"to": [3, 2.5, 8.5],
			"rotation": {"angle": 0, "axis": "y", "origin": [8, 4, 8]},
			"faces": {
				"north": {"uv": [10.66667, 12.66667, 11.66666, 13], "texture": "#0"},
				"east": {"uv": [10.66667, 12.66667, 11, 13], "texture": "#0"},
				"south": {"uv": [11.66666, 12.66667, 10.66667, 13], "texture": "#0"},
				"west": {"uv": [11.33333, 12.66666, 11.66666, 13], "texture": "#0"},
				"up": {"uv": [13.66666, 6.66666, 12.66667, 6.99999], "texture": "#0"},
				"down": {"uv": [11.66666, 6.66667, 10.66667, 7], "texture": "#0"}
			}
		},
		{
			"from": [6, 2.5, 7.5],
			"to": [7, 3.5, 8.5],
			"rotation": {"angle": 0, "axis": "y", "origin": [8, 4, 8]},
			"faces": {
				"north": {"uv": [9.33334, 12.33334, 9.66666, 12.66667], "texture": "#0"},
				"east": {"uv": [9.33334, 12.33334, 9.66667, 12.66667], "texture": "#0"},
				"south": {"uv": [9.66666, 12.33334, 9.33334, 12.66667], "texture": "#0"},
				"west": {"uv": [9.33333, 12.33333, 9.66666, 12.66667], "texture": "#0"},
				"up": {"uv": [9.66666, 12.33333, 9.33334, 12.66666], "texture": "#0"},
				"down": {"uv": [9.66666, 12.33334, 9.33334, 12.66667], "texture": "#0"}
			}
		},
		{
			"from": [15, 7.5, 7.9],
			"to": [16, 7.9, 8.1],
			"rotation": {"angle": 0, "axis": "y", "origin": [8, 4, 8]},
			"faces": {
				"north": {"uv": [6.33334, 14.00001, 6.66666, 14.33334], "texture": "#0"},
				"east": {"uv": [6.33334, 14.00001, 6.66667, 14.33334], "texture": "#0"},
				"south": {"uv": [6.66666, 14.00001, 6.33334, 14.33334], "texture": "#0"},
				"west": {"uv": [6.33333, 14, 6.66666, 14.33334], "texture": "#0"},
				"up": {"uv": [6.66666, 14, 6.33334, 14.33333], "texture": "#0"},
				"down": {"uv": [6.66666, 14.00001, 6.33334, 14.33334], "texture": "#0"}
			}
		},
		{
			"from": [3, 7.5, 7.7],
			"to": [3.5, 7.9, 7.9],
			"rotation": {"angle": 0, "axis": "y", "origin": [8, 4, 8]},
			"faces": {
				"north": {"uv": [10.33334, 14.00001, 10.66666, 14.33334], "texture": "#0"},
				"east": {"uv": [10.33334, 14.00001, 10.66667, 14.33334], "texture": "#0"},
				"south": {"uv": [10.66666, 14.00001, 10.33334, 14.33334], "texture": "#0"},
				"west": {"uv": [10.33333, 14, 10.66666, 14.33334], "texture": "#0"},
				"up": {"uv": [10.66666, 14, 10.33334, 14.33333], "texture": "#0"},
				"down": {"uv": [10.66666, 14.00001, 10.33334, 14.33334], "texture": "#0"}
			}
		},
		{
			"from": [3, 7.5, 8.1],
			"to": [3.5, 7.9, 8.3],
			"rotation": {"angle": 0, "axis": "y", "origin": [8, 4, 8]},
			"faces": {
				"north": {"uv": [10.33334, 14.00001, 10.66666, 14.33334], "texture": "#0"},
				"east": {"uv": [10.33334, 14.00001, 10.66667, 14.33334], "texture": "#0"},
				"south": {"uv": [10.66666, 14.00001, 10.33334, 14.33334], "texture": "#0"},
				"west": {"uv": [10.33333, 14, 10.66666, 14.33334], "texture": "#0"},
				"up": {"uv": [10.66666, 14, 10.33334, 14.33333], "texture": "#0"},
				"down": {"uv": [10.66666, 14.00001, 10.33334, 14.33334], "texture": "#0"}
			}
		}
	],
	"gui_light": "front",
	"display": {
		"thirdperson_righthand": {
			"rotation": [0, 90, 0],
			"translation": [0, 3.65, -2.65],
			"scale": [0.8, 0.8, 0.8]
		},
		"thirdperson_lefthand": {
			"rotation": [0, -90, 0],
			"translation": [0, 3.65, -2.65],
			"scale": [0.8, 0.8, 0.8]
		},
		"firstperson_righthand": {
			"rotation": [0, 75, 0],
			"translation": [-1.5, 6.25, 0]
		},
		"firstperson_lefthand": {
			"rotation": [0, 75, 0],
			"translation": [-1.5, 6.25, 0],
			"scale": [-1, 1, -1]
		},
		"ground": {
			"translation": [0, 8.5, 0],
			"scale": [0.8, 0.8, 0.8]
		},
		"gui": {
			"rotation": [0, 0, -45],
			"translation": [1.75, 3.75, 0],
			"scale": [-1, 1, -1]
		},
		"head": {
			"rotation": [0, 90, 0],
			"translation": [0, 10.5, -2],
			"scale": [0.7, 0.7, 0.7]
		},
		"fixed": {
			"rotation": [0, 0, 45],
			"translation": [-1.75, 3.75, -1]
		}
	},
	"groups": [
		{
			"name": "anaconda",
			"origin": [0, 0, 0],
			"color": 0,
			"children": []
		},
		0,
		1,
		2,
		3,
		4,
		5,
		6,
		7,
		8,
		9,
		10,
		11,
		12,
		13,
		14,
		15,
		16
	]
}