{
	"credit": "Daswaget",
	"texture_size": [32, 32],
	"textures": {
		"0": "dswg_weapons_plus/baseball_bat/baseball_bat",
		"particle": "dswg_weapons_plus/baseball_bat/baseball_bat_nails_particle"
	},
	"elements": [
		{
			"from": [7, 0, 7],
			"to": [9, 10, 9],
			"faces": {
				"north": {"uv": [7.5, 9, 8.5, 14], "texture": "#0"},
				"east": {"uv": [8.5, 9, 7.5, 14], "texture": "#0"},
				"south": {"uv": [7.5, 9, 8.5, 14], "texture": "#0"},
				"west": {"uv": [8.5, 9, 7.5, 14], "texture": "#0"},
				"up": {"uv": [11, 9.5, 10, 10.5], "texture": "#0"},
				"down": {"uv": [11, 11, 10, 12], "texture": "#0"}
			}
		},
		{
			"from": [7.25, 24.25, 4.5],
			"to": [8.25, 25.25, 7.5],
			"rotation": {"angle": 0, "axis": "y", "origin": [10.5, 15.5, 3.5]},
			"faces": {
				"north": {"uv": [4, 7, 3.5, 7.5], "texture": "#0"},
				"east": {"uv": [5, 7, 3.5, 7.5], "texture": "#0"},
				"south": {"uv": [5, 7, 4.5, 7.5], "texture": "#0"},
				"west": {"uv": [3.5, 7, 5, 7.5], "texture": "#0"},
				"up": {"uv": [5, 7, 3.5, 7.5], "rotation": 270, "texture": "#0"},
				"down": {"uv": [5, 7, 3.5, 7.5], "rotation": 90, "texture": "#0"}
			}
		},
		{
			"from": [8.25, 22, 4],
			"to": [9.25, 23, 7],
			"rotation": {"angle": 0, "axis": "y", "origin": [10.5, 15.5, 3.5]},
			"faces": {
				"north": {"uv": [4, 7, 3.5, 7.5], "texture": "#0"},
				"east": {"uv": [5, 7, 3.5, 7.5], "texture": "#0"},
				"south": {"uv": [5, 7, 4.5, 7.5], "texture": "#0"},
				"west": {"uv": [3.5, 7, 5, 7.5], "texture": "#0"},
				"up": {"uv": [5, 7, 3.5, 7.5], "rotation": 270, "texture": "#0"},
				"down": {"uv": [5, 7, 3.5, 7.5], "rotation": 90, "texture": "#0"}
			}
		},
		{
			"from": [7.5, 17.75, 5],
			"to": [8.5, 18.75, 8],
			"rotation": {"angle": 0, "axis": "y", "origin": [10.5, 15.5, 3.5]},
			"faces": {
				"north": {"uv": [4, 7, 3.5, 7.5], "texture": "#0"},
				"east": {"uv": [5, 7, 3.5, 7.5], "texture": "#0"},
				"south": {"uv": [5, 7, 4.5, 7.5], "texture": "#0"},
				"west": {"uv": [3.5, 7, 5, 7.5], "texture": "#0"},
				"up": {"uv": [5, 7, 3.5, 7.5], "rotation": 270, "texture": "#0"},
				"down": {"uv": [5, 7, 3.5, 7.5], "rotation": 90, "texture": "#0"}
			}
		},
		{
			"from": [6.5, 20, 4.75],
			"to": [7.5, 21, 7.75],
			"rotation": {"angle": 0, "axis": "y", "origin": [10.5, 15.5, 3.5]},
			"faces": {
				"north": {"uv": [4, 7, 3.5, 7.5], "texture": "#0"},
				"east": {"uv": [5, 7, 3.5, 7.5], "texture": "#0"},
				"south": {"uv": [5, 7, 4.5, 7.5], "texture": "#0"},
				"west": {"uv": [3.5, 7, 5, 7.5], "texture": "#0"},
				"up": {"uv": [5, 7, 3.5, 7.5], "rotation": 270, "texture": "#0"},
				"down": {"uv": [5, 7, 3.5, 7.5], "rotation": 90, "texture": "#0"}
			}
		},
		{
			"from": [4.5, 24.25, 7.75],
			"to": [7.5, 25.25, 8.75],
			"rotation": {"angle": 0, "axis": "y", "origin": [4.5, 20.5, 6]},
			"faces": {
				"north": {"uv": [5, 7, 3.5, 7.5], "texture": "#0"},
				"east": {"uv": [5, 7, 4.5, 7.5], "texture": "#0"},
				"south": {"uv": [3.5, 7, 5, 7.5], "texture": "#0"},
				"west": {"uv": [4, 7, 3.5, 7.5], "texture": "#0"},
				"up": {"uv": [5, 7, 3.5, 7.5], "rotation": 180, "texture": "#0"},
				"down": {"uv": [5, 7, 3.5, 7.5], "rotation": 180, "texture": "#0"}
			}
		},
		{
			"from": [4, 22, 6.75],
			"to": [7, 23, 7.75],
			"rotation": {"angle": 0, "axis": "y", "origin": [4.5, 20.5, 6]},
			"faces": {
				"north": {"uv": [5, 7, 3.5, 7.5], "texture": "#0"},
				"east": {"uv": [5, 7, 4.5, 7.5], "texture": "#0"},
				"south": {"uv": [3.5, 7, 5, 7.5], "texture": "#0"},
				"west": {"uv": [4, 7, 3.5, 7.5], "texture": "#0"},
				"up": {"uv": [5, 7, 3.5, 7.5], "rotation": 180, "texture": "#0"},
				"down": {"uv": [5, 7, 3.5, 7.5], "rotation": 180, "texture": "#0"}
			}
		},
		{
			"from": [4.75, 20, 8.5],
			"to": [7.75, 21, 9.5],
			"rotation": {"angle": 0, "axis": "y", "origin": [4.5, 20.5, 6]},
			"faces": {
				"north": {"uv": [5, 7, 3.5, 7.5], "texture": "#0"},
				"east": {"uv": [5, 7, 4.5, 7.5], "texture": "#0"},
				"south": {"uv": [3.5, 7, 5, 7.5], "texture": "#0"},
				"west": {"uv": [4, 7, 3.5, 7.5], "texture": "#0"},
				"up": {"uv": [5, 7, 3.5, 7.5], "rotation": 180, "texture": "#0"},
				"down": {"uv": [5, 7, 3.5, 7.5], "rotation": 180, "texture": "#0"}
			}
		},
		{
			"from": [5, 17.75, 7.5],
			"to": [8, 18.75, 8.5],
			"rotation": {"angle": 0, "axis": "y", "origin": [4.5, 20.5, 6]},
			"faces": {
				"north": {"uv": [5, 7, 3.5, 7.5], "texture": "#0"},
				"east": {"uv": [5, 7, 4.5, 7.5], "texture": "#0"},
				"south": {"uv": [3.5, 7, 5, 7.5], "texture": "#0"},
				"west": {"uv": [4, 7, 3.5, 7.5], "texture": "#0"},
				"up": {"uv": [5, 7, 3.5, 7.5], "rotation": 180, "texture": "#0"},
				"down": {"uv": [5, 7, 3.5, 7.5], "rotation": 180, "texture": "#0"}
			}
		},
		{
			"from": [7.75, 24.25, 8.5],
			"to": [8.75, 25.25, 11.5],
			"rotation": {"angle": 0, "axis": "y", "origin": [4.5, 20.5, 6]},
			"faces": {
				"north": {"uv": [5, 7, 4.5, 7.5], "texture": "#0"},
				"east": {"uv": [3.5, 7, 5, 7.5], "texture": "#0"},
				"south": {"uv": [4, 7, 3.5, 7.5], "texture": "#0"},
				"west": {"uv": [3.5, 7, 5, 7.5], "texture": "#0"},
				"up": {"uv": [5, 7, 3.5, 7.5], "rotation": 90, "texture": "#0"},
				"down": {"uv": [5, 7, 3.5, 7.5], "rotation": 270, "texture": "#0"}
			}
		},
		{
			"from": [8.5, 20, 8.25],
			"to": [9.5, 21, 11.25],
			"rotation": {"angle": 0, "axis": "y", "origin": [4.5, 20.5, 6]},
			"faces": {
				"north": {"uv": [5, 7, 4.5, 7.5], "texture": "#0"},
				"east": {"uv": [3.5, 7, 5, 7.5], "texture": "#0"},
				"south": {"uv": [4, 7, 3.5, 7.5], "texture": "#0"},
				"west": {"uv": [5, 7, 3.5, 7.5], "texture": "#0"},
				"up": {"uv": [5, 7, 3.5, 7.5], "rotation": 90, "texture": "#0"},
				"down": {"uv": [5, 7, 3.5, 7.5], "rotation": 270, "texture": "#0"}
			}
		},
		{
			"from": [7.5, 17.75, 8],
			"to": [8.5, 18.75, 11],
			"rotation": {"angle": 0, "axis": "y", "origin": [4.5, 20.5, 6]},
			"faces": {
				"north": {"uv": [5, 7, 4.5, 7.5], "texture": "#0"},
				"east": {"uv": [3.5, 7, 5, 7.5], "texture": "#0"},
				"south": {"uv": [4, 7, 3.5, 7.5], "texture": "#0"},
				"west": {"uv": [5, 7, 3.5, 7.5], "texture": "#0"},
				"up": {"uv": [5, 7, 3.5, 7.5], "rotation": 90, "texture": "#0"},
				"down": {"uv": [5, 7, 3.5, 7.5], "rotation": 270, "texture": "#0"}
			}
		},
		{
			"from": [6.75, 22, 9],
			"to": [7.75, 23, 12],
			"rotation": {"angle": 0, "axis": "y", "origin": [4.5, 20.5, 6]},
			"faces": {
				"north": {"uv": [5, 7, 4.5, 7.5], "texture": "#0"},
				"east": {"uv": [3.5, 7, 5, 7.5], "texture": "#0"},
				"south": {"uv": [4, 7, 3.5, 7.5], "texture": "#0"},
				"west": {"uv": [5, 7, 3.5, 7.5], "texture": "#0"},
				"up": {"uv": [5, 7, 3.5, 7.5], "rotation": 90, "texture": "#0"},
				"down": {"uv": [5, 7, 3.5, 7.5], "rotation": 270, "texture": "#0"}
			}
		},
		{
			"from": [8.5, 20, 6.5],
			"to": [11.5, 21, 7.5],
			"faces": {
				"north": {"uv": [3.5, 7, 5, 7.5], "texture": "#0"},
				"east": {"uv": [4, 7, 3.5, 7.5], "texture": "#0"},
				"south": {"uv": [5, 7, 3.5, 7.5], "texture": "#0"},
				"west": {"uv": [5, 7, 4.5, 7.5], "texture": "#0"},
				"up": {"uv": [5, 7, 3.5, 7.5], "texture": "#0"},
				"down": {"uv": [5, 7, 3.5, 7.5], "texture": "#0"}
			}
		},
		{
			"from": [8, 17.75, 7.5],
			"to": [11, 18.75, 8.5],
			"faces": {
				"north": {"uv": [3.5, 7, 5, 7.5], "texture": "#0"},
				"east": {"uv": [4, 7, 3.5, 7.5], "texture": "#0"},
				"south": {"uv": [5, 7, 3.5, 7.5], "texture": "#0"},
				"west": {"uv": [5, 7, 4.5, 7.5], "texture": "#0"},
				"up": {"uv": [5, 7, 3.5, 7.5], "texture": "#0"},
				"down": {"uv": [5, 7, 3.5, 7.5], "texture": "#0"}
			}
		},
		{
			"from": [9, 22, 8.25],
			"to": [12, 23, 9.25],
			"faces": {
				"north": {"uv": [3.5, 7, 5, 7.5], "texture": "#0"},
				"east": {"uv": [4, 7, 3.5, 7.5], "texture": "#0"},
				"south": {"uv": [5, 7, 3.5, 7.5], "texture": "#0"},
				"west": {"uv": [5, 7, 4.5, 7.5], "texture": "#0"},
				"up": {"uv": [5, 7, 3.5, 7.5], "texture": "#0"},
				"down": {"uv": [5, 7, 3.5, 7.5], "texture": "#0"}
			}
		},
		{
			"from": [8.5, 24.25, 7.25],
			"to": [11.5, 25.25, 8.25],
			"faces": {
				"north": {"uv": [3.5, 7, 5, 7.5], "texture": "#0"},
				"east": {"uv": [4, 7, 3.5, 7.5], "texture": "#0"},
				"south": {"uv": [5, 7, 3.5, 7.5], "texture": "#0"},
				"west": {"uv": [5, 7, 4.5, 7.5], "texture": "#0"},
				"up": {"uv": [5, 7, 3.5, 7.5], "texture": "#0"},
				"down": {"uv": [5, 7, 3.5, 7.5], "texture": "#0"}
			}
		},
		{
			"from": [6, 13, 6],
			"to": [10, 26, 10],
			"faces": {
				"north": {"uv": [7, 1, 9, 7.5], "texture": "#0"},
				"east": {"uv": [9, 1, 7, 7.5], "texture": "#0"},
				"south": {"uv": [7, 1, 9, 7.5], "texture": "#0"},
				"west": {"uv": [9, 1, 7, 7.5], "texture": "#0"},
				"up": {"uv": [11.5, 5.5, 13.5, 7.5], "texture": "#0"},
				"down": {"uv": [13.5, 8, 11.5, 10], "texture": "#0"}
			}
		},
		{
			"from": [6.5, 10, 6.5],
			"to": [9.5, 13, 9.5],
			"faces": {
				"north": {"uv": [7, 7.5, 8.5, 9], "texture": "#0"},
				"east": {"uv": [7, 7.5, 8.5, 9], "texture": "#0"},
				"south": {"uv": [8.5, 7.5, 7, 9], "texture": "#0"},
				"west": {"uv": [7, 7.5, 8.5, 9], "texture": "#0"},
				"up": {"uv": [13, 10.5, 11.5, 12], "texture": "#0"},
				"down": {"uv": [13, 10.5, 11.5, 12], "texture": "#0"}
			}
		},
		{
			"from": [6.75, -2, 6.75],
			"to": [9.25, 0, 9.25],
			"faces": {
				"north": {"uv": [7, 14, 8.5, 15], "texture": "#0"},
				"east": {"uv": [7, 14, 8.5, 15], "texture": "#0"},
				"south": {"uv": [8.5, 14, 7, 15], "texture": "#0"},
				"west": {"uv": [7, 14, 8.5, 15], "texture": "#0"},
				"up": {"uv": [13, 10.5, 11.5, 12], "texture": "#0"},
				"down": {"uv": [13, 12.5, 11.5, 14], "texture": "#0"}
			}
		},
		{
			"from": [6.5, 26, 6.5],
			"to": [9.5, 27, 9.5],
			"faces": {
				"north": {"uv": [7, 0.5, 8.5, 1], "texture": "#0"},
				"east": {"uv": [7, 0.5, 8.5, 1], "texture": "#0"},
				"south": {"uv": [8.5, 0.5, 7, 1], "texture": "#0"},
				"west": {"uv": [7, 0.5, 8.5, 1], "texture": "#0"},
				"up": {"uv": [13, 3.5, 11.5, 5], "texture": "#0"},
				"down": {"uv": [13, 3.5, 11.5, 5], "texture": "#0"}
			}
		}
	],
	"gui_light": "front",
	"display": {
		"thirdperson_righthand": {
			"rotation": [0, 90, 0],
			"translation": [0, 2, 1.25],
			"scale": [0.8, 0.8, 0.8]
		},
		"thirdperson_lefthand": {
			"rotation": [0, -90, 0],
			"translation": [0, 2, 1.25],
			"scale": [0.8, 0.8, 0.8]
		},
		"firstperson_righthand": {
			"rotation": [0, 97, 19],
			"translation": [1, -0.5, 0],
			"scale": [0.8, 0.8, 0.8]
		},
		"firstperson_lefthand": {
			"rotation": [0, 97, 19],
			"translation": [1, -0.5, 0],
			"scale": [-0.8, 0.8, -0.8]
		},
		"ground": {
			"rotation": [0, 0, 45],
			"translation": [1, 6, 0],
			"scale": [0.8, 0.8, 0.8]
		},
		"gui": {
			"rotation": [0, 0, -45],
			"translation": [-3, -3, 0],
			"scale": [-0.8, 0.8, -0.8]
		},
		"head": {
			"rotation": [0, 90, 0],
			"translation": [0, 2, 0],
			"scale": [0.8, 0.8, 0.8]
		},
		"fixed": {
			"rotation": [0, 0, 45],
			"translation": [3.5, -3.5, -0.9]
		}
	},
	"groups": [
		{
			"name": "baseball_bat_nails",
			"origin": [0, 0, 0],
			"color": 0,
			"children": []
		},
		0,
		1,
		2,
		3,
		4,
		5,
		6,
		7,
		8,
		9,
		10,
		11,
		12,
		13,
		14,
		15,
		16,
		17,
		18,
		19,
		20
	]
}