﻿{
	"credit": "Daswaget",
	"texture_size": [32, 32],
	"textures": {
		"0": "dswg_weapons_plus/bayonet/bayonet",
		"particle": "dswg_weapons_plus/bayonet/bayonet_particle"
	},
	"elements": [
		{
			"from": [7.5, 0, 7.5],
			"to": [8.5, 3, 8.5],
			"faces": {
				"north": {"uv": [8, 12.5, 8.5, 14], "texture": "#0"},
				"east": {"uv": [8, 12.5, 8.5, 14], "texture": "#0"},
				"south": {"uv": [8.5, 12.5, 8, 14], "texture": "#0"},
				"west": {"uv": [8, 12.5, 8.5, 14], "texture": "#0"},
				"up": {"uv": [8.5, 12.5, 8, 13], "texture": "#0"},
				"down": {"uv": [8.5, 13.5, 8, 14], "texture": "#0"}
			}
		},
		{
			"from": [7.5, 2, 8.5],
			"to": [8.5, 3, 8.75],
			"faces": {
				"north": {"uv": [8.5, 12.5, 9, 13], "texture": "#0"},
				"east": {"uv": [8.5, 12.5, 9, 13], "texture": "#0"},
				"south": {"uv": [9, 12.5, 8.5, 13], "texture": "#0"},
				"west": {"uv": [8.5, 12.5, 9, 13], "texture": "#0"},
				"up": {"uv": [9, 12.5, 8.5, 13], "texture": "#0"},
				"down": {"uv": [9, 12.5, 8.5, 13], "texture": "#0"}
			}
		},
		{
			"from": [7.45, 1.25, 7.45],
			"to": [8.55, 1.55, 9.05],
			"faces": {
				"north": {"uv": [9.5, 13, 10, 13.5], "texture": "#0"},
				"east": {"uv": [9.5, 13, 10, 13.5], "texture": "#0"},
				"south": {"uv": [10, 13, 9.5, 13.5], "texture": "#0"},
				"west": {"uv": [9.5, 13, 10, 13.5], "texture": "#0"},
				"up": {"uv": [10, 13, 9.5, 13.5], "texture": "#0"},
				"down": {"uv": [10, 13, 9.5, 13.5], "texture": "#0"}
			}
		},
		{
			"from": [7.5, 2, 8.75],
			"to": [8.5, 14, 9.05],
			"faces": {
				"north": {"uv": [8.5, 7, 9, 13], "texture": "#0"},
				"east": {"uv": [8.5, 7, 9, 13], "texture": "#0"},
				"south": {"uv": [9, 7, 8.5, 13], "texture": "#0"},
				"west": {"uv": [8.5, 7, 9, 13], "texture": "#0"},
				"up": {"uv": [9, 7, 8.5, 7.5], "texture": "#0"},
				"down": {"uv": [9, 12.5, 8.5, 13], "texture": "#0"}
			}
		}
	],
	"gui_light": "front",
	"display": {
		"thirdperson_righthand": {
			"rotation": [0, 90, -30],
			"translation": [0, 4, -2],
			"scale": [0.8, 0.8, 0.8]
		},
		"thirdperson_lefthand": {
			"rotation": [0, 90, -30],
			"translation": [0, 4, -2],
			"scale": [0.8, 0.8, 0.8]
		},
		"firstperson_righthand": {
			"rotation": [0, 96, -64],
			"translation": [-2.5, 5.25, 0],
			"scale": [0.8, 0.8, 0.8]
		},
		"firstperson_lefthand": {
			"rotation": [0, 96, -64],
			"translation": [-2.5, 5.25, 0],
			"scale": [0.8, 0.8, 0.8]
		},
		"ground": {
			"rotation": [0, 0, 45],
			"translation": [-1.25, 3, 0],
			"scale": [0.8, 0.8, 0.8]
		},
		"gui": {
			"rotation": [0, 0, -45],
			"translation": [0.5, 0.5, 0],
			"scale": [-1.2, 1.2, -1.2]
		},
		"head": {
			"rotation": [0, 90, 0],
			"translation": [0, 12, 0],
			"scale": [0.8, 0.8, 0.8]
		},
		"fixed": {
			"rotation": [0, 0, 45],
			"translation": [-0.5, 0.75, -1.15],
			"scale": [1.1, 1.1, 1.1]
		}
	},
	"groups": [
		{
			"name": "bayonet",
			"origin": [0, 0, 0],
			"color": 0,
			"children": []
		},
		0,
		1,
		2,
		3
	]
}