{
	"credit": "Daswaget",
	"texture_size": [32, 32],
	"textures": {
		"0": "dswg_weapons_plus/bottle/bottle",
		"particle": "dswg_weapons_plus/bottle/bottle_particle"
	},
	"elements": [
		{
			"from": [7, 0, 7],
			"to": [9, 5, 9],
			"faces": {
				"north": {"uv": [7.5, 11.5, 8.5, 14], "texture": "#0"},
				"east": {"uv": [7.5, 11.5, 8, 14], "texture": "#0"},
				"south": {"uv": [8.5, 11.5, 7.5, 14], "texture": "#0"},
				"west": {"uv": [8, 11.5, 8.5, 14], "texture": "#0"},
				"up": {"uv": [6, 4, 5, 5], "texture": "#0"},
				"down": {"uv": [7, 12, 5, 14], "texture": "#0"}
			}
		},
		{
			"from": [6.5, 5, 6.5],
			"to": [9.5, 6, 9.5],
			"faces": {
				"north": {"uv": [11, 10, 12.5, 10.5], "texture": "#0"},
				"east": {"uv": [11, 9, 12.5, 9.5], "texture": "#0"},
				"south": {"uv": [12.5, 9, 11, 9.5], "texture": "#0"},
				"west": {"uv": [11, 9, 12.5, 9.5], "texture": "#0"},
				"up": {"uv": [4.5, 3.5, 3, 5], "texture": "#0"},
				"down": {"uv": [12.5, 9, 11, 10.5], "texture": "#0"}
			}
		},
		{
			"from": [6, 6, 6.5],
			"to": [7, 7, 9.5],
			"faces": {
				"north": {"uv": [9, 10, 9.5, 10.5], "texture": "#0"},
				"east": {"uv": [10.5, 10, 9, 10.5], "texture": "#0"},
				"south": {"uv": [10, 10, 10.5, 10.5], "texture": "#0"},
				"west": {"uv": [9, 10, 10.5, 10.5], "texture": "#0"},
				"up": {"uv": [12.5, 10.5, 12, 9], "texture": "#0"},
				"down": {"uv": [12.5, 9, 12, 10.5], "texture": "#0"}
			}
		},
		{
			"from": [9, 6, 6.5],
			"to": [10, 7, 9.5],
			"faces": {
				"north": {"uv": [10, 10, 10.5, 10.5], "texture": "#0"},
				"east": {"uv": [9, 10, 10.5, 10.5], "texture": "#0"},
				"south": {"uv": [9, 10, 9.5, 10.5], "texture": "#0"},
				"west": {"uv": [10.5, 10, 9, 10.5], "texture": "#0"},
				"up": {"uv": [11.5, 10.5, 11, 9], "texture": "#0"},
				"down": {"uv": [11.5, 9, 11, 10.5], "texture": "#0"}
			}
		},
		{
			"from": [6.5, 6, 6],
			"to": [9.5, 7, 7],
			"faces": {
				"north": {"uv": [10.5, 10, 9, 10.5], "texture": "#0"},
				"east": {"uv": [10.5, 10, 10, 10.5], "texture": "#0"},
				"south": {"uv": [9, 10, 10.5, 10.5], "texture": "#0"},
				"west": {"uv": [9.5, 10, 9, 10.5], "texture": "#0"},
				"up": {"uv": [12.5, 10, 11, 10.5], "texture": "#0"},
				"down": {"uv": [12.5, 10, 11, 10.5], "texture": "#0"}
			}
		},
		{
			"from": [6.5, 6, 9],
			"to": [9.5, 7, 10],
			"faces": {
				"north": {"uv": [9, 10, 10.5, 10.5], "texture": "#0"},
				"east": {"uv": [9.5, 10, 9, 10.5], "texture": "#0"},
				"south": {"uv": [10.5, 10, 9, 10.5], "texture": "#0"},
				"west": {"uv": [10.5, 10, 10, 10.5], "texture": "#0"},
				"up": {"uv": [12.5, 9, 11, 9.5], "texture": "#0"},
				"down": {"uv": [12.5, 9, 11, 9.5], "texture": "#0"}
			}
		},
		{
			"from": [6.5, 16.75, 6.5],
			"to": [9.5, 17.5, 9.5],
			"faces": {
				"north": {"uv": [6.5, 4.5, 9, 5], "texture": "#0"},
				"east": {"uv": [6.5, 2.5, 7, 5], "texture": "#0"},
				"south": {"uv": [9, 2.5, 6.5, 3], "texture": "#0"},
				"west": {"uv": [8.5, 2.5, 9, 5], "texture": "#0"},
				"up": {"uv": [9, 2.5, 6.5, 5], "texture": "#0"},
				"down": {"uv": [9, 2.5, 6.5, 5], "texture": "#0"}
			}
		},
		{
			"from": [5.5, 7, 6.5],
			"to": [10.5, 17, 9.5],
			"faces": {
				"north": {"uv": [15.5, 10.5, 13, 15.5], "texture": "#0"},
				"east": {"uv": [7, 5.5, 8.5, 10.5], "texture": "#0"},
				"south": {"uv": [15.5, 10.5, 13, 15.5], "texture": "#0"},
				"west": {"uv": [7, 5.5, 8.5, 10.5], "texture": "#0"},
				"up": {"uv": [12, 14, 9.5, 15.5], "texture": "#0"},
				"down": {"uv": [12, 12, 9.5, 13.5], "texture": "#0"}
			}
		},
		{
			"from": [6.5, 7, 5.5],
			"to": [9.5, 17, 6.5],
			"faces": {
				"north": {"uv": [8.5, 5.5, 7, 10.5], "texture": "#0"},
				"east": {"uv": [8.5, 5.5, 8, 10.5], "texture": "#0"},
				"south": {"uv": [7, 5.5, 8.5, 10.5], "texture": "#0"},
				"west": {"uv": [7.5, 5.5, 7, 10.5], "texture": "#0"},
				"up": {"uv": [8.5, 5.5, 7, 6], "texture": "#0"},
				"down": {"uv": [8.5, 10, 7, 10.5], "texture": "#0"}
			}
		},
		{
			"from": [6.5, 7, 9.5],
			"to": [9.5, 17, 10.5],
			"faces": {
				"north": {"uv": [7, 5.5, 8.5, 10.5], "texture": "#0"},
				"east": {"uv": [7.5, 5.5, 7, 10.5], "texture": "#0"},
				"south": {"uv": [8.5, 5.5, 7, 10.5], "texture": "#0"},
				"west": {"uv": [8.5, 5.5, 8, 10.5], "texture": "#0"},
				"up": {"uv": [8.5, 5.5, 7, 6], "texture": "#0"},
				"down": {"uv": [8.5, 10, 7, 10.5], "texture": "#0"}
			}
		}
	],
	"gui_light": "front",
	"display": {
		"thirdperson_righthand": {
			"rotation": [0, 90, 0],
			"translation": [0, 2.75, 1.25],
			"scale": [0.8, 0.8, 0.8]
		},
		"thirdperson_lefthand": {
			"rotation": [0, -90, 0],
			"translation": [0, 2.75, 1.25],
			"scale": [0.8, 0.8, 0.8]
		},
		"firstperson_righthand": {
			"rotation": [0, 97, 19],
			"translation": [1, -0.5, 0],
			"scale": [0.8, 0.8, 0.8]
		},
		"firstperson_lefthand": {
			"rotation": [0, 97, 19],
			"translation": [1, -0.5, 0],
			"scale": [-0.8, 0.8, -0.8]
		},
		"ground": {
			"rotation": [0, 0, 45],
			"translation": [0, 3.5, 0],
			"scale": [0.8, 0.8, 0.8]
		},
		"gui": {
			"rotation": [0, 0, -45],
			"translation": [-1, -1, 0],
			"scale": [-0.8, 0.8, -0.8]
		},
		"head": {
			"rotation": [0, 90, 0],
			"translation": [0, 6.75, 0],
			"scale": [0.8, 0.8, 0.8]
		},
		"fixed": {
			"rotation": [0, 0, 45],
			"translation": [1, -1, -0.9]
		}
	},
	"groups": [
		{
			"name": "bottle",
			"origin": [0, 0, 0],
			"color": 0,
			"children": []
		},
		0,
		1,
		2,
		3,
		4,
		5,
		6,
		7,
		8,
		9
	]
}