﻿{
	"credit": "Daswaget",
	"texture_size": [32, 32],
	"textures": {
		"0": "dswg_weapons_plus/bouquet_of_flowers/bouquet_of_flowers",
		"particle": "dswg_weapons_plus/bouquet_of_flowers/bouquet_of_flowers_particle"
	},
	"elements": [
		{
			"from": [7, 0, 7],
			"to": [9, 3, 9],
			"faces": {
				"north": {"uv": [8.5, 14, 7.5, 15.5], "texture": "#0"},
				"east": {"uv": [7.5, 14, 8.5, 15.5], "texture": "#0"},
				"south": {"uv": [8.5, 14, 7.5, 15.5], "texture": "#0"},
				"west": {"uv": [7.5, 14, 8.5, 15.5], "texture": "#0"},
				"up": {"uv": [10, 14.5, 9, 15.5], "texture": "#0"},
				"down": {"uv": [9, 14.5, 10, 15.5], "texture": "#0"}
			}
		},
		{
			"from": [6, 5, 5],
			"to": [10, 7, 6],
			"faces": {
				"north": {"uv": [9, 12, 7, 13], "texture": "#0"},
				"east": {"uv": [8.5, 12, 9, 13], "texture": "#0"},
				"south": {"uv": [7, 12, 9, 13], "texture": "#0"},
				"west": {"uv": [7, 12, 7.5, 13], "texture": "#0"},
				"up": {"uv": [7, 12, 9, 12.5], "texture": "#0"},
				"down": {"uv": [7, 12.5, 9, 13], "texture": "#0"}
			}
		},
		{
			"from": [5, 7, 4],
			"to": [11, 9, 5],
			"faces": {
				"north": {"uv": [9.5, 11, 6.5, 12], "texture": "#0"},
				"east": {"uv": [9, 11, 9.5, 12], "texture": "#0"},
				"south": {"uv": [6.5, 11, 9.5, 12], "texture": "#0"},
				"west": {"uv": [6.5, 11, 7, 12], "texture": "#0"},
				"up": {"uv": [6.5, 11, 9.5, 11.5], "texture": "#0"},
				"down": {"uv": [9.5, 11.5, 6.5, 12], "texture": "#0"}
			}
		},
		{
			"from": [5, 7, 11],
			"to": [11, 9, 12],
			"faces": {
				"north": {"uv": [6.5, 11, 9.5, 12], "texture": "#0"},
				"east": {"uv": [6.5, 11, 7, 12], "texture": "#0"},
				"south": {"uv": [9.5, 11, 6.5, 12], "texture": "#0"},
				"west": {"uv": [9, 11, 9.5, 12], "texture": "#0"},
				"up": {"uv": [9.5, 11, 6.5, 11.5], "texture": "#0"},
				"down": {"uv": [9.5, 11.5, 6.5, 12], "texture": "#0"}
			}
		},
		{
			"from": [4, 9, 12],
			"to": [12, 10, 13],
			"faces": {
				"north": {"uv": [6, 10, 10, 11], "texture": "#0"},
				"east": {"uv": [6, 10, 6.5, 11], "texture": "#0"},
				"south": {"uv": [10, 10, 6, 11], "texture": "#0"},
				"west": {"uv": [9.5, 10, 10, 11], "texture": "#0"},
				"up": {"uv": [10, 10, 6, 10.5], "texture": "#0"},
				"down": {"uv": [10, 10.5, 6, 11], "texture": "#0"}
			}
		},
		{
			"from": [3, 11, 13],
			"to": [13, 14, 14],
			"faces": {
				"north": {"uv": [5.5, 8.5, 10.5, 10], "texture": "#0"},
				"east": {"uv": [5.5, 8.5, 6, 10], "texture": "#0"},
				"south": {"uv": [10.5, 8.5, 5.5, 10], "texture": "#0"},
				"west": {"uv": [10, 8.5, 10.5, 10], "texture": "#0"},
				"up": {"uv": [10.5, 8.5, 5.5, 9], "texture": "#0"},
				"down": {"uv": [10.5, 9.5, 5.5, 10], "texture": "#0"}
			}
		},
		{
			"from": [3, 11, 2],
			"to": [13, 14, 3],
			"faces": {
				"north": {"uv": [10.5, 8.5, 5.5, 10], "texture": "#0"},
				"east": {"uv": [10, 8.5, 10.5, 10], "texture": "#0"},
				"south": {"uv": [5.5, 8.5, 10.5, 10], "texture": "#0"},
				"west": {"uv": [5.5, 8.5, 6, 10], "texture": "#0"},
				"up": {"uv": [5.5, 8.5, 10.5, 9], "texture": "#0"},
				"down": {"uv": [5.5, 9.5, 10.5, 10], "texture": "#0"}
			}
		},
		{
			"from": [4, 9, 3],
			"to": [12, 10, 4],
			"faces": {
				"north": {"uv": [10, 10, 6, 11], "texture": "#0"},
				"east": {"uv": [9.5, 10, 10, 11], "texture": "#0"},
				"south": {"uv": [6, 10, 10, 11], "texture": "#0"},
				"west": {"uv": [6, 10, 6.5, 11], "texture": "#0"},
				"up": {"uv": [6, 10, 10, 10.5], "texture": "#0"},
				"down": {"uv": [6, 10.5, 10, 11], "texture": "#0"}
			}
		},
		{
			"from": [3, 10, 3],
			"to": [13, 11, 13],
			"faces": {
				"north": {"uv": [10.5, 9.5, 5.5, 10], "texture": "#0"},
				"east": {"uv": [5.5, 9.5, 10.5, 10], "texture": "#0"},
				"south": {"uv": [10.5, 9.5, 5.5, 10], "texture": "#0"},
				"west": {"uv": [5.5, 9.5, 10.5, 10], "texture": "#0"},
				"up": {"uv": [5.5, 2.5, 10.5, 7.5], "texture": "#0"},
				"down": {"uv": [5, 2.5, 0, 7.5], "texture": "#0"}
			}
		},
		{
			"from": [6, 5, 10],
			"to": [10, 7, 11],
			"faces": {
				"north": {"uv": [7, 12, 9, 13], "texture": "#0"},
				"east": {"uv": [7, 12, 7.5, 13], "texture": "#0"},
				"south": {"uv": [9, 12, 7, 13], "texture": "#0"},
				"west": {"uv": [8.5, 12, 9, 13], "texture": "#0"},
				"up": {"uv": [9, 12, 7, 12.5], "texture": "#0"},
				"down": {"uv": [9, 12.5, 7, 13], "texture": "#0"}
			}
		},
		{
			"from": [7, 3, 6],
			"to": [9, 5, 7],
			"faces": {
				"north": {"uv": [8.5, 13, 7.5, 14], "texture": "#0"},
				"east": {"uv": [8, 13, 8.5, 14], "texture": "#0"},
				"south": {"uv": [7.5, 13, 8.5, 14], "texture": "#0"},
				"west": {"uv": [7.5, 13, 8, 14], "texture": "#0"},
				"up": {"uv": [7.5, 13, 8.5, 13.5], "texture": "#0"},
				"down": {"uv": [7.5, 13.5, 8.5, 14], "texture": "#0"}
			}
		},
		{
			"from": [6, 4, 6],
			"to": [7, 5, 7],
			"faces": {
				"north": {"uv": [8, 13, 7.5, 13.5], "texture": "#0"},
				"east": {"uv": [7.5, 13, 8, 13.5], "texture": "#0"},
				"south": {"uv": [7.5, 13, 8, 13.5], "texture": "#0"},
				"west": {"uv": [7.5, 13, 8, 13.5], "texture": "#0"},
				"up": {"uv": [7.5, 13, 8, 13.5], "texture": "#0"},
				"down": {"uv": [7.5, 13, 8, 13.5], "texture": "#0"}
			}
		},
		{
			"from": [9, 4, 9],
			"to": [10, 5, 10],
			"faces": {
				"north": {"uv": [8, 13, 7.5, 13.5], "texture": "#0"},
				"east": {"uv": [7.5, 13, 8, 13.5], "texture": "#0"},
				"south": {"uv": [7.5, 13, 8, 13.5], "texture": "#0"},
				"west": {"uv": [7.5, 13, 8, 13.5], "texture": "#0"},
				"up": {"uv": [7.5, 13, 8, 13.5], "texture": "#0"},
				"down": {"uv": [7.5, 13, 8, 13.5], "texture": "#0"}
			}
		},
		{
			"from": [9, 4, 6],
			"to": [10, 5, 7],
			"faces": {
				"north": {"uv": [8.5, 13, 8, 13.5], "texture": "#0"},
				"east": {"uv": [8, 13, 8.5, 13.5], "texture": "#0"},
				"south": {"uv": [8, 13, 8.5, 13.5], "texture": "#0"},
				"west": {"uv": [8, 13, 8.5, 13.5], "texture": "#0"},
				"up": {"uv": [8, 13, 8.5, 13.5], "texture": "#0"},
				"down": {"uv": [8, 13, 8.5, 13.5], "texture": "#0"}
			}
		},
		{
			"from": [6, 4, 9],
			"to": [7, 5, 10],
			"faces": {
				"north": {"uv": [8.5, 13, 8, 13.5], "texture": "#0"},
				"east": {"uv": [8, 13, 8.5, 13.5], "texture": "#0"},
				"south": {"uv": [8, 13, 8.5, 13.5], "texture": "#0"},
				"west": {"uv": [8, 13, 8.5, 13.5], "texture": "#0"},
				"up": {"uv": [8, 13, 8.5, 13.5], "texture": "#0"},
				"down": {"uv": [8, 13, 8.5, 13.5], "texture": "#0"}
			}
		},
		{
			"from": [5, 6, 10],
			"to": [6, 7, 11],
			"faces": {
				"north": {"uv": [9, 12, 8.5, 12.5], "texture": "#0"},
				"east": {"uv": [8.5, 12, 9, 12.5], "texture": "#0"},
				"south": {"uv": [8.5, 12, 9, 12.5], "texture": "#0"},
				"west": {"uv": [8.5, 12, 9, 12.5], "texture": "#0"},
				"up": {"uv": [8.5, 12, 9, 12.5], "texture": "#0"},
				"down": {"uv": [8.5, 12, 9, 12.5], "texture": "#0"}
			}
		},
		{
			"from": [5, 6, 5],
			"to": [6, 7, 6],
			"faces": {
				"north": {"uv": [7.5, 12, 7, 12.5], "texture": "#0"},
				"east": {"uv": [7, 12, 7.5, 12.5], "texture": "#0"},
				"south": {"uv": [7, 12, 7.5, 12.5], "texture": "#0"},
				"west": {"uv": [7, 12, 7.5, 12.5], "texture": "#0"},
				"up": {"uv": [7, 12, 7.5, 12.5], "texture": "#0"},
				"down": {"uv": [7, 12, 7.5, 12.5], "texture": "#0"}
			}
		},
		{
			"from": [10, 6, 5],
			"to": [11, 7, 6],
			"faces": {
				"north": {"uv": [9, 12, 8.5, 12.5], "texture": "#0"},
				"east": {"uv": [8.5, 12, 9, 12.5], "texture": "#0"},
				"south": {"uv": [8.5, 12, 9, 12.5], "texture": "#0"},
				"west": {"uv": [8.5, 12, 9, 12.5], "texture": "#0"},
				"up": {"uv": [8.5, 12, 9, 12.5], "texture": "#0"},
				"down": {"uv": [8.5, 12, 9, 12.5], "texture": "#0"}
			}
		},
		{
			"from": [10, 6, 10],
			"to": [11, 7, 11],
			"faces": {
				"north": {"uv": [7.5, 12, 7, 12.5], "texture": "#0"},
				"east": {"uv": [7, 12, 7.5, 12.5], "texture": "#0"},
				"south": {"uv": [7, 12, 7.5, 12.5], "texture": "#0"},
				"west": {"uv": [7, 12, 7.5, 12.5], "texture": "#0"},
				"up": {"uv": [7, 12, 7.5, 12.5], "texture": "#0"},
				"down": {"uv": [7, 12, 7.5, 12.5], "texture": "#0"}
			}
		},
		{
			"from": [11, 8, 11],
			"to": [12, 9, 12],
			"faces": {
				"north": {"uv": [7, 11, 6.5, 11.5], "texture": "#0"},
				"east": {"uv": [6.5, 11, 7, 11.5], "texture": "#0"},
				"south": {"uv": [6.5, 11, 7, 11.5], "texture": "#0"},
				"west": {"uv": [6.5, 11, 7, 11.5], "texture": "#0"},
				"up": {"uv": [6.5, 11, 7, 11.5], "texture": "#0"},
				"down": {"uv": [6.5, 11, 7, 11.5], "texture": "#0"}
			}
		},
		{
			"from": [4, 8, 11],
			"to": [5, 9, 12],
			"faces": {
				"north": {"uv": [9.5, 11, 9, 11.5], "texture": "#0"},
				"east": {"uv": [9, 11, 9.5, 11.5], "texture": "#0"},
				"south": {"uv": [9, 11, 9.5, 11.5], "texture": "#0"},
				"west": {"uv": [9, 11, 9.5, 11.5], "texture": "#0"},
				"up": {"uv": [9, 11, 9.5, 11.5], "texture": "#0"},
				"down": {"uv": [9, 11, 9.5, 11.5], "texture": "#0"}
			}
		},
		{
			"from": [4, 8, 4],
			"to": [5, 9, 5],
			"faces": {
				"north": {"uv": [7, 11, 6.5, 11.5], "texture": "#0"},
				"east": {"uv": [6.5, 11, 7, 11.5], "texture": "#0"},
				"south": {"uv": [6.5, 11, 7, 11.5], "texture": "#0"},
				"west": {"uv": [6.5, 11, 7, 11.5], "texture": "#0"},
				"up": {"uv": [6.5, 11, 7, 11.5], "texture": "#0"},
				"down": {"uv": [6.5, 11, 7, 11.5], "texture": "#0"}
			}
		},
		{
			"from": [11, 8, 4],
			"to": [12, 9, 5],
			"faces": {
				"north": {"uv": [9.5, 11, 9, 11.5], "texture": "#0"},
				"east": {"uv": [9, 11, 9.5, 11.5], "texture": "#0"},
				"south": {"uv": [9, 11, 9.5, 11.5], "texture": "#0"},
				"west": {"uv": [9, 11, 9.5, 11.5], "texture": "#0"},
				"up": {"uv": [9, 11, 9.5, 11.5], "texture": "#0"},
				"down": {"uv": [9, 11, 9.5, 11.5], "texture": "#0"}
			}
		},
		{
			"from": [7, 3, 9],
			"to": [9, 5, 10],
			"faces": {
				"north": {"uv": [7.5, 13, 8.5, 14], "texture": "#0"},
				"east": {"uv": [7.5, 13, 8, 14], "texture": "#0"},
				"south": {"uv": [8.5, 13, 7.5, 14], "texture": "#0"},
				"west": {"uv": [8, 13, 8.5, 14], "texture": "#0"},
				"up": {"uv": [8.5, 13, 7.5, 13.5], "texture": "#0"},
				"down": {"uv": [8.5, 13.5, 7.5, 14], "texture": "#0"}
			}
		},
		{
			"from": [10, 5, 6],
			"to": [11, 7, 10],
			"faces": {
				"north": {"uv": [8.5, 12, 9, 13], "texture": "#0"},
				"east": {"uv": [7, 12, 9, 13], "texture": "#0"},
				"south": {"uv": [7.5, 12, 7, 13], "texture": "#0"},
				"west": {"uv": [9, 12, 7, 13], "texture": "#0"},
				"up": {"uv": [2, 10.5, 1.5, 8.5], "texture": "#0"},
				"down": {"uv": [5, 14, 4.5, 16], "texture": "#0"}
			}
		},
		{
			"from": [5, 5, 6],
			"to": [6, 7, 10],
			"faces": {
				"north": {"uv": [7, 12, 7.5, 13], "texture": "#0"},
				"east": {"uv": [9, 12, 7, 13], "texture": "#0"},
				"south": {"uv": [9, 12, 8.5, 13], "texture": "#0"},
				"west": {"uv": [7, 12, 9, 13], "texture": "#0"},
				"up": {"uv": [2, 8.5, 1.5, 10.5], "texture": "#0"},
				"down": {"uv": [5, 16, 4.5, 14], "texture": "#0"}
			}
		},
		{
			"from": [6, 3, 7],
			"to": [7, 5, 9],
			"faces": {
				"north": {"uv": [7.5, 13, 8, 14], "texture": "#0"},
				"east": {"uv": [8.5, 13, 7.5, 14], "texture": "#0"},
				"south": {"uv": [8.5, 13, 8, 14], "texture": "#0"},
				"west": {"uv": [7.5, 13, 8.5, 14], "texture": "#0"},
				"up": {"uv": [6, 15, 5.5, 16], "texture": "#0"},
				"down": {"uv": [6, 16, 5.5, 15], "texture": "#0"}
			}
		},
		{
			"from": [9, 3, 7],
			"to": [10, 5, 9],
			"faces": {
				"north": {"uv": [8, 13, 8.5, 14], "texture": "#0"},
				"east": {"uv": [7.5, 13, 8.5, 14], "texture": "#0"},
				"south": {"uv": [8, 13, 7.5, 14], "texture": "#0"},
				"west": {"uv": [8.5, 13, 7.5, 14], "texture": "#0"},
				"up": {"uv": [6, 16, 5.5, 15], "texture": "#0"},
				"down": {"uv": [6, 15, 5.5, 16], "texture": "#0"}
			}
		},
		{
			"from": [4, 7, 5],
			"to": [5, 9, 11],
			"faces": {
				"north": {"uv": [6.5, 11, 7, 12], "texture": "#0"},
				"east": {"uv": [9.5, 11, 6.5, 12], "texture": "#0"},
				"south": {"uv": [9.5, 11, 9, 12], "texture": "#0"},
				"west": {"uv": [6.5, 11, 9.5, 12], "texture": "#0"},
				"up": {"uv": [4, 13, 3.5, 16], "texture": "#0"},
				"down": {"uv": [1, 10.5, 0.5, 7.5], "texture": "#0"}
			}
		},
		{
			"from": [3, 9, 4],
			"to": [4, 10, 12],
			"faces": {
				"north": {"uv": [6, 10, 6.5, 11], "texture": "#0"},
				"east": {"uv": [10, 10, 6, 11], "texture": "#0"},
				"south": {"uv": [10, 10, 9.5, 11], "texture": "#0"},
				"west": {"uv": [6, 10, 10, 11], "texture": "#0"},
				"up": {"uv": [3, 12, 2.5, 16], "texture": "#0"},
				"down": {"uv": [3, 16, 2.5, 12], "texture": "#0"}
			}
		},
		{
			"from": [2, 11, 3],
			"to": [3, 14, 13],
			"faces": {
				"north": {"uv": [5.5, 8.5, 6, 10], "texture": "#0"},
				"east": {"uv": [10.5, 8.5, 5.5, 10], "texture": "#0"},
				"south": {"uv": [10.5, 8.5, 10, 10], "texture": "#0"},
				"west": {"uv": [5.5, 8.5, 10.5, 10], "texture": "#0"},
				"up": {"uv": [2, 11, 1.5, 16], "texture": "#0"},
				"down": {"uv": [1, 16, 0.5, 11], "texture": "#0"}
			}
		},
		{
			"from": [13, 11, 3],
			"to": [14, 14, 13],
			"faces": {
				"north": {"uv": [10, 8.5, 10.5, 10], "texture": "#0"},
				"east": {"uv": [5.5, 8.5, 10.5, 10], "texture": "#0"},
				"south": {"uv": [6, 8.5, 5.5, 10], "texture": "#0"},
				"west": {"uv": [10.5, 8.5, 5.5, 10], "texture": "#0"},
				"up": {"uv": [2, 16, 1.5, 11], "texture": "#0"},
				"down": {"uv": [1, 11, 0.5, 16], "texture": "#0"}
			}
		},
		{
			"from": [12, 9, 4],
			"to": [13, 10, 12],
			"faces": {
				"north": {"uv": [9.5, 10, 10, 11], "texture": "#0"},
				"east": {"uv": [6, 10, 10, 11], "texture": "#0"},
				"south": {"uv": [6.5, 10, 6, 11], "texture": "#0"},
				"west": {"uv": [10, 10, 6, 11], "texture": "#0"},
				"up": {"uv": [3, 16, 2.5, 12], "texture": "#0"},
				"down": {"uv": [3, 12, 2.5, 16], "texture": "#0"}
			}
		},
		{
			"from": [11, 7, 5],
			"to": [12, 9, 11],
			"faces": {
				"north": {"uv": [9, 11, 9.5, 12], "texture": "#0"},
				"east": {"uv": [6.5, 11, 9.5, 12], "texture": "#0"},
				"south": {"uv": [7, 11, 6.5, 12], "texture": "#0"},
				"west": {"uv": [9.5, 11, 6.5, 12], "texture": "#0"},
				"up": {"uv": [4, 16, 3.5, 13], "texture": "#0"},
				"down": {"uv": [1, 7.5, 0.5, 10.5], "texture": "#0"}
			}
		},
		{
			"from": [11, 9, 7],
			"to": [12, 16, 8],
			"faces": {
				"north": {"uv": [12.5, 8.5, 13, 11.5], "texture": "#0"},
				"east": {"uv": [12.5, 8.5, 13, 11.5], "texture": "#0"},
				"south": {"uv": [13, 8.5, 12.5, 11.5], "texture": "#0"},
				"west": {"uv": [12.5, 8.5, 13, 11.5], "texture": "#0"},
				"up": {"uv": [13, 8.5, 12.5, 9], "texture": "#0"},
				"down": {"uv": [13, 11, 12.5, 11.5], "texture": "#0"}
			}
		},
		{
			"from": [7, 14, 7],
			"to": [10, 15, 8],
			"faces": {
				"north": {"uv": [12, 7, 13.5, 7.5], "texture": "#0"},
				"east": {"uv": [13, 7, 13.5, 7.5], "texture": "#0"},
				"south": {"uv": [13.5, 7, 12, 7.5], "texture": "#0"},
				"west": {"uv": [12, 7, 12.5, 7.5], "texture": "#0"},
				"up": {"uv": [13.5, 7, 12, 7.5], "texture": "#0"},
				"down": {"uv": [13.5, 7, 12, 7.5], "texture": "#0"}
			}
		},
		{
			"from": [8, 14, 6],
			"to": [9, 15, 7],
			"faces": {
				"north": {"uv": [12.5, 7.5, 13, 8], "texture": "#0"},
				"east": {"uv": [12.5, 7.5, 13, 8], "texture": "#0"},
				"south": {"uv": [13, 7.5, 12.5, 8], "texture": "#0"},
				"west": {"uv": [12.5, 7.5, 13, 8], "texture": "#0"},
				"up": {"uv": [13, 7.5, 12.5, 8], "texture": "#0"},
				"down": {"uv": [13, 7.5, 12.5, 8], "texture": "#0"}
			}
		},
		{
			"from": [8, 14, 8],
			"to": [9, 15, 9],
			"faces": {
				"north": {"uv": [12.5, 6.5, 13, 7], "texture": "#0"},
				"east": {"uv": [12.5, 6.5, 13, 7], "texture": "#0"},
				"south": {"uv": [13, 6.5, 12.5, 7], "texture": "#0"},
				"west": {"uv": [12.5, 6.5, 13, 7], "texture": "#0"},
				"up": {"uv": [13, 6.5, 12.5, 7], "texture": "#0"},
				"down": {"uv": [13, 6.5, 12.5, 7], "texture": "#0"}
			}
		},
		{
			"from": [5, 14, 5],
			"to": [8, 15, 6],
			"faces": {
				"north": {"uv": [14, 7, 15.5, 7.5], "texture": "#0"},
				"east": {"uv": [15, 7, 15.5, 7.5], "texture": "#0"},
				"south": {"uv": [15.5, 7, 14, 7.5], "texture": "#0"},
				"west": {"uv": [14, 7, 14.5, 7.5], "texture": "#0"},
				"up": {"uv": [15.5, 7, 14, 7.5], "texture": "#0"},
				"down": {"uv": [15.5, 7, 14, 7.5], "texture": "#0"}
			}
		},
		{
			"from": [6, 14, 4],
			"to": [7, 15, 5],
			"faces": {
				"north": {"uv": [14.5, 7.5, 15, 8], "texture": "#0"},
				"east": {"uv": [14.5, 7.5, 15, 8], "texture": "#0"},
				"south": {"uv": [15, 7.5, 14.5, 8], "texture": "#0"},
				"west": {"uv": [14.5, 7.5, 15, 8], "texture": "#0"},
				"up": {"uv": [15, 7.5, 14.5, 8], "texture": "#0"},
				"down": {"uv": [15, 7.5, 14.5, 8], "texture": "#0"}
			}
		},
		{
			"from": [6, 14, 6],
			"to": [7, 15, 7],
			"faces": {
				"north": {"uv": [14.5, 6.5, 15, 7], "texture": "#0"},
				"east": {"uv": [14.5, 6.5, 15, 7], "texture": "#0"},
				"south": {"uv": [15, 6.5, 14.5, 7], "texture": "#0"},
				"west": {"uv": [14.5, 6.5, 15, 7], "texture": "#0"},
				"up": {"uv": [15, 6.5, 14.5, 7], "texture": "#0"},
				"down": {"uv": [15, 6.5, 14.5, 7], "texture": "#0"}
			}
		},
		{
			"from": [8, 13, 9],
			"to": [11, 14, 10],
			"faces": {
				"north": {"uv": [14, 7, 15.5, 7.5], "texture": "#0"},
				"east": {"uv": [15, 7, 15.5, 7.5], "texture": "#0"},
				"south": {"uv": [15.5, 7, 14, 7.5], "texture": "#0"},
				"west": {"uv": [14, 7, 14.5, 7.5], "texture": "#0"},
				"up": {"uv": [15.5, 7, 14, 7.5], "texture": "#0"},
				"down": {"uv": [15.5, 7, 14, 7.5], "texture": "#0"}
			}
		},
		{
			"from": [9, 13, 8],
			"to": [10, 14, 9],
			"faces": {
				"north": {"uv": [14.5, 7.5, 15, 8], "texture": "#0"},
				"east": {"uv": [14.5, 7.5, 15, 8], "texture": "#0"},
				"south": {"uv": [15, 7.5, 14.5, 8], "texture": "#0"},
				"west": {"uv": [14.5, 7.5, 15, 8], "texture": "#0"},
				"up": {"uv": [15, 7.5, 14.5, 8], "texture": "#0"},
				"down": {"uv": [15, 7.5, 14.5, 8], "texture": "#0"}
			}
		},
		{
			"from": [9, 13, 10],
			"to": [10, 14, 11],
			"faces": {
				"north": {"uv": [14.5, 6.5, 15, 7], "texture": "#0"},
				"east": {"uv": [14.5, 6.5, 15, 7], "texture": "#0"},
				"south": {"uv": [15, 6.5, 14.5, 7], "texture": "#0"},
				"west": {"uv": [14.5, 6.5, 15, 7], "texture": "#0"},
				"up": {"uv": [15, 6.5, 14.5, 7], "texture": "#0"},
				"down": {"uv": [15, 6.5, 14.5, 7], "texture": "#0"}
			}
		},
		{
			"from": [11, 14, 4],
			"to": [14, 15, 5],
			"faces": {
				"north": {"uv": [14, 7, 15.5, 7.5], "texture": "#0"},
				"east": {"uv": [15, 7, 15.5, 7.5], "texture": "#0"},
				"south": {"uv": [15.5, 7, 14, 7.5], "texture": "#0"},
				"west": {"uv": [14, 7, 14.5, 7.5], "texture": "#0"},
				"up": {"uv": [15.5, 7, 14, 7.5], "texture": "#0"},
				"down": {"uv": [15.5, 7, 14, 7.5], "texture": "#0"}
			}
		},
		{
			"from": [12, 14, 3],
			"to": [13, 15, 4],
			"faces": {
				"north": {"uv": [14.5, 7.5, 15, 8], "texture": "#0"},
				"east": {"uv": [14.5, 7.5, 15, 8], "texture": "#0"},
				"south": {"uv": [15, 7.5, 14.5, 8], "texture": "#0"},
				"west": {"uv": [14.5, 7.5, 15, 8], "texture": "#0"},
				"up": {"uv": [15, 7.5, 14.5, 8], "texture": "#0"},
				"down": {"uv": [15, 7.5, 14.5, 8], "texture": "#0"}
			}
		},
		{
			"from": [12, 14, 5],
			"to": [13, 15, 6],
			"faces": {
				"north": {"uv": [14.5, 6.5, 15, 7], "texture": "#0"},
				"east": {"uv": [14.5, 6.5, 15, 7], "texture": "#0"},
				"south": {"uv": [15, 6.5, 14.5, 7], "texture": "#0"},
				"west": {"uv": [14.5, 6.5, 15, 7], "texture": "#0"},
				"up": {"uv": [15, 6.5, 14.5, 7], "texture": "#0"},
				"down": {"uv": [15, 6.5, 14.5, 7], "texture": "#0"}
			}
		},
		{
			"from": [4, 16, 5],
			"to": [5, 17, 6],
			"faces": {
				"north": {"uv": [12.5, 6.5, 13, 7], "texture": "#0"},
				"east": {"uv": [12.5, 6.5, 13, 7], "texture": "#0"},
				"south": {"uv": [13, 6.5, 12.5, 7], "texture": "#0"},
				"west": {"uv": [12.5, 6.5, 13, 7], "texture": "#0"},
				"up": {"uv": [13, 6.5, 12.5, 7], "texture": "#0"},
				"down": {"uv": [13, 6.5, 12.5, 7], "texture": "#0"}
			}
		},
		{
			"from": [4, 16, 3],
			"to": [5, 17, 4],
			"faces": {
				"north": {"uv": [12.5, 7.5, 13, 8], "texture": "#0"},
				"east": {"uv": [12.5, 7.5, 13, 8], "texture": "#0"},
				"south": {"uv": [13, 7.5, 12.5, 8], "texture": "#0"},
				"west": {"uv": [12.5, 7.5, 13, 8], "texture": "#0"},
				"up": {"uv": [13, 7.5, 12.5, 8], "texture": "#0"},
				"down": {"uv": [13, 7.5, 12.5, 8], "texture": "#0"}
			}
		},
		{
			"from": [3, 16, 4],
			"to": [6, 17, 5],
			"faces": {
				"north": {"uv": [12, 7, 13.5, 7.5], "texture": "#0"},
				"east": {"uv": [13, 7, 13.5, 7.5], "texture": "#0"},
				"south": {"uv": [13.5, 7, 12, 7.5], "texture": "#0"},
				"west": {"uv": [12, 7, 12.5, 7.5], "texture": "#0"},
				"up": {"uv": [13.5, 7, 12, 7.5], "texture": "#0"},
				"down": {"uv": [13.5, 7, 12, 7.5], "texture": "#0"}
			}
		},
		{
			"from": [4, 10, 4],
			"to": [5, 16, 5],
			"faces": {
				"north": {"uv": [12.5, 8.5, 13, 11.5], "texture": "#0"},
				"east": {"uv": [12.5, 8.5, 13, 11.5], "texture": "#0"},
				"south": {"uv": [13, 8.5, 12.5, 11.5], "texture": "#0"},
				"west": {"uv": [12.5, 8.5, 13, 11.5], "texture": "#0"},
				"up": {"uv": [13, 8.5, 12.5, 9], "texture": "#0"},
				"down": {"uv": [13, 11, 12.5, 11.5], "texture": "#0"}
			}
		},
		{
			"from": [7, 17, 5],
			"to": [8, 18, 6],
			"faces": {
				"north": {"uv": [14.5, 4.5, 15, 5], "texture": "#0"},
				"east": {"uv": [14.5, 4.5, 15, 5], "texture": "#0"},
				"south": {"uv": [15, 4.5, 14.5, 5], "texture": "#0"},
				"west": {"uv": [14.5, 4.5, 15, 5], "texture": "#0"},
				"up": {"uv": [15, 4.5, 14.5, 5], "texture": "#0"},
				"down": {"uv": [15, 4.5, 14.5, 5], "texture": "#0"}
			}
		},
		{
			"from": [7, 17, 3],
			"to": [8, 18, 4],
			"faces": {
				"north": {"uv": [14.5, 5.5, 15, 6], "texture": "#0"},
				"east": {"uv": [14.5, 5.5, 15, 6], "texture": "#0"},
				"south": {"uv": [15, 5.5, 14.5, 6], "texture": "#0"},
				"west": {"uv": [14.5, 5.5, 15, 6], "texture": "#0"},
				"up": {"uv": [15, 5.5, 14.5, 6], "texture": "#0"},
				"down": {"uv": [15, 5.5, 14.5, 6], "texture": "#0"}
			}
		},
		{
			"from": [6, 17, 4],
			"to": [9, 18, 5],
			"faces": {
				"north": {"uv": [14, 5, 15.5, 5.5], "texture": "#0"},
				"east": {"uv": [15, 5, 15.5, 5.5], "texture": "#0"},
				"south": {"uv": [15.5, 5, 14, 5.5], "texture": "#0"},
				"west": {"uv": [14, 5, 14.5, 5.5], "texture": "#0"},
				"up": {"uv": [15.5, 5, 14, 5.5], "texture": "#0"},
				"down": {"uv": [15.5, 5, 14, 5.5], "texture": "#0"}
			}
		},
		{
			"from": [7, 9, 4],
			"to": [8, 17, 5],
			"faces": {
				"north": {"uv": [12.5, 8.5, 13, 11.5], "texture": "#0"},
				"east": {"uv": [12.5, 8.5, 13, 11.5], "texture": "#0"},
				"south": {"uv": [13, 8.5, 12.5, 11.5], "texture": "#0"},
				"west": {"uv": [12.5, 8.5, 13, 11.5], "texture": "#0"},
				"up": {"uv": [13, 8.5, 12.5, 9], "texture": "#0"},
				"down": {"uv": [13, 11, 12.5, 11.5], "texture": "#0"}
			}
		},
		{
			"from": [3, 11, 10],
			"to": [4, 15.5, 11],
			"faces": {
				"north": {"uv": [12.5, 8.5, 13, 11.5], "texture": "#0"},
				"east": {"uv": [12.5, 8.5, 13, 11.5], "texture": "#0"},
				"south": {"uv": [13, 8.5, 12.5, 11.5], "texture": "#0"},
				"west": {"uv": [12.5, 8.5, 13, 11.5], "texture": "#0"},
				"up": {"uv": [13, 8.5, 12.5, 9], "texture": "#0"},
				"down": {"uv": [13, 11, 12.5, 11.5], "texture": "#0"}
			}
		},
		{
			"from": [3, 11, 6],
			"to": [4, 15, 7],
			"faces": {
				"north": {"uv": [12.5, 8.5, 13, 11.5], "texture": "#0"},
				"east": {"uv": [12.5, 8.5, 13, 11.5], "texture": "#0"},
				"south": {"uv": [13, 8.5, 12.5, 11.5], "texture": "#0"},
				"west": {"uv": [12.5, 8.5, 13, 11.5], "texture": "#0"},
				"up": {"uv": [13, 8.5, 12.5, 9], "texture": "#0"},
				"down": {"uv": [13, 11, 12.5, 11.5], "texture": "#0"}
			}
		},
		{
			"from": [9, 16, 6],
			"to": [10, 17, 7],
			"faces": {
				"north": {"uv": [14.5, 6.5, 15, 7], "texture": "#0"},
				"east": {"uv": [14.5, 6.5, 15, 7], "texture": "#0"},
				"south": {"uv": [15, 6.5, 14.5, 7], "texture": "#0"},
				"west": {"uv": [14.5, 6.5, 15, 7], "texture": "#0"},
				"up": {"uv": [15, 6.5, 14.5, 7], "texture": "#0"},
				"down": {"uv": [15, 6.5, 14.5, 7], "texture": "#0"}
			}
		},
		{
			"from": [9, 16, 4],
			"to": [10, 17, 5],
			"faces": {
				"north": {"uv": [14.5, 7.5, 15, 8], "texture": "#0"},
				"east": {"uv": [14.5, 7.5, 15, 8], "texture": "#0"},
				"south": {"uv": [15, 7.5, 14.5, 8], "texture": "#0"},
				"west": {"uv": [14.5, 7.5, 15, 8], "texture": "#0"},
				"up": {"uv": [15, 7.5, 14.5, 8], "texture": "#0"},
				"down": {"uv": [15, 7.5, 14.5, 8], "texture": "#0"}
			}
		},
		{
			"from": [8, 16, 5],
			"to": [11, 17, 6],
			"faces": {
				"north": {"uv": [14, 7, 15.5, 7.5], "texture": "#0"},
				"east": {"uv": [15, 7, 15.5, 7.5], "texture": "#0"},
				"south": {"uv": [15.5, 7, 14, 7.5], "texture": "#0"},
				"west": {"uv": [14, 7, 14.5, 7.5], "texture": "#0"},
				"up": {"uv": [15.5, 7, 14, 7.5], "texture": "#0"},
				"down": {"uv": [15.5, 7, 14, 7.5], "texture": "#0"}
			}
		},
		{
			"from": [9, 7, 5],
			"to": [10, 16, 6],
			"faces": {
				"north": {"uv": [12.5, 8.5, 13, 11.5], "texture": "#0"},
				"east": {"uv": [12.5, 8.5, 13, 11.5], "texture": "#0"},
				"south": {"uv": [13, 8.5, 12.5, 11.5], "texture": "#0"},
				"west": {"uv": [12.5, 8.5, 13, 11.5], "texture": "#0"},
				"up": {"uv": [13, 8.5, 12.5, 9], "texture": "#0"},
				"down": {"uv": [13, 11, 12.5, 11.5], "texture": "#0"}
			}
		},
		{
			"from": [11, 16, 8],
			"to": [12, 17, 9],
			"faces": {
				"north": {"uv": [12.5, 6.5, 13, 7], "texture": "#0"},
				"east": {"uv": [12.5, 6.5, 13, 7], "texture": "#0"},
				"south": {"uv": [13, 6.5, 12.5, 7], "texture": "#0"},
				"west": {"uv": [12.5, 6.5, 13, 7], "texture": "#0"},
				"up": {"uv": [13, 6.5, 12.5, 7], "texture": "#0"},
				"down": {"uv": [13, 6.5, 12.5, 7], "texture": "#0"}
			}
		},
		{
			"from": [11, 16, 6],
			"to": [12, 17, 7],
			"faces": {
				"north": {"uv": [12.5, 7.5, 13, 8], "texture": "#0"},
				"east": {"uv": [12.5, 7.5, 13, 8], "texture": "#0"},
				"south": {"uv": [13, 7.5, 12.5, 8], "texture": "#0"},
				"west": {"uv": [12.5, 7.5, 13, 8], "texture": "#0"},
				"up": {"uv": [13, 7.5, 12.5, 8], "texture": "#0"},
				"down": {"uv": [13, 7.5, 12.5, 8], "texture": "#0"}
			}
		},
		{
			"from": [10, 16, 7],
			"to": [13, 17, 8],
			"faces": {
				"north": {"uv": [12, 7, 13.5, 7.5], "texture": "#0"},
				"east": {"uv": [13, 7, 13.5, 7.5], "texture": "#0"},
				"south": {"uv": [13.5, 7, 12, 7.5], "texture": "#0"},
				"west": {"uv": [12, 7, 12.5, 7.5], "texture": "#0"},
				"up": {"uv": [13.5, 7, 12, 7.5], "texture": "#0"},
				"down": {"uv": [13.5, 7, 12, 7.5], "texture": "#0"}
			}
		},
		{
			"from": [6, 17.5, 8],
			"to": [7, 18.5, 9],
			"faces": {
				"north": {"uv": [12.5, 6.5, 13, 7], "texture": "#0"},
				"east": {"uv": [12.5, 6.5, 13, 7], "texture": "#0"},
				"south": {"uv": [13, 6.5, 12.5, 7], "texture": "#0"},
				"west": {"uv": [12.5, 6.5, 13, 7], "texture": "#0"},
				"up": {"uv": [13, 6.5, 12.5, 7], "texture": "#0"},
				"down": {"uv": [13, 6.5, 12.5, 7], "texture": "#0"}
			}
		},
		{
			"from": [6, 17.5, 6],
			"to": [7, 18.5, 7],
			"faces": {
				"north": {"uv": [12.5, 7.5, 13, 8], "texture": "#0"},
				"east": {"uv": [12.5, 7.5, 13, 8], "texture": "#0"},
				"south": {"uv": [13, 7.5, 12.5, 8], "texture": "#0"},
				"west": {"uv": [12.5, 7.5, 13, 8], "texture": "#0"},
				"up": {"uv": [13, 7.5, 12.5, 8], "texture": "#0"},
				"down": {"uv": [13, 7.5, 12.5, 8], "texture": "#0"}
			}
		},
		{
			"from": [5, 17.5, 7],
			"to": [8, 18.5, 8],
			"faces": {
				"north": {"uv": [12, 7, 13.5, 7.5], "texture": "#0"},
				"east": {"uv": [13, 7, 13.5, 7.5], "texture": "#0"},
				"south": {"uv": [13.5, 7, 12, 7.5], "texture": "#0"},
				"west": {"uv": [12, 7, 12.5, 7.5], "texture": "#0"},
				"up": {"uv": [13.5, 7, 12, 7.5], "texture": "#0"},
				"down": {"uv": [13.5, 7, 12, 7.5], "texture": "#0"}
			}
		},
		{
			"from": [11, 14, 13],
			"to": [12, 15, 14],
			"faces": {
				"north": {"uv": [14.5, 6.5, 15, 7], "texture": "#0"},
				"east": {"uv": [14.5, 6.5, 15, 7], "texture": "#0"},
				"south": {"uv": [15, 6.5, 14.5, 7], "texture": "#0"},
				"west": {"uv": [14.5, 6.5, 15, 7], "texture": "#0"},
				"up": {"uv": [15, 6.5, 14.5, 7], "texture": "#0"},
				"down": {"uv": [15, 6.5, 14.5, 7], "texture": "#0"}
			}
		},
		{
			"from": [11, 14, 11],
			"to": [12, 15, 12],
			"faces": {
				"north": {"uv": [14.5, 7.5, 15, 8], "texture": "#0"},
				"east": {"uv": [14.5, 7.5, 15, 8], "texture": "#0"},
				"south": {"uv": [15, 7.5, 14.5, 8], "texture": "#0"},
				"west": {"uv": [14.5, 7.5, 15, 8], "texture": "#0"},
				"up": {"uv": [15, 7.5, 14.5, 8], "texture": "#0"},
				"down": {"uv": [15, 7.5, 14.5, 8], "texture": "#0"}
			}
		},
		{
			"from": [10, 14, 12],
			"to": [13, 15, 13],
			"faces": {
				"north": {"uv": [14, 7, 15.5, 7.5], "texture": "#0"},
				"east": {"uv": [15, 7, 15.5, 7.5], "texture": "#0"},
				"south": {"uv": [15.5, 7, 14, 7.5], "texture": "#0"},
				"west": {"uv": [14, 7, 14.5, 7.5], "texture": "#0"},
				"up": {"uv": [15.5, 7, 14, 7.5], "texture": "#0"},
				"down": {"uv": [15.5, 7, 14, 7.5], "texture": "#0"}
			}
		},
		{
			"from": [12, 14, 9],
			"to": [13, 15, 10],
			"faces": {
				"north": {"uv": [14.5, 4.5, 15, 5], "texture": "#0"},
				"east": {"uv": [14.5, 4.5, 15, 5], "texture": "#0"},
				"south": {"uv": [15, 4.5, 14.5, 5], "texture": "#0"},
				"west": {"uv": [14.5, 4.5, 15, 5], "texture": "#0"},
				"up": {"uv": [15, 4.5, 14.5, 5], "texture": "#0"},
				"down": {"uv": [15, 4.5, 14.5, 5], "texture": "#0"}
			}
		},
		{
			"from": [12, 14, 7],
			"to": [13, 15, 8],
			"faces": {
				"north": {"uv": [14.5, 5.5, 15, 6], "texture": "#0"},
				"east": {"uv": [14.5, 5.5, 15, 6], "texture": "#0"},
				"south": {"uv": [15, 5.5, 14.5, 6], "texture": "#0"},
				"west": {"uv": [14.5, 5.5, 15, 6], "texture": "#0"},
				"up": {"uv": [15, 5.5, 14.5, 6], "texture": "#0"},
				"down": {"uv": [15, 5.5, 14.5, 6], "texture": "#0"}
			}
		},
		{
			"from": [11, 14, 8],
			"to": [14, 15, 9],
			"faces": {
				"north": {"uv": [14, 5, 15.5, 5.5], "texture": "#0"},
				"east": {"uv": [15, 5, 15.5, 5.5], "texture": "#0"},
				"south": {"uv": [15.5, 5, 14, 5.5], "texture": "#0"},
				"west": {"uv": [14, 5, 14.5, 5.5], "texture": "#0"},
				"up": {"uv": [15.5, 5, 14, 5.5], "texture": "#0"},
				"down": {"uv": [15.5, 5, 14, 5.5], "texture": "#0"}
			}
		},
		{
			"from": [8, 14, 4],
			"to": [9, 15, 5],
			"faces": {
				"north": {"uv": [14.5, 4.5, 15, 5], "texture": "#0"},
				"east": {"uv": [14.5, 4.5, 15, 5], "texture": "#0"},
				"south": {"uv": [15, 4.5, 14.5, 5], "texture": "#0"},
				"west": {"uv": [14.5, 4.5, 15, 5], "texture": "#0"},
				"up": {"uv": [15, 4.5, 14.5, 5], "texture": "#0"},
				"down": {"uv": [15, 4.5, 14.5, 5], "texture": "#0"}
			}
		},
		{
			"from": [8, 14, 2],
			"to": [9, 15, 3],
			"faces": {
				"north": {"uv": [14.5, 5.5, 15, 6], "texture": "#0"},
				"east": {"uv": [14.5, 5.5, 15, 6], "texture": "#0"},
				"south": {"uv": [15, 5.5, 14.5, 6], "texture": "#0"},
				"west": {"uv": [14.5, 5.5, 15, 6], "texture": "#0"},
				"up": {"uv": [15, 5.5, 14.5, 6], "texture": "#0"},
				"down": {"uv": [15, 5.5, 14.5, 6], "texture": "#0"}
			}
		},
		{
			"from": [7, 14, 3],
			"to": [10, 15, 4],
			"faces": {
				"north": {"uv": [14, 5, 15.5, 5.5], "texture": "#0"},
				"east": {"uv": [15, 5, 15.5, 5.5], "texture": "#0"},
				"south": {"uv": [15.5, 5, 14, 5.5], "texture": "#0"},
				"west": {"uv": [14, 5, 14.5, 5.5], "texture": "#0"},
				"up": {"uv": [15.5, 5, 14, 5.5], "texture": "#0"},
				"down": {"uv": [15.5, 5, 14, 5.5], "texture": "#0"}
			}
		},
		{
			"from": [3, 14, 4],
			"to": [4, 15, 5],
			"faces": {
				"north": {"uv": [12.5, 6.5, 13, 7], "texture": "#0"},
				"east": {"uv": [12.5, 6.5, 13, 7], "texture": "#0"},
				"south": {"uv": [13, 6.5, 12.5, 7], "texture": "#0"},
				"west": {"uv": [12.5, 6.5, 13, 7], "texture": "#0"},
				"up": {"uv": [13, 6.5, 12.5, 7], "texture": "#0"},
				"down": {"uv": [13, 6.5, 12.5, 7], "texture": "#0"}
			}
		},
		{
			"from": [3, 14, 2],
			"to": [4, 15, 3],
			"faces": {
				"north": {"uv": [12.5, 7.5, 13, 8], "texture": "#0"},
				"east": {"uv": [12.5, 7.5, 13, 8], "texture": "#0"},
				"south": {"uv": [13, 7.5, 12.5, 8], "texture": "#0"},
				"west": {"uv": [12.5, 7.5, 13, 8], "texture": "#0"},
				"up": {"uv": [13, 7.5, 12.5, 8], "texture": "#0"},
				"down": {"uv": [13, 7.5, 12.5, 8], "texture": "#0"}
			}
		},
		{
			"from": [2, 14, 3],
			"to": [5, 15, 4],
			"faces": {
				"north": {"uv": [12, 7, 13.5, 7.5], "texture": "#0"},
				"east": {"uv": [13, 7, 13.5, 7.5], "texture": "#0"},
				"south": {"uv": [13.5, 7, 12, 7.5], "texture": "#0"},
				"west": {"uv": [12, 7, 12.5, 7.5], "texture": "#0"},
				"up": {"uv": [13.5, 7, 12, 7.5], "texture": "#0"},
				"down": {"uv": [13.5, 7, 12, 7.5], "texture": "#0"}
			}
		},
		{
			"from": [3, 14, 9],
			"to": [4, 15, 10],
			"faces": {
				"north": {"uv": [12.5, 6.5, 13, 7], "texture": "#0"},
				"east": {"uv": [12.5, 6.5, 13, 7], "texture": "#0"},
				"south": {"uv": [13, 6.5, 12.5, 7], "texture": "#0"},
				"west": {"uv": [12.5, 6.5, 13, 7], "texture": "#0"},
				"up": {"uv": [13, 6.5, 12.5, 7], "texture": "#0"},
				"down": {"uv": [13, 6.5, 12.5, 7], "texture": "#0"}
			}
		},
		{
			"from": [3, 14, 7],
			"to": [4, 15, 8],
			"faces": {
				"north": {"uv": [12.5, 7.5, 13, 8], "texture": "#0"},
				"east": {"uv": [12.5, 7.5, 13, 8], "texture": "#0"},
				"south": {"uv": [13, 7.5, 12.5, 8], "texture": "#0"},
				"west": {"uv": [12.5, 7.5, 13, 8], "texture": "#0"},
				"up": {"uv": [13, 7.5, 12.5, 8], "texture": "#0"},
				"down": {"uv": [13, 7.5, 12.5, 8], "texture": "#0"}
			}
		},
		{
			"from": [2, 14, 8],
			"to": [5, 15, 9],
			"faces": {
				"north": {"uv": [12, 7, 13.5, 7.5], "texture": "#0"},
				"east": {"uv": [13, 7, 13.5, 7.5], "texture": "#0"},
				"south": {"uv": [13.5, 7, 12, 7.5], "texture": "#0"},
				"west": {"uv": [12, 7, 12.5, 7.5], "texture": "#0"},
				"up": {"uv": [13.5, 7, 12, 7.5], "texture": "#0"},
				"down": {"uv": [13.5, 7, 12, 7.5], "texture": "#0"}
			}
		},
		{
			"from": [2, 14, 12],
			"to": [5, 15, 13],
			"faces": {
				"north": {"uv": [12, 7, 13.5, 7.5], "texture": "#0"},
				"east": {"uv": [13, 7, 13.5, 7.5], "texture": "#0"},
				"south": {"uv": [13.5, 7, 12, 7.5], "texture": "#0"},
				"west": {"uv": [12, 7, 12.5, 7.5], "texture": "#0"},
				"up": {"uv": [13.5, 7, 12, 7.5], "texture": "#0"},
				"down": {"uv": [13.5, 7, 12, 7.5], "texture": "#0"}
			}
		},
		{
			"from": [3, 14, 11],
			"to": [4, 15, 12],
			"faces": {
				"north": {"uv": [12.5, 7.5, 13, 8], "texture": "#0"},
				"east": {"uv": [12.5, 7.5, 13, 8], "texture": "#0"},
				"south": {"uv": [13, 7.5, 12.5, 8], "texture": "#0"},
				"west": {"uv": [12.5, 7.5, 13, 8], "texture": "#0"},
				"up": {"uv": [13, 7.5, 12.5, 8], "texture": "#0"},
				"down": {"uv": [13, 7.5, 12.5, 8], "texture": "#0"}
			}
		},
		{
			"from": [3, 14, 13],
			"to": [4, 15, 14],
			"faces": {
				"north": {"uv": [12.5, 6.5, 13, 7], "texture": "#0"},
				"east": {"uv": [12.5, 6.5, 13, 7], "texture": "#0"},
				"south": {"uv": [13, 6.5, 12.5, 7], "texture": "#0"},
				"west": {"uv": [12.5, 6.5, 13, 7], "texture": "#0"},
				"up": {"uv": [13, 6.5, 12.5, 7], "texture": "#0"},
				"down": {"uv": [13, 6.5, 12.5, 7], "texture": "#0"}
			}
		},
		{
			"from": [6, 14, 13],
			"to": [9, 15, 14],
			"faces": {
				"north": {"uv": [12, 7, 13.5, 7.5], "texture": "#0"},
				"east": {"uv": [13, 7, 13.5, 7.5], "texture": "#0"},
				"south": {"uv": [13.5, 7, 12, 7.5], "texture": "#0"},
				"west": {"uv": [12, 7, 12.5, 7.5], "texture": "#0"},
				"up": {"uv": [13.5, 7, 12, 7.5], "texture": "#0"},
				"down": {"uv": [13.5, 7, 12, 7.5], "texture": "#0"}
			}
		},
		{
			"from": [7, 14, 12],
			"to": [8, 15, 13],
			"faces": {
				"north": {"uv": [12.5, 7.5, 13, 8], "texture": "#0"},
				"east": {"uv": [12.5, 7.5, 13, 8], "texture": "#0"},
				"south": {"uv": [13, 7.5, 12.5, 8], "texture": "#0"},
				"west": {"uv": [12.5, 7.5, 13, 8], "texture": "#0"},
				"up": {"uv": [13, 7.5, 12.5, 8], "texture": "#0"},
				"down": {"uv": [13, 7.5, 12.5, 8], "texture": "#0"}
			}
		},
		{
			"from": [7, 14, 14],
			"to": [8, 15, 15],
			"faces": {
				"north": {"uv": [12.5, 6.5, 13, 7], "texture": "#0"},
				"east": {"uv": [12.5, 6.5, 13, 7], "texture": "#0"},
				"south": {"uv": [13, 6.5, 12.5, 7], "texture": "#0"},
				"west": {"uv": [12.5, 6.5, 13, 7], "texture": "#0"},
				"up": {"uv": [13, 6.5, 12.5, 7], "texture": "#0"},
				"down": {"uv": [13, 6.5, 12.5, 7], "texture": "#0"}
			}
		},
		{
			"from": [6, 14, 9],
			"to": [9, 15, 10],
			"faces": {
				"north": {"uv": [14, 7, 15.5, 7.5], "texture": "#0"},
				"east": {"uv": [15, 7, 15.5, 7.5], "texture": "#0"},
				"south": {"uv": [15.5, 7, 14, 7.5], "texture": "#0"},
				"west": {"uv": [14, 7, 14.5, 7.5], "texture": "#0"},
				"up": {"uv": [15.5, 7, 14, 7.5], "texture": "#0"},
				"down": {"uv": [15.5, 7, 14, 7.5], "texture": "#0"}
			}
		},
		{
			"from": [7, 14, 8],
			"to": [8, 15, 9],
			"faces": {
				"north": {"uv": [14.5, 7.5, 15, 8], "texture": "#0"},
				"east": {"uv": [14.5, 7.5, 15, 8], "texture": "#0"},
				"south": {"uv": [15, 7.5, 14.5, 8], "texture": "#0"},
				"west": {"uv": [14.5, 7.5, 15, 8], "texture": "#0"},
				"up": {"uv": [15, 7.5, 14.5, 8], "texture": "#0"},
				"down": {"uv": [15, 7.5, 14.5, 8], "texture": "#0"}
			}
		},
		{
			"from": [7, 14, 10],
			"to": [8, 15, 11],
			"faces": {
				"north": {"uv": [14.5, 6.5, 15, 7], "texture": "#0"},
				"east": {"uv": [14.5, 6.5, 15, 7], "texture": "#0"},
				"south": {"uv": [15, 6.5, 14.5, 7], "texture": "#0"},
				"west": {"uv": [14.5, 6.5, 15, 7], "texture": "#0"},
				"up": {"uv": [15, 6.5, 14.5, 7], "texture": "#0"},
				"down": {"uv": [15, 6.5, 14.5, 7], "texture": "#0"}
			}
		},
		{
			"from": [6, 5, 7],
			"to": [7, 17.5, 8],
			"faces": {
				"north": {"uv": [12.5, 8.5, 13, 11.5], "texture": "#0"},
				"east": {"uv": [12.5, 8.5, 13, 11.5], "texture": "#0"},
				"south": {"uv": [13, 8.5, 12.5, 11.5], "texture": "#0"},
				"west": {"uv": [12.5, 8.5, 13, 11.5], "texture": "#0"},
				"up": {"uv": [13, 8.5, 12.5, 9], "texture": "#0"},
				"down": {"uv": [13, 11, 12.5, 11.5], "texture": "#0"}
			}
		},
		{
			"from": [5, 15, 9],
			"to": [6, 16, 10],
			"faces": {
				"north": {"uv": [14.5, 6.5, 15, 7], "texture": "#0"},
				"east": {"uv": [14.5, 6.5, 15, 7], "texture": "#0"},
				"south": {"uv": [15, 6.5, 14.5, 7], "texture": "#0"},
				"west": {"uv": [14.5, 6.5, 15, 7], "texture": "#0"},
				"up": {"uv": [15, 6.5, 14.5, 7], "texture": "#0"},
				"down": {"uv": [15, 6.5, 14.5, 7], "texture": "#0"}
			}
		},
		{
			"from": [5, 15, 7],
			"to": [6, 16, 8],
			"faces": {
				"north": {"uv": [14.5, 7.5, 15, 8], "texture": "#0"},
				"east": {"uv": [14.5, 7.5, 15, 8], "texture": "#0"},
				"south": {"uv": [15, 7.5, 14.5, 8], "texture": "#0"},
				"west": {"uv": [14.5, 7.5, 15, 8], "texture": "#0"},
				"up": {"uv": [15, 7.5, 14.5, 8], "texture": "#0"},
				"down": {"uv": [15, 7.5, 14.5, 8], "texture": "#0"}
			}
		},
		{
			"from": [4, 15, 8],
			"to": [7, 16, 9],
			"faces": {
				"north": {"uv": [14, 7, 15.5, 7.5], "texture": "#0"},
				"east": {"uv": [15, 7, 15.5, 7.5], "texture": "#0"},
				"south": {"uv": [15.5, 7, 14, 7.5], "texture": "#0"},
				"west": {"uv": [14, 7, 14.5, 7.5], "texture": "#0"},
				"up": {"uv": [15.5, 7, 14, 7.5], "texture": "#0"},
				"down": {"uv": [15.5, 7, 14, 7.5], "texture": "#0"}
			}
		},
		{
			"from": [8, 7, 10],
			"to": [9, 16.5, 11],
			"faces": {
				"north": {"uv": [12.5, 8.5, 13, 11.5], "texture": "#0"},
				"east": {"uv": [12.5, 8.5, 13, 11.5], "texture": "#0"},
				"south": {"uv": [13, 8.5, 12.5, 11.5], "texture": "#0"},
				"west": {"uv": [12.5, 8.5, 13, 11.5], "texture": "#0"},
				"up": {"uv": [13, 8.5, 12.5, 9], "texture": "#0"},
				"down": {"uv": [13, 11, 12.5, 11.5], "texture": "#0"}
			}
		},
		{
			"from": [7, 16.5, 10],
			"to": [10, 17.5, 11],
			"faces": {
				"north": {"uv": [14, 5, 15.5, 5.5], "texture": "#0"},
				"east": {"uv": [15, 5, 15.5, 5.5], "texture": "#0"},
				"south": {"uv": [15.5, 5, 14, 5.5], "texture": "#0"},
				"west": {"uv": [14, 5, 14.5, 5.5], "texture": "#0"},
				"up": {"uv": [15.5, 5, 14, 5.5], "texture": "#0"},
				"down": {"uv": [15.5, 5, 14, 5.5], "texture": "#0"}
			}
		},
		{
			"from": [8, 16.5, 9],
			"to": [9, 17.5, 10],
			"faces": {
				"north": {"uv": [14.5, 5.5, 15, 6], "texture": "#0"},
				"east": {"uv": [14.5, 5.5, 15, 6], "texture": "#0"},
				"south": {"uv": [15, 5.5, 14.5, 6], "texture": "#0"},
				"west": {"uv": [14.5, 5.5, 15, 6], "texture": "#0"},
				"up": {"uv": [15, 5.5, 14.5, 6], "texture": "#0"},
				"down": {"uv": [15, 5.5, 14.5, 6], "texture": "#0"}
			}
		},
		{
			"from": [8, 16.5, 11],
			"to": [9, 17.5, 12],
			"faces": {
				"north": {"uv": [14.5, 4.5, 15, 5], "texture": "#0"},
				"east": {"uv": [14.5, 4.5, 15, 5], "texture": "#0"},
				"south": {"uv": [15, 4.5, 14.5, 5], "texture": "#0"},
				"west": {"uv": [14.5, 4.5, 15, 5], "texture": "#0"},
				"up": {"uv": [15, 4.5, 14.5, 5], "texture": "#0"},
				"down": {"uv": [15, 4.5, 14.5, 5], "texture": "#0"}
			}
		},
		{
			"from": [10, 15, 10],
			"to": [13, 16, 11],
			"faces": {
				"north": {"uv": [12, 7, 13.5, 7.5], "texture": "#0"},
				"east": {"uv": [13, 7, 13.5, 7.5], "texture": "#0"},
				"south": {"uv": [13.5, 7, 12, 7.5], "texture": "#0"},
				"west": {"uv": [12, 7, 12.5, 7.5], "texture": "#0"},
				"up": {"uv": [13.5, 7, 12, 7.5], "texture": "#0"},
				"down": {"uv": [13.5, 7, 12, 7.5], "texture": "#0"}
			}
		},
		{
			"from": [11, 15, 9],
			"to": [12, 16, 10],
			"faces": {
				"north": {"uv": [12.5, 7.5, 13, 8], "texture": "#0"},
				"east": {"uv": [12.5, 7.5, 13, 8], "texture": "#0"},
				"south": {"uv": [13, 7.5, 12.5, 8], "texture": "#0"},
				"west": {"uv": [12.5, 7.5, 13, 8], "texture": "#0"},
				"up": {"uv": [13, 7.5, 12.5, 8], "texture": "#0"},
				"down": {"uv": [13, 7.5, 12.5, 8], "texture": "#0"}
			}
		},
		{
			"from": [11, 15, 11],
			"to": [12, 16, 12],
			"faces": {
				"north": {"uv": [12.5, 6.5, 13, 7], "texture": "#0"},
				"east": {"uv": [12.5, 6.5, 13, 7], "texture": "#0"},
				"south": {"uv": [13, 6.5, 12.5, 7], "texture": "#0"},
				"west": {"uv": [12.5, 6.5, 13, 7], "texture": "#0"},
				"up": {"uv": [13, 6.5, 12.5, 7], "texture": "#0"},
				"down": {"uv": [13, 6.5, 12.5, 7], "texture": "#0"}
			}
		},
		{
			"from": [8, 15, 13],
			"to": [9, 16, 14],
			"faces": {
				"north": {"uv": [14.5, 4.5, 15, 5], "texture": "#0"},
				"east": {"uv": [14.5, 4.5, 15, 5], "texture": "#0"},
				"south": {"uv": [15, 4.5, 14.5, 5], "texture": "#0"},
				"west": {"uv": [14.5, 4.5, 15, 5], "texture": "#0"},
				"up": {"uv": [15, 4.5, 14.5, 5], "texture": "#0"},
				"down": {"uv": [15, 4.5, 14.5, 5], "texture": "#0"}
			}
		},
		{
			"from": [8, 15, 11],
			"to": [9, 16, 12],
			"faces": {
				"north": {"uv": [14.5, 5.5, 15, 6], "texture": "#0"},
				"east": {"uv": [14.5, 5.5, 15, 6], "texture": "#0"},
				"south": {"uv": [15, 5.5, 14.5, 6], "texture": "#0"},
				"west": {"uv": [14.5, 5.5, 15, 6], "texture": "#0"},
				"up": {"uv": [15, 5.5, 14.5, 6], "texture": "#0"},
				"down": {"uv": [15, 5.5, 14.5, 6], "texture": "#0"}
			}
		},
		{
			"from": [7, 15, 12],
			"to": [10, 16, 13],
			"faces": {
				"north": {"uv": [14, 5, 15.5, 5.5], "texture": "#0"},
				"east": {"uv": [15, 5, 15.5, 5.5], "texture": "#0"},
				"south": {"uv": [15.5, 5, 14, 5.5], "texture": "#0"},
				"west": {"uv": [14, 5, 14.5, 5.5], "texture": "#0"},
				"up": {"uv": [15.5, 5, 14, 5.5], "texture": "#0"},
				"down": {"uv": [15.5, 5, 14, 5.5], "texture": "#0"}
			}
		},
		{
			"from": [7, 16, 9],
			"to": [8, 17, 10],
			"faces": {
				"north": {"uv": [12.5, 6.5, 13, 7], "texture": "#0"},
				"east": {"uv": [12.5, 6.5, 13, 7], "texture": "#0"},
				"south": {"uv": [13, 6.5, 12.5, 7], "texture": "#0"},
				"west": {"uv": [12.5, 6.5, 13, 7], "texture": "#0"},
				"up": {"uv": [13, 6.5, 12.5, 7], "texture": "#0"},
				"down": {"uv": [13, 6.5, 12.5, 7], "texture": "#0"}
			}
		},
		{
			"from": [7, 16, 7],
			"to": [8, 17, 8],
			"faces": {
				"north": {"uv": [12.5, 7.5, 13, 8], "texture": "#0"},
				"east": {"uv": [12.5, 7.5, 13, 8], "texture": "#0"},
				"south": {"uv": [13, 7.5, 12.5, 8], "texture": "#0"},
				"west": {"uv": [12.5, 7.5, 13, 8], "texture": "#0"},
				"up": {"uv": [13, 7.5, 12.5, 8], "texture": "#0"},
				"down": {"uv": [13, 7.5, 12.5, 8], "texture": "#0"}
			}
		},
		{
			"from": [6, 16, 8],
			"to": [9, 17, 9],
			"faces": {
				"north": {"uv": [12, 7, 13.5, 7.5], "texture": "#0"},
				"east": {"uv": [13, 7, 13.5, 7.5], "texture": "#0"},
				"south": {"uv": [13.5, 7, 12, 7.5], "texture": "#0"},
				"west": {"uv": [12, 7, 12.5, 7.5], "texture": "#0"},
				"up": {"uv": [13.5, 7, 12, 7.5], "texture": "#0"},
				"down": {"uv": [13.5, 7, 12, 7.5], "texture": "#0"}
			}
		},
		{
			"from": [3, 15.5, 11],
			"to": [4, 16.5, 12],
			"faces": {
				"north": {"uv": [12.5, 6.5, 13, 7], "texture": "#0"},
				"east": {"uv": [12.5, 6.5, 13, 7], "texture": "#0"},
				"south": {"uv": [13, 6.5, 12.5, 7], "texture": "#0"},
				"west": {"uv": [12.5, 6.5, 13, 7], "texture": "#0"},
				"up": {"uv": [13, 6.5, 12.5, 7], "texture": "#0"},
				"down": {"uv": [13, 6.5, 12.5, 7], "texture": "#0"}
			}
		},
		{
			"from": [3, 15.5, 9],
			"to": [4, 16.5, 10],
			"faces": {
				"north": {"uv": [12.5, 7.5, 13, 8], "texture": "#0"},
				"east": {"uv": [12.5, 7.5, 13, 8], "texture": "#0"},
				"south": {"uv": [13, 7.5, 12.5, 8], "texture": "#0"},
				"west": {"uv": [12.5, 7.5, 13, 8], "texture": "#0"},
				"up": {"uv": [13, 7.5, 12.5, 8], "texture": "#0"},
				"down": {"uv": [13, 7.5, 12.5, 8], "texture": "#0"}
			}
		},
		{
			"from": [2, 15.5, 10],
			"to": [5, 16.5, 11],
			"faces": {
				"north": {"uv": [12, 7, 13.5, 7.5], "texture": "#0"},
				"east": {"uv": [13, 7, 13.5, 7.5], "texture": "#0"},
				"south": {"uv": [13.5, 7, 12, 7.5], "texture": "#0"},
				"west": {"uv": [12, 7, 12.5, 7.5], "texture": "#0"},
				"up": {"uv": [13.5, 7, 12, 7.5], "texture": "#0"},
				"down": {"uv": [13.5, 7, 12, 7.5], "texture": "#0"}
			}
		},
		{
			"from": [3, 15, 7],
			"to": [4, 16, 8],
			"faces": {
				"north": {"uv": [14.5, 4.5, 15, 5], "texture": "#0"},
				"east": {"uv": [14.5, 4.5, 15, 5], "texture": "#0"},
				"south": {"uv": [15, 4.5, 14.5, 5], "texture": "#0"},
				"west": {"uv": [14.5, 4.5, 15, 5], "texture": "#0"},
				"up": {"uv": [15, 4.5, 14.5, 5], "texture": "#0"},
				"down": {"uv": [15, 4.5, 14.5, 5], "texture": "#0"}
			}
		},
		{
			"from": [3, 15, 5],
			"to": [4, 16, 6],
			"faces": {
				"north": {"uv": [14.5, 5.5, 15, 6], "texture": "#0"},
				"east": {"uv": [14.5, 5.5, 15, 6], "texture": "#0"},
				"south": {"uv": [15, 5.5, 14.5, 6], "texture": "#0"},
				"west": {"uv": [14.5, 5.5, 15, 6], "texture": "#0"},
				"up": {"uv": [15, 5.5, 14.5, 6], "texture": "#0"},
				"down": {"uv": [15, 5.5, 14.5, 6], "texture": "#0"}
			}
		},
		{
			"from": [2, 15, 6],
			"to": [5, 16, 7],
			"faces": {
				"north": {"uv": [14, 5, 15.5, 5.5], "texture": "#0"},
				"east": {"uv": [15, 5, 15.5, 5.5], "texture": "#0"},
				"south": {"uv": [15.5, 5, 14, 5.5], "texture": "#0"},
				"west": {"uv": [14, 5, 14.5, 5.5], "texture": "#0"},
				"up": {"uv": [15.5, 5, 14, 5.5], "texture": "#0"},
				"down": {"uv": [15.5, 5, 14, 5.5], "texture": "#0"}
			}
		},
		{
			"from": [10, 15, 4],
			"to": [11, 16, 5],
			"faces": {
				"north": {"uv": [12.5, 6.5, 13, 7], "texture": "#0"},
				"east": {"uv": [12.5, 6.5, 13, 7], "texture": "#0"},
				"south": {"uv": [13, 6.5, 12.5, 7], "texture": "#0"},
				"west": {"uv": [12.5, 6.5, 13, 7], "texture": "#0"},
				"up": {"uv": [13, 6.5, 12.5, 7], "texture": "#0"},
				"down": {"uv": [13, 6.5, 12.5, 7], "texture": "#0"}
			}
		},
		{
			"from": [10, 15, 2],
			"to": [11, 16, 3],
			"faces": {
				"north": {"uv": [12.5, 7.5, 13, 8], "texture": "#0"},
				"east": {"uv": [12.5, 7.5, 13, 8], "texture": "#0"},
				"south": {"uv": [13, 7.5, 12.5, 8], "texture": "#0"},
				"west": {"uv": [12.5, 7.5, 13, 8], "texture": "#0"},
				"up": {"uv": [13, 7.5, 12.5, 8], "texture": "#0"},
				"down": {"uv": [13, 7.5, 12.5, 8], "texture": "#0"}
			}
		},
		{
			"from": [9, 15, 3],
			"to": [12, 16, 4],
			"faces": {
				"north": {"uv": [12, 7, 13.5, 7.5], "texture": "#0"},
				"east": {"uv": [13, 7, 13.5, 7.5], "texture": "#0"},
				"south": {"uv": [13.5, 7, 12, 7.5], "texture": "#0"},
				"west": {"uv": [12, 7, 12.5, 7.5], "texture": "#0"},
				"up": {"uv": [13.5, 7, 12, 7.5], "texture": "#0"},
				"down": {"uv": [13.5, 7, 12, 7.5], "texture": "#0"}
			}
		},
		{
			"from": [5, 9, 8],
			"to": [6, 15, 9],
			"faces": {
				"north": {"uv": [12.5, 8.5, 13, 11.5], "texture": "#0"},
				"east": {"uv": [12.5, 8.5, 13, 11.5], "texture": "#0"},
				"south": {"uv": [13, 8.5, 12.5, 11.5], "texture": "#0"},
				"west": {"uv": [12.5, 8.5, 13, 11.5], "texture": "#0"},
				"up": {"uv": [13, 8.5, 12.5, 9], "texture": "#0"},
				"down": {"uv": [13, 11, 12.5, 11.5], "texture": "#0"}
			}
		},
		{
			"from": [11, 9, 10],
			"to": [12, 15, 11],
			"faces": {
				"north": {"uv": [12.5, 8.5, 13, 11.5], "texture": "#0"},
				"east": {"uv": [12.5, 8.5, 13, 11.5], "texture": "#0"},
				"south": {"uv": [13, 8.5, 12.5, 11.5], "texture": "#0"},
				"west": {"uv": [12.5, 8.5, 13, 11.5], "texture": "#0"},
				"up": {"uv": [13, 8.5, 12.5, 9], "texture": "#0"},
				"down": {"uv": [13, 11, 12.5, 11.5], "texture": "#0"}
			}
		},
		{
			"from": [4, 14, 11],
			"to": [7, 15, 12],
			"faces": {
				"north": {"uv": [14, 5, 15.5, 5.5], "texture": "#0"},
				"east": {"uv": [15, 5, 15.5, 5.5], "texture": "#0"},
				"south": {"uv": [15.5, 5, 14, 5.5], "texture": "#0"},
				"west": {"uv": [14, 5, 14.5, 5.5], "texture": "#0"},
				"up": {"uv": [15.5, 5, 14, 5.5], "texture": "#0"},
				"down": {"uv": [15.5, 5, 14, 5.5], "texture": "#0"}
			}
		},
		{
			"from": [5, 14, 12],
			"to": [6, 15, 13],
			"faces": {
				"north": {"uv": [14.5, 4.5, 15, 5], "texture": "#0"},
				"east": {"uv": [14.5, 4.5, 15, 5], "texture": "#0"},
				"south": {"uv": [15, 4.5, 14.5, 5], "texture": "#0"},
				"west": {"uv": [14.5, 4.5, 15, 5], "texture": "#0"},
				"up": {"uv": [15, 4.5, 14.5, 5], "texture": "#0"},
				"down": {"uv": [15, 4.5, 14.5, 5], "texture": "#0"}
			}
		},
		{
			"from": [5, 14, 10],
			"to": [6, 15, 11],
			"faces": {
				"north": {"uv": [14.5, 5.5, 15, 6], "texture": "#0"},
				"east": {"uv": [14.5, 5.5, 15, 6], "texture": "#0"},
				"south": {"uv": [15, 5.5, 14.5, 6], "texture": "#0"},
				"west": {"uv": [14.5, 5.5, 15, 6], "texture": "#0"},
				"up": {"uv": [15, 5.5, 14.5, 6], "texture": "#0"},
				"down": {"uv": [15, 5.5, 14.5, 6], "texture": "#0"}
			}
		},
		{
			"from": [5, 9, 11],
			"to": [6, 14, 12],
			"faces": {
				"north": {"uv": [12.5, 8.5, 13, 11.5], "texture": "#0"},
				"east": {"uv": [12.5, 8.5, 13, 11.5], "texture": "#0"},
				"south": {"uv": [13, 8.5, 12.5, 11.5], "texture": "#0"},
				"west": {"uv": [12.5, 8.5, 13, 11.5], "texture": "#0"},
				"up": {"uv": [13, 8.5, 12.5, 9], "texture": "#0"},
				"down": {"uv": [13, 11, 12.5, 11.5], "texture": "#0"}
			}
		}
	],
	"gui_light": "front",
	"display": {
		"thirdperson_righthand": {
			"rotation": [0, 90, 0],
			"translation": [0, 0.5, 1.25],
			"scale": [0.8, 0.8, 0.8]
		},
		"thirdperson_lefthand": {
			"rotation": [0, -90, 0],
			"translation": [0, 0.5, 1.25],
			"scale": [0.8, 0.8, 0.8]
		},
		"firstperson_righthand": {
			"rotation": [0, 97, 19],
			"translation": [1, -0.5, 0],
			"scale": [0.8, 0.8, 0.8]
		},
		"firstperson_lefthand": {
			"rotation": [0, 97, 19],
			"translation": [1, -0.5, 0],
			"scale": [-0.8, 0.8, -0.8]
		},
		"ground": {
			"rotation": [0, 0, 45],
			"translation": [0, 3, 0],
			"scale": [0.8, 0.8, 0.8]
		},
		"gui": {
			"rotation": [0, -34, -45],
			"translation": [-2.75, -2, 0],
			"scale": [-0.9, 0.9, -0.9]
		},
		"head": {
			"rotation": [0, 90, 0],
			"translation": [0, 0.25, 0]
		},
		"fixed": {
			"rotation": [0, 0, 45],
			"translation": [2.5, -2.5, -0.9]
		}
	},
	"groups": [
		{
			"name": "bouquet_of_flowers",
			"origin": [0, 0, 0],
			"color": 0,
			"children": []
		},
		0,
		1,
		2,
		3,
		4,
		5,
		6,
		7,
		8,
		9,
		10,
		11,
		12,
		13,
		14,
		15,
		16,
		17,
		18,
		19,
		20,
		21,
		22,
		23,
		24,
		25,
		26,
		27,
		28,
		29,
		30,
		31,
		32,
		33,
		{
			"name": "flowers",
			"origin": [8, 8, 8],
			"color": 0,
			"children": [34, 35, 36, 37, 38, 39, 40, 41, 42, 43, 44, 45, 46, 47, 48, 49, 50, 51, 52, 53, 54, 55, 56, 57, 58, 59, 60, 61, 62, 63, 64, 65, 66, 67, 68, 69, 70, 71, 72, 73, 74, 75, 76, 77, 78, 79, 80, 81, 82, 83, 84, 85, 86, 87, 88, 89, 90, 91, 92, 93, 94, 95, 96, 97, 98, 99, 100, 101, 102, 103, 104, 105, 106, 107, 108, 109, 110, 111, 112, 113, 114, 115, 116, 117, 118, 119, 120, 121, 122]
		}
	]
}