{
	"credit": "Daswaget",
	"texture_size": [32, 32],
	"textures": {
		"0": "dswg_weapons_plus/brass_knuckles/brass_knuckles",
		"particle": "dswg_weapons_plus/brass_knuckles/brass_knuckles_particle"
	},
	"elements": [
		{
			"from": [7, 1, 7.5],
			"to": [9, 2, 8.5],
			"faces": {
				"north": {"uv": [7.5, 9, 8.5, 9.5], "texture": "#0"},
				"east": {"uv": [7.5, 9, 8, 9.5], "texture": "#0"},
				"south": {"uv": [8.5, 9, 7.5, 9.5], "texture": "#0"},
				"west": {"uv": [8, 9, 8.5, 9.5], "texture": "#0"},
				"up": {"uv": [8.5, 9, 7.5, 9.5], "texture": "#0"},
				"down": {"uv": [8.5, 9, 7.5, 9.5], "texture": "#0"}
			}
		},
		{
			"from": [6, 0, 7.5],
			"to": [10, 1, 8.5],
			"faces": {
				"north": {"uv": [7, 9.5, 9, 10], "texture": "#0"},
				"east": {"uv": [7, 9.5, 7.5, 10], "texture": "#0"},
				"south": {"uv": [9, 9.5, 7, 10], "texture": "#0"},
				"west": {"uv": [8.5, 9.5, 9, 10], "texture": "#0"},
				"up": {"uv": [12.5, 9.5, 10.5, 10], "texture": "#0"},
				"down": {"uv": [9, 9.5, 7, 10], "texture": "#0"}
			}
		},
		{
			"from": [5, 2, 7.5],
			"to": [11, 3, 8.5],
			"faces": {
				"north": {"uv": [6.5, 8.5, 9.5, 9], "texture": "#0"},
				"east": {"uv": [6.5, 8.5, 7, 9], "texture": "#0"},
				"south": {"uv": [9.5, 8.5, 6.5, 9], "texture": "#0"},
				"west": {"uv": [9, 8.5, 9.5, 9], "texture": "#0"},
				"up": {"uv": [13, 8.5, 10, 9], "texture": "#0"},
				"down": {"uv": [6, 8.5, 3, 9], "texture": "#0"}
			}
		},
		{
			"from": [5, 3, 7.5],
			"to": [6, 4, 8.5],
			"faces": {
				"north": {"uv": [9, 8, 9.5, 8.5], "texture": "#0"},
				"east": {"uv": [9, 8, 9.5, 8.5], "texture": "#0"},
				"south": {"uv": [9.5, 8, 9, 8.5], "texture": "#0"},
				"west": {"uv": [9, 8, 9.5, 8.5], "texture": "#0"},
				"up": {"uv": [9.5, 8, 9, 8.5], "texture": "#0"},
				"down": {"uv": [9.5, 8, 9, 8.5], "texture": "#0"}
			}
		},
		{
			"from": [10, 3, 7.5],
			"to": [11, 4, 8.5],
			"faces": {
				"north": {"uv": [6.5, 8, 7, 8.5], "texture": "#0"},
				"east": {"uv": [6.5, 8, 7, 8.5], "texture": "#0"},
				"south": {"uv": [7, 8, 6.5, 8.5], "texture": "#0"},
				"west": {"uv": [6.5, 8, 7, 8.5], "texture": "#0"},
				"up": {"uv": [7, 8, 6.5, 8.5], "texture": "#0"},
				"down": {"uv": [7, 8, 6.5, 8.5], "texture": "#0"}
			}
		},
		{
			"from": [5.8, 4, 7.5],
			"to": [10.2, 5, 8.5],
			"faces": {
				"north": {"uv": [7, 7.5, 9, 8], "texture": "#0"},
				"east": {"uv": [7, 7.5, 7.5, 8], "texture": "#0"},
				"south": {"uv": [9, 7.5, 7, 8], "texture": "#0"},
				"west": {"uv": [8.5, 7.5, 9, 8], "texture": "#0"},
				"up": {"uv": [9, 7.5, 7, 8], "texture": "#0"},
				"down": {"uv": [9, 7.5, 7, 8], "texture": "#0"}
			}
		},
		{
			"from": [6.775, 3, 7.5],
			"to": [7.075, 4, 8.5],
			"faces": {
				"north": {"uv": [8.5, 10.5, 9, 11], "texture": "#0"},
				"east": {"uv": [8.5, 10.5, 9, 11], "texture": "#0"},
				"south": {"uv": [9, 10.5, 8.5, 11], "texture": "#0"},
				"west": {"uv": [8.5, 10.5, 9, 11], "texture": "#0"},
				"up": {"uv": [9, 10.5, 8.5, 11], "texture": "#0"},
				"down": {"uv": [9, 10.5, 8.5, 11], "texture": "#0"}
			}
		},
		{
			"from": [7.85, 3, 7.5],
			"to": [8.15, 4, 8.5],
			"faces": {
				"north": {"uv": [7.5, 10.5, 8, 11], "texture": "#0"},
				"east": {"uv": [7.5, 10.5, 8, 11], "texture": "#0"},
				"south": {"uv": [8, 10.5, 7.5, 11], "texture": "#0"},
				"west": {"uv": [7.5, 10.5, 8, 11], "texture": "#0"},
				"up": {"uv": [8, 10.5, 7.5, 11], "texture": "#0"},
				"down": {"uv": [8, 10.5, 7.5, 11], "texture": "#0"}
			}
		},
		{
			"from": [8.925, 3, 7.5],
			"to": [9.225, 4, 8.5],
			"faces": {
				"north": {"uv": [6.5, 10.5, 7, 11], "texture": "#0"},
				"east": {"uv": [6.5, 10.5, 7, 11], "texture": "#0"},
				"south": {"uv": [7, 10.5, 6.5, 11], "texture": "#0"},
				"west": {"uv": [6.5, 10.5, 7, 11], "texture": "#0"},
				"up": {"uv": [7, 10.5, 6.5, 11], "texture": "#0"},
				"down": {"uv": [7, 10.5, 6.5, 11], "texture": "#0"}
			}
		}
	],
	"gui_light": "front",
	"display": {
		"thirdperson_righthand": {
			"rotation": [-90, 90, 0],
			"translation": [0, -2, -4.95],
			"scale": [0.9, 0.9, 0.9]
		},
		"thirdperson_lefthand": {
			"rotation": [-90, -90, 0],
			"translation": [0, -2, -4.95],
			"scale": [0.9, 0.9, 0.9]
		},
		"firstperson_righthand": {
			"rotation": [0, 82, -65],
			"translation": [-2.25, 5.75, -1.75],
			"scale": [0.8, 0.8, 0.8]
		},
		"firstperson_lefthand": {
			"rotation": [0, 82, -65],
			"translation": [-2.25, 5.75, -1.75],
			"scale": [-0.8, 0.8, -0.8]
		},
		"ground": {
			"rotation": [0, 0, 45],
			"translation": [-4, 6, 0]
		},
		"gui": {
			"rotation": [0, 0, -45],
			"translation": [5.75, 5.75, 0],
			"scale": [-1.6, 1.6, -1]
		},
		"head": {
			"rotation": [0, 90, 0],
			"translation": [0, 13.5, 0],
			"scale": [0.9, 0.9, 0.9]
		},
		"fixed": {
			"rotation": [0, 0, 45],
			"translation": [-5, 5, -0.9],
			"scale": [1.3, 1.3, 1.3]
		}
	},
	"groups": [
		{
			"name": "brass_knuckles",
			"origin": [0, 0, 0],
			"color": 0,
			"children": []
		},
		0,
		1,
		2,
		3,
		4,
		5,
		6,
		7,
		8
	]
}