﻿{
	"credit": "Daswaget",
	"texture_size": [32, 32],
	"textures": {
		"0": "dswg_weapons_plus/crowbar/crowbar",
		"particle": "dswg_weapons_plus/crowbar/crowbar_particle"
	},
	"elements": [
		{
			"from": [7, 0, 7.5],
			"to": [9, 17, 8.5],
			"faces": {
				"north": {"uv": [7.5, 5, 8.5, 13.5], "texture": "#0"},
				"east": {"uv": [7.5, 5, 8, 13.5], "texture": "#0"},
				"south": {"uv": [8.5, 5, 7.5, 13.5], "texture": "#0"},
				"west": {"uv": [8, 5, 8.5, 13.5], "texture": "#0"},
				"up": {"uv": [8.5, 5, 7.5, 5.5], "texture": "#0"},
				"down": {"uv": [8.5, 13, 7.5, 13.5], "texture": "#0"}
			}
		},
		{
			"from": [6, 18, 7.5],
			"to": [8, 20, 8.5],
			"faces": {
				"north": {"uv": [8, 3.5, 9, 4.5], "texture": "#0"},
				"east": {"uv": [8, 3.5, 8.5, 4.5], "texture": "#0"},
				"south": {"uv": [9, 3.5, 8, 4.5], "texture": "#0"},
				"west": {"uv": [8.5, 3.5, 9, 4.5], "texture": "#0"},
				"up": {"uv": [9, 3.5, 8, 4], "texture": "#0"},
				"down": {"uv": [9, 4, 8, 4.5], "texture": "#0"}
			}
		},
		{
			"from": [6, -2, 7.5],
			"to": [8, -1, 8.5],
			"faces": {
				"north": {"uv": [8, 14, 9, 14.5], "texture": "#0"},
				"east": {"uv": [8, 14, 8.5, 14.5], "texture": "#0"},
				"south": {"uv": [9, 14, 8, 14.5], "texture": "#0"},
				"west": {"uv": [8.5, 14, 9, 14.5], "texture": "#0"},
				"up": {"uv": [9, 14, 8, 14.5], "texture": "#0"},
				"down": {"uv": [9, 14, 8, 14.5], "texture": "#0"}
			}
		},
		{
			"from": [6, 17, 7.5],
			"to": [9, 18, 8.5],
			"faces": {
				"north": {"uv": [7.5, 4.5, 9, 5], "texture": "#0"},
				"east": {"uv": [7.5, 4.5, 8, 5], "texture": "#0"},
				"south": {"uv": [9, 4.5, 7.5, 5], "texture": "#0"},
				"west": {"uv": [8.5, 4.5, 9, 5], "texture": "#0"},
				"up": {"uv": [5.5, 4.5, 4, 5], "texture": "#0"},
				"down": {"uv": [12.5, 4.5, 11, 5], "texture": "#0"}
			}
		},
		{
			"from": [6, -1, 7.5],
			"to": [9, 0, 8.5],
			"faces": {
				"north": {"uv": [7.5, 13.5, 9, 14], "texture": "#0"},
				"east": {"uv": [7.5, 13.5, 8, 14], "texture": "#0"},
				"south": {"uv": [9, 13.5, 7.5, 14], "texture": "#0"},
				"west": {"uv": [8.5, 13.5, 9, 14], "texture": "#0"},
				"up": {"uv": [11, 13.5, 9.5, 14], "texture": "#0"},
				"down": {"uv": [6.5, 13.5, 5, 14], "texture": "#0"}
			}
		},
		{
			"from": [6, 20, 7.5],
			"to": [9, 21, 8.5],
			"faces": {
				"north": {"uv": [7.5, 3, 9, 3.5], "texture": "#0"},
				"east": {"uv": [7.5, 3, 8, 3.5], "texture": "#0"},
				"south": {"uv": [9, 3, 7.5, 3.5], "texture": "#0"},
				"west": {"uv": [8.5, 3, 9, 3.5], "texture": "#0"},
				"up": {"uv": [5.5, 3, 4, 3.5], "texture": "#0"},
				"down": {"uv": [12.5, 3, 11, 3.5], "texture": "#0"}
			}
		},
		{
			"from": [7, 21, 7.5],
			"to": [12, 22, 8.5],
			"faces": {
				"north": {"uv": [6, 2.5, 8.5, 3], "texture": "#0"},
				"east": {"uv": [6, 2.5, 6.5, 3], "texture": "#0"},
				"south": {"uv": [8.5, 2.5, 6, 3], "texture": "#0"},
				"west": {"uv": [8, 2.5, 8.5, 3], "texture": "#0"},
				"up": {"uv": [5, 2.5, 2.5, 3], "texture": "#0"},
				"down": {"uv": [12, 2.5, 9.5, 3], "texture": "#0"}
			}
		},
		{
			"from": [8, 22, 7.5],
			"to": [11, 23, 8.5],
			"faces": {
				"north": {"uv": [6.5, 2, 8, 2.5], "texture": "#0"},
				"east": {"uv": [6.5, 2, 7, 2.5], "texture": "#0"},
				"south": {"uv": [8, 2, 6.5, 2.5], "texture": "#0"},
				"west": {"uv": [7.5, 2, 8, 2.5], "texture": "#0"},
				"up": {"uv": [8, 2, 6.5, 2.5], "texture": "#0"},
				"down": {"uv": [8, 2, 6.5, 2.5], "texture": "#0"}
			}
		}
	],
	"gui_light": "front",
	"display": {
		"thirdperson_righthand": {
			"rotation": [0, 90, 0],
			"translation": [0, 0.5, 1.25],
			"scale": [0.8, 0.8, 0.8]
		},
		"thirdperson_lefthand": {
			"rotation": [0, -90, 0],
			"translation": [0, 0.5, 1.25],
			"scale": [0.8, 0.8, 0.8]
		},
		"firstperson_righthand": {
			"rotation": [0, 97, 19],
			"translation": [1, -0.5, 0],
			"scale": [0.8, 0.8, 0.8]
		},
		"firstperson_lefthand": {
			"rotation": [0, 97, 19],
			"translation": [1, -0.5, 0],
			"scale": [-0.8, 0.8, -0.8]
		},
		"ground": {
			"rotation": [0, 0, 45],
			"translation": [0.25, 4.25, 0],
			"scale": [0.8, 0.8, 0.8]
		},
		"gui": {
			"rotation": [0, 0, -45],
			"translation": [-2, -2, 0],
			"scale": [-0.8, 0.8, -0.8]
		},
		"head": {
			"rotation": [0, 90, 0],
			"translation": [0, 5.5, 0],
			"scale": [0.8, 0.8, 0.8]
		},
		"fixed": {
			"rotation": [0, 0, 45],
			"translation": [2, -2, -0.9]
		}
	},
	"groups": [
		{
			"name": "crowbar",
			"origin": [0, 0, 0],
			"color": 0,
			"children": []
		},
		0,
		1,
		2,
		3,
		4,
		5,
		6,
		7
	]
}