{
	"credit": "Daswaget",
	"texture_size": [32, 32],
	"textures": {
		"0": "dswg_weapons_plus/desert_eagle/desert_eagle"
	},
	"elements": [
		{
			"from": [1, 2.5, 7.5],
			"to": [5, 3.5, 8.5],
			"faces": {
				"north": {"uv": [10.00001, 12.33334, 11.33333, 12.66667], "texture": "#0"},
				"east": {"uv": [10.00001, 12.33334, 10.33334, 12.66667], "texture": "#0"},
				"south": {"uv": [11.33333, 12.33334, 10.00001, 12.66667], "texture": "#0"},
				"west": {"uv": [11, 12.33333, 11.33333, 12.66667], "texture": "#0"},
				"up": {"uv": [11.33333, 12.33334, 10.00001, 12.66667], "texture": "#0"},
				"down": {"uv": [11.33333, 12.33334, 10.00001, 12.66667], "texture": "#0"}
			}
		},
		{
			"from": [-1, 3.5, 7.5],
			"to": [4, 4.5, 8.5],
			"faces": {
				"north": {"uv": [10.33334, 12.00001, 12, 12.33334], "texture": "#0"},
				"east": {"uv": [10.33334, 12.00001, 10.66667, 12.33334], "texture": "#0"},
				"south": {"uv": [12, 12.00001, 10.33334, 12.33334], "texture": "#0"},
				"west": {"uv": [11.66667, 12, 12, 12.33334], "texture": "#0"},
				"up": {"uv": [12, 12, 10.33334, 12.33333], "texture": "#0"},
				"down": {"uv": [12, 7.33334, 10.33334, 7.66667], "texture": "#0"}
			}
		},
		{
			"from": [1, 5.5, 7.5],
			"to": [9, 6.5, 8.5],
			"faces": {
				"north": {"uv": [9.00001, 8.33334, 11.66667, 8.66667], "texture": "#0"},
				"east": {"uv": [9.00001, 8.33334, 9.33334, 8.66667], "texture": "#0"},
				"south": {"uv": [11.66667, 8.33334, 9.00001, 8.66667], "texture": "#0"},
				"west": {"uv": [11.33334, 8.33333, 11.66667, 8.66667], "texture": "#0"},
				"up": {"uv": [11.66667, 6.66667, 9.00001, 7], "texture": "#0"},
				"down": {"uv": [11.66667, 6.66668, 9.00001, 7.00001], "texture": "#0"}
			}
		},
		{
			"from": [0, 4.5, 7.5],
			"to": [12, 5.5, 8.5],
			"faces": {
				"north": {"uv": [7.66667, 11.66668, 11.66667, 12.00001], "texture": "#0"},
				"east": {"uv": [7.66667, 11.66668, 8, 12.00001], "texture": "#0"},
				"south": {"uv": [11.66667, 11.66668, 7.66667, 12.00001], "texture": "#0"},
				"west": {"uv": [11.33334, 11.66667, 11.66667, 12.00001], "texture": "#0"},
				"up": {"uv": [11.66667, 11.66667, 7.66667, 12], "texture": "#0"},
				"down": {"uv": [11.66667, 7.00001, 7.66667, 7.33334], "texture": "#0"}
			}
		},
		{
			"from": [1, 6.5, 7.5],
			"to": [6, 7.5, 8.5],
			"faces": {
				"north": {"uv": [10.00001, 8.00001, 11.66667, 8.33334], "texture": "#0"},
				"east": {"uv": [10.00001, 8.00001, 10.33334, 8.33334], "texture": "#0"},
				"south": {"uv": [11.66667, 8.00001, 10.00001, 8.33334], "texture": "#0"},
				"west": {"uv": [11.33334, 8, 11.66667, 8.33334], "texture": "#0"},
				"up": {"uv": [11.66667, 8, 10.00001, 8.33333], "texture": "#0"},
				"down": {"uv": [11.66667, 8.00001, 10.00001, 8.33334], "texture": "#0"}
			}
		},
		{
			"from": [2.5, 5.5, 7.6],
			"to": [11.5, 6.7, 8.4],
			"faces": {
				"north": {"uv": [7.66667, 14.33334, 11, 14.66667], "texture": "#0"},
				"east": {"uv": [7.66667, 14.33334, 8, 14.66667], "texture": "#0"},
				"south": {"uv": [11, 14.33334, 7.66667, 14.66667], "texture": "#0"},
				"west": {"uv": [10.66667, 14.33333, 11, 14.66667], "texture": "#0"},
				"up": {"uv": [11, 14.33333, 7.66667, 14.66666], "texture": "#0"},
				"down": {"uv": [11, 14.33334, 7.66667, 14.66667], "texture": "#0"}
			}
		},
		{
			"from": [9, 5.5, 7.5],
			"to": [13, 6.5, 8.5],
			"faces": {
				"north": {"uv": [7.33334, 8.33334, 8.66667, 8.66667], "texture": "#0"},
				"east": {"uv": [7.33334, 8.33334, 7.66667, 8.66667], "texture": "#0"},
				"south": {"uv": [8.66667, 8.33334, 7.33334, 8.66667], "texture": "#0"},
				"west": {"uv": [8.33334, 8.33333, 8.66667, 8.66667], "texture": "#0"},
				"up": {"uv": [8.66667, 8.33333, 7.33334, 8.66666], "texture": "#0"},
				"down": {"uv": [8.66667, 6.66668, 7.33334, 7.00001], "texture": "#0"}
			}
		},
		{
			"from": [6, 6.5, 7.5],
			"to": [13, 7.5, 8.5],
			"faces": {
				"north": {"uv": [7.33334, 8.00001, 9.66667, 8.33334], "texture": "#0"},
				"east": {"uv": [7.33334, 8.00001, 7.66667, 8.33334], "texture": "#0"},
				"south": {"uv": [9.66667, 8.00001, 7.33334, 8.33334], "texture": "#0"},
				"west": {"uv": [9.33334, 8, 9.66667, 8.33334], "texture": "#0"},
				"up": {"uv": [9.66667, 8, 7.33334, 8.33333], "texture": "#0"},
				"down": {"uv": [9.66667, 8.00001, 7.33334, 8.33334], "texture": "#0"}
			}
		},
		{
			"from": [5, 3.5, 7.5],
			"to": [6, 4.5, 8.5],
			"faces": {
				"north": {"uv": [9.66667, 12.00001, 10, 12.33334], "texture": "#0"},
				"east": {"uv": [9.66667, 12.00001, 10, 12.33334], "texture": "#0"},
				"south": {"uv": [10, 12.00001, 9.66667, 12.33334], "texture": "#0"},
				"west": {"uv": [9.66667, 12, 10, 12.33334], "texture": "#0"},
				"up": {"uv": [10, 12, 9.66667, 12.33333], "texture": "#0"},
				"down": {"uv": [10, 12.00001, 9.66667, 12.33334], "texture": "#0"}
			}
		},
		{
			"from": [11.5, 7.5, 7.9],
			"to": [12.5, 7.75, 8.1],
			"faces": {
				"north": {"uv": [7.33334, 15.00001, 7.66667, 15.33334], "texture": "#0"},
				"east": {"uv": [7.33334, 15.00001, 7.66667, 15.33334], "texture": "#0"},
				"south": {"uv": [7.66667, 15.00001, 7.33334, 15.33334], "texture": "#0"},
				"west": {"uv": [7.33334, 15, 7.66667, 15.33334], "texture": "#0"},
				"up": {"uv": [7.66667, 15, 7.33334, 15.33333], "texture": "#0"},
				"down": {"uv": [7.66667, 15.00001, 7.33334, 15.33334], "texture": "#0"}
			}
		},
		{
			"from": [1.25, 7.5, 7.9],
			"to": [2.25, 7.7, 8.1],
			"faces": {
				"north": {"uv": [11, 15.00001, 11.33333, 15.33334], "texture": "#0"},
				"east": {"uv": [11, 15.00001, 11.33333, 15.33334], "texture": "#0"},
				"south": {"uv": [11.33333, 15.00001, 11, 15.33334], "texture": "#0"},
				"west": {"uv": [11, 15, 11.33333, 15.33334], "texture": "#0"},
				"up": {"uv": [11.33333, 15, 11, 15.33333], "texture": "#0"},
				"down": {"uv": [11.33333, 15.00001, 11, 15.33334], "texture": "#0"}
			}
		},
		{
			"from": [1, -0.5, 7.5],
			"to": [3, 2.5, 8.5],
			"faces": {
				"north": {"uv": [10.66667, 12.66667, 11.33333, 13.66667], "texture": "#0"},
				"east": {"uv": [10.66667, 12.66667, 11, 13.66667], "texture": "#0"},
				"south": {"uv": [11.33333, 12.66667, 10.66667, 13.66667], "texture": "#0"},
				"west": {"uv": [11, 12.66666, 11.33333, 13.66667], "texture": "#0"},
				"up": {"uv": [11.33333, 13, 10.66667, 12.66667], "texture": "#0"},
				"down": {"uv": [11.33333, 13.33334, 10.66667, 13.66667], "texture": "#0"}
			}
		}
	],
	"gui_light": "front",
	"display": {
		"thirdperson_righthand": {
			"rotation": [0, 90, 0],
			"translation": [0, 2.85, -3.35],
			"scale": [0.8, 0.8, 0.8]
		},
		"thirdperson_lefthand": {
			"rotation": [0, -90, 0],
			"translation": [0, 2.85, -3.35],
			"scale": [0.8, 0.8, 0.8]
		},
		"firstperson_righthand": {
			"rotation": [-118.86, 81.25, 132.25],
			"translation": [-5.2, 4, -1]
		},
		"firstperson_lefthand": {
			"rotation": [-118.86, 81.25, 132.25],
			"translation": [-5.2, 4, -1],
			"scale": [-1, 1, -1]
		},
		"ground": {
			"translation": [1.5, 6.5, 0],
			"scale": [0.8, 0.8, 0.8]
		},
		"gui": {
			"rotation": [0, 0, -45],
			"translation": [1, 4, 0],
			"scale": [-1, 1, -1]
		},
		"head": {
			"rotation": [0, 90, 0],
			"translation": [0, 10, -2],
			"scale": [0.7, 0.7, 0.7]
		},
		"fixed": {
			"rotation": [0, 0, 45],
			"translation": [-0.5, 4, -1]
		}
	},
	"groups": [
		{
			"name": "desert_eagle",
			"origin": [0, 0, 0],
			"color": 0,
			"children": []
		},
		0,
		1,
		2,
		3,
		4,
		5,
		6,
		7,
		8,
		9,
		10,
		11
	]
}