{
	"credit": "Daswaget",
	"texture_size": [32, 32],
	"textures": {
		"0": "dswg_weapons_plus/famas/famas"
	},
	"elements": [
		{
			"from": [3, 0.3, 7.5],
			"to": [5, 1.3, 8.5],
			"faces": {
				"north": {"uv": [9.00001, 12.33334, 9.66666, 12.66667], "texture": "#0"},
				"east": {"uv": [9.00001, 12.33334, 9.33334, 12.66667], "texture": "#0"},
				"south": {"uv": [9.66666, 12.33334, 9.00001, 12.66667], "texture": "#0"},
				"west": {"uv": [9.33333, 12.33333, 9.66666, 12.66667], "texture": "#0"},
				"up": {"uv": [9.66666, 12.33334, 9.00001, 12.66667], "texture": "#0"},
				"down": {"uv": [9.66666, 4.00001, 9.00001, 4.33334], "texture": "#0"}
			}
		},
		{
			"from": [5, -1.7, 7.5],
			"to": [6, -0.7, 8.5],
			"faces": {
				"north": {"uv": [8.66668, 13.00001, 9, 13.33334], "texture": "#0"},
				"east": {"uv": [8.66668, 13.00001, 9.00001, 13.33334], "texture": "#0"},
				"south": {"uv": [9, 13.00001, 8.66668, 13.33334], "texture": "#0"},
				"west": {"uv": [8.66667, 13, 9, 13.33334], "texture": "#0"},
				"up": {"uv": [9, 13.00001, 8.66668, 13.33334], "texture": "#0"},
				"down": {"uv": [9, 13.00001, 8.66668, 13.33334], "texture": "#0"}
			}
		},
		{
			"from": [6, 5.3, 7.6],
			"to": [6.7, 6.1, 8.4],
			"faces": {
				"north": {"uv": [8.33334, 14.33334, 8.66666, 14.66667], "texture": "#0"},
				"east": {"uv": [8.33334, 14.33334, 8.66667, 14.66667], "texture": "#0"},
				"south": {"uv": [8.66666, 14.33334, 8.33334, 14.66667], "texture": "#0"},
				"west": {"uv": [8.33333, 14.33333, 8.66666, 14.66667], "texture": "#0"},
				"up": {"uv": [8.66666, 14.33334, 8.33334, 14.66667], "texture": "#0"},
				"down": {"uv": [8.66666, 14.33334, 8.33334, 14.66667], "texture": "#0"}
			}
		},
		{
			"from": [14, 5.3, 7.5],
			"to": [15, 6.3, 8.5],
			"faces": {
				"north": {"uv": [8.66668, 13.00001, 9, 13.33334], "texture": "#0"},
				"east": {"uv": [8.66668, 13.00001, 9.00001, 13.33334], "texture": "#0"},
				"south": {"uv": [9, 13.00001, 8.66668, 13.33334], "texture": "#0"},
				"west": {"uv": [8.66667, 13, 9, 13.33334], "texture": "#0"},
				"up": {"uv": [9, 13.00001, 8.66668, 13.33334], "texture": "#0"},
				"down": {"uv": [9, 13.00001, 8.66668, 13.33334], "texture": "#0"}
			}
		},
		{
			"from": [-1, 5.3, 7.5],
			"to": [0, 6.3, 8.5],
			"faces": {
				"north": {"uv": [8.66668, 13.00001, 9, 13.33334], "texture": "#0"},
				"east": {"uv": [8.66668, 13.00001, 9.00001, 13.33334], "texture": "#0"},
				"south": {"uv": [9, 13.00001, 8.66668, 13.33334], "texture": "#0"},
				"west": {"uv": [8.66667, 13, 9, 13.33334], "texture": "#0"},
				"up": {"uv": [9, 13.00001, 8.66668, 13.33334], "texture": "#0"},
				"down": {"uv": [9, 13.00001, 8.66668, 13.33334], "texture": "#0"}
			}
		},
		{
			"from": [6, -0.7, 7.5],
			"to": [7, 1.3, 8.5],
			"faces": {
				"north": {"uv": [8.33334, 12.33334, 8.66666, 13], "texture": "#0"},
				"east": {"uv": [8.33334, 12.33334, 8.66667, 13], "texture": "#0"},
				"south": {"uv": [8.66666, 12.33334, 8.33334, 13], "texture": "#0"},
				"west": {"uv": [8.33333, 12.33333, 8.66666, 13], "texture": "#0"},
				"up": {"uv": [8.66666, 12.33334, 8.33334, 12.66667], "texture": "#0"},
				"down": {"uv": [8.66666, 12.66667, 8.33334, 13], "texture": "#0"}
			}
		},
		{
			"from": [-4, -3.7, 7.5],
			"to": [-2, -2.7, 8.5],
			"faces": {
				"north": {"uv": [11.33334, 13.66667, 12, 14], "texture": "#0"},
				"east": {"uv": [11.33334, 13.66667, 11.66667, 14], "texture": "#0"},
				"south": {"uv": [12, 13.66667, 11.33334, 14], "texture": "#0"},
				"west": {"uv": [11.66667, 13.66666, 12, 14], "texture": "#0"},
				"up": {"uv": [12, 13.66667, 11.33334, 14], "texture": "#0"},
				"down": {"uv": [12, 13.66667, 11.33334, 14], "texture": "#0"}
			}
		},
		{
			"from": [-5, 0.3, 7.5],
			"to": [-1, 1.3, 8.5],
			"faces": {
				"north": {"uv": [11.00001, 12.33334, 12.33333, 12.66667], "texture": "#0"},
				"east": {"uv": [11.00001, 12.33334, 11.33334, 12.66667], "texture": "#0"},
				"south": {"uv": [12.33333, 12.33334, 11.00001, 12.66667], "texture": "#0"},
				"west": {"uv": [12, 12.33333, 12.33333, 12.66667], "texture": "#0"},
				"up": {"uv": [12.33333, 12.33334, 11.00001, 12.66667], "texture": "#0"},
				"down": {"uv": [12.33333, 12.33334, 11.00001, 12.66667], "texture": "#0"}
			}
		},
		{
			"from": [-12, 5.3, 7.5],
			"to": [-8, 6.3, 8.5],
			"faces": {
				"north": {"uv": [13.33334, 10.66667, 14.66666, 11], "texture": "#0"},
				"east": {"uv": [13.33334, 10.66667, 13.66667, 11], "texture": "#0"},
				"south": {"uv": [14.66666, 10.66667, 13.33334, 11], "texture": "#0"},
				"west": {"uv": [14.33333, 10.66666, 14.66666, 11], "texture": "#0"},
				"up": {"uv": [14.66666, 10.66667, 13.33334, 11], "texture": "#0"},
				"down": {"uv": [14.66666, 10.66667, 13.33334, 11], "texture": "#0"}
			}
		},
		{
			"from": [-12, -0.7, 7.5],
			"to": [-9, 0.3, 8.5],
			"faces": {
				"north": {"uv": [13.66668, 12.66667, 14.66666, 13], "texture": "#0"},
				"east": {"uv": [13.66668, 12.66667, 14.00001, 13], "texture": "#0"},
				"south": {"uv": [14.66666, 12.66667, 13.66668, 13], "texture": "#0"},
				"west": {"uv": [14.33333, 12.66666, 14.66666, 13], "texture": "#0"},
				"up": {"uv": [14.66666, 12.66667, 13.66668, 13], "texture": "#0"},
				"down": {"uv": [14.66666, 12.66667, 13.66668, 13], "texture": "#0"}
			}
		},
		{
			"from": [2, -2.7, 7.5],
			"to": [5, -1.7, 8.5],
			"faces": {
				"north": {"uv": [9.00001, 13.33334, 10, 13.66667], "texture": "#0"},
				"east": {"uv": [9.00001, 13.33334, 9.33334, 13.66667], "texture": "#0"},
				"south": {"uv": [10, 13.33334, 9.00001, 13.66667], "texture": "#0"},
				"west": {"uv": [9.66667, 13.33333, 10, 13.66667], "texture": "#0"},
				"up": {"uv": [10, 13.33334, 9.00001, 13.66667], "texture": "#0"},
				"down": {"uv": [10, 13.33334, 9.00001, 13.66667], "texture": "#0"}
			}
		},
		{
			"from": [-12, 0.3, 7.5],
			"to": [-7, 1.3, 8.5],
			"faces": {
				"north": {"uv": [13.00001, 12.33334, 14.66666, 12.66667], "texture": "#0"},
				"east": {"uv": [13.00001, 12.33334, 13.33334, 12.66667], "texture": "#0"},
				"south": {"uv": [14.66666, 12.33334, 13.00001, 12.66667], "texture": "#0"},
				"west": {"uv": [14.33333, 12.33333, 14.66666, 12.66667], "texture": "#0"},
				"up": {"uv": [14.66666, 12.33334, 13.00001, 12.66667], "texture": "#0"},
				"down": {"uv": [14.66666, 4.00001, 13.00001, 4.33334], "texture": "#0"}
			}
		},
		{
			"from": [-12, 1.3, 7.5],
			"to": [14, 2.3, 8.5],
			"faces": {
				"north": {"uv": [6.00001, 12.00001, 14.66666, 12.33334], "texture": "#0"},
				"east": {"uv": [6.00001, 12.00001, 6.33334, 12.33334], "texture": "#0"},
				"south": {"uv": [14.66666, 12.00001, 6.00001, 12.33334], "texture": "#0"},
				"west": {"uv": [14.33333, 12, 14.66666, 12.33334], "texture": "#0"},
				"up": {"uv": [14.66666, 12.00001, 6.00001, 12.33334], "texture": "#0"},
				"down": {"uv": [14.66666, 3.66667, 6.00001, 4], "texture": "#0"}
			}
		},
		{
			"from": [-12, 2.3, 7.5],
			"to": [15, 3.3, 8.5],
			"faces": {
				"north": {"uv": [5.66668, 11.66667, 14.66666, 12], "texture": "#0"},
				"east": {"uv": [5.66668, 11.66667, 6.00001, 12], "texture": "#0"},
				"south": {"uv": [14.66666, 11.66667, 5.66668, 12], "texture": "#0"},
				"west": {"uv": [14.33333, 11.66666, 14.66666, 12], "texture": "#0"},
				"up": {"uv": [14.66666, 11.66667, 5.66668, 12], "texture": "#0"},
				"down": {"uv": [14.66666, 3.33334, 5.66668, 3.66667], "texture": "#0"}
			}
		},
		{
			"from": [-12, 4.3, 7.5],
			"to": [15, 5.3, 8.5],
			"faces": {
				"north": {"uv": [5.66668, 11.00001, 14.66666, 11.33334], "texture": "#0"},
				"east": {"uv": [5.66668, 11.00001, 6.00001, 11.33334], "texture": "#0"},
				"south": {"uv": [14.66666, 11.00001, 5.66668, 11.33334], "texture": "#0"},
				"west": {"uv": [14.33333, 11, 14.66666, 11.33334], "texture": "#0"},
				"up": {"uv": [14.66666, 2.66667, 5.66668, 3], "texture": "#0"},
				"down": {"uv": [14.66666, 11.00001, 5.66668, 11.33334], "texture": "#0"}
			}
		},
		{
			"from": [-12, 3.3, 7.5],
			"to": [21, 4.3, 8.5],
			"faces": {
				"north": {"uv": [3.66668, 11.33334, 14.66666, 11.66667], "texture": "#0"},
				"east": {"uv": [3.66668, 11.33334, 4.00001, 11.66667], "texture": "#0"},
				"south": {"uv": [14.66666, 11.33334, 3.66668, 11.66667], "texture": "#0"},
				"west": {"uv": [14.33333, 11.33333, 14.66666, 11.66667], "texture": "#0"},
				"up": {"uv": [14.66666, 11.33334, 3.66668, 11.66667], "texture": "#0"},
				"down": {"uv": [14.66666, 11.33334, 3.66668, 11.66667], "texture": "#0"}
			}
		},
		{
			"from": [-1, 6.3, 7.5],
			"to": [15, 7.3, 8.5],
			"faces": {
				"north": {"uv": [5.66668, 6.00001, 11, 6.33334], "texture": "#0"},
				"east": {"uv": [5.66668, 6.00001, 6.00001, 6.33334], "texture": "#0"},
				"south": {"uv": [11, 6.00001, 5.66668, 6.33334], "texture": "#0"},
				"west": {"uv": [10.66667, 6, 11, 6.33334], "texture": "#0"},
				"up": {"uv": [11, 6.00001, 5.66668, 6.33334], "texture": "#0"},
				"down": {"uv": [11, 6.00001, 5.66668, 6.33334], "texture": "#0"}
			}
		},
		{
			"from": [-0.5, 7.3, 7.5],
			"to": [14.5, 7.55, 8.5],
			"faces": {
				"north": {"uv": [6.00001, 5.66667, 11, 6], "texture": "#0"},
				"east": {"uv": [6.00001, 5.66667, 6.33334, 6], "texture": "#0"},
				"south": {"uv": [11, 5.66667, 6.00001, 6], "texture": "#0"},
				"west": {"uv": [10.66667, 5.66666, 11, 6], "texture": "#0"},
				"up": {"uv": [11, 5.66667, 6.00001, 6], "texture": "#0"},
				"down": {"uv": [11, 5.66667, 6.00001, 6], "texture": "#0"}
			}
		},
		{
			"from": [-0.5, 7.3, 7.5],
			"to": [14.5, 8.05, 7.75],
			"faces": {
				"north": {"uv": [6.00001, 5.66667, 11, 6], "texture": "#0"},
				"east": {"uv": [6.00001, 5.66667, 6.33334, 6], "texture": "#0"},
				"south": {"uv": [11, 5.66667, 6.00001, 6], "texture": "#0"},
				"west": {"uv": [10.66667, 5.66666, 11, 6], "texture": "#0"},
				"up": {"uv": [11, 5.66667, 6.00001, 6], "texture": "#0"},
				"down": {"uv": [11, 5.66667, 6.00001, 6], "texture": "#0"}
			}
		},
		{
			"from": [-0.5, 7.3, 8.25],
			"to": [14.5, 8.05, 8.5],
			"faces": {
				"north": {"uv": [6.00001, 5.66667, 11, 6], "texture": "#0"},
				"east": {"uv": [6.00001, 5.66667, 6.33334, 6], "texture": "#0"},
				"south": {"uv": [11, 5.66667, 6.00001, 6], "texture": "#0"},
				"west": {"uv": [10.66667, 5.66666, 11, 6], "texture": "#0"},
				"up": {"uv": [11, 5.66667, 6.00001, 6], "texture": "#0"},
				"down": {"uv": [11, 5.66667, 6.00001, 6], "texture": "#0"}
			}
		},
		{
			"from": [2, -1.7, 7.5],
			"to": [4, 0.3, 8.5],
			"faces": {
				"north": {"uv": [9.33334, 12.66667, 10, 13.33334], "texture": "#0"},
				"east": {"uv": [9.33334, 12.66667, 9.66667, 13.33334], "texture": "#0"},
				"south": {"uv": [10, 12.66667, 9.33334, 13.33334], "texture": "#0"},
				"west": {"uv": [9.66667, 12.66666, 10, 13.33334], "texture": "#0"},
				"up": {"uv": [10, 13, 9.33334, 12.66667], "texture": "#0"},
				"down": {"uv": [10, 13.00001, 9.33334, 13.33334], "texture": "#0"}
			}
		},
		{
			"from": [-4, -2.7, 7.5],
			"to": [-1, 0.3, 8.5],
			"faces": {
				"north": {"uv": [11, 12.66667, 12, 13.66667], "texture": "#0"},
				"east": {"uv": [11, 12.66667, 11.33333, 13.66667], "texture": "#0"},
				"south": {"uv": [12, 12.66667, 11, 13.66667], "texture": "#0"},
				"west": {"uv": [11.66667, 12.66666, 12, 13.66667], "texture": "#0"},
				"up": {"uv": [12, 13, 11, 12.66667], "texture": "#0"},
				"down": {"uv": [12, 9.00001, 11, 9.33334], "texture": "#0"}
			}
		}
	],
	"gui_light": "front",
	"display": {
		"thirdperson_righthand": {
			"rotation": [0, 90, 0],
			"translation": [0, 5.4, -2.65],
			"scale": [0.8, 0.8, 0.8]
		},
		"thirdperson_lefthand": {
			"rotation": [0, -90, 0],
			"translation": [0, 5.4, -2.65],
			"scale": [0.8, 0.8, 0.8]
		},
		"firstperson_righthand": {
			"rotation": [-118.86, 81.25, 132.25],
			"translation": [-5.2, 4, -1]
		},
		"firstperson_lefthand": {
			"rotation": [-118.86, 81.25, 132.25],
			"translation": [-5.2, 4, -1],
			"scale": [-1, 1, -1]
		},
		"ground": {
			"translation": [3, 8, 0],
			"scale": [0.8, 0.8, 0.8]
		},
		"gui": {
			"rotation": [0, 0, -45],
			"translation": [0, 8, 0],
			"scale": [-1, 1, -1]
		},
		"head": {
			"rotation": [0, 90, 0],
			"translation": [0, 11, -2],
			"scale": [0.7, 0.7, 0.7]
		},
		"fixed": {
			"rotation": [0, 0, 45],
			"translation": [1, 7.5, -1]
		}
	},
	"groups": [
		{
			"name": "famas",
			"origin": [0, 0, 0],
			"color": 0,
			"children": []
		},
		0,
		1,
		2,
		3,
		4,
		5,
		6,
		7,
		8,
		9,
		10,
		11,
		12,
		13,
		14,
		15,
		16,
		17,
		18,
		19,
		20,
		21
	]
}