{
	"credit": "Daswaget",
	"texture_size": [32, 32],
	"textures": {
		"0": "dswg_weapons_plus/glock17/glock17"
	},
	"elements": [
		{
			"from": [1, 2.5, 7.5],
			"to": [5, 3.5, 8.5],
			"faces": {
				"north": {"uv": [10.00001, 12.33334, 11.33333, 12.66667], "texture": "#0"},
				"east": {"uv": [10.00001, 12.33334, 10.33334, 12.66667], "texture": "#0"},
				"south": {"uv": [11.33333, 12.33334, 10.00001, 12.66667], "texture": "#0"},
				"west": {"uv": [11, 12.33333, 11.33333, 12.66667], "texture": "#0"},
				"up": {"uv": [11.33333, 12.33334, 10.00001, 12.66667], "texture": "#0"},
				"down": {"uv": [11.33333, 7.33334, 10.00001, 7.66667], "texture": "#0"}
			}
		},
		{
			"from": [2, 3.5, 7.5],
			"to": [4, 4.5, 8.5],
			"faces": {
				"north": {"uv": [10.33334, 12.00001, 11, 12.33334], "texture": "#0"},
				"east": {"uv": [10.33334, 12.00001, 10.66667, 12.33334], "texture": "#0"},
				"south": {"uv": [11, 12.00001, 10.33334, 12.33334], "texture": "#0"},
				"west": {"uv": [10.66667, 12, 11, 12.33334], "texture": "#0"},
				"up": {"uv": [11, 12, 10.33334, 12.33333], "texture": "#0"},
				"down": {"uv": [11, 12.00001, 10.33334, 12.33334], "texture": "#0"}
			}
		},
		{
			"from": [1, 4.5, 7.5],
			"to": [10, 5.5, 8.5],
			"faces": {
				"north": {"uv": [8.33334, 11.66668, 11.33334, 12.00001], "texture": "#0"},
				"east": {"uv": [8.33334, 11.66668, 8.66667, 12.00001], "texture": "#0"},
				"south": {"uv": [11.33334, 11.66668, 8.33334, 12.00001], "texture": "#0"},
				"west": {"uv": [11.00001, 11.66667, 11.33334, 12.00001], "texture": "#0"},
				"up": {"uv": [11.33334, 11.66667, 8.33334, 12], "texture": "#0"},
				"down": {"uv": [11.33334, 11.66668, 8.33334, 12.00001], "texture": "#0"}
			}
		},
		{
			"from": [0.75, 6.5, 7.6],
			"to": [10.75, 7.3, 8.4],
			"faces": {
				"north": {"uv": [8, 14.33335, 11, 14.66668], "texture": "#0"},
				"east": {"uv": [7.33334, 14.33335, 7.66667, 14.66668], "texture": "#0"},
				"south": {"uv": [11, 14.33335, 8, 14.66668], "texture": "#0"},
				"west": {"uv": [10.66667, 14.33334, 11, 14.66668], "texture": "#0"},
				"up": {"uv": [11, 14.33334, 8, 14.66667], "texture": "#0"},
				"down": {"uv": [11, 14.33334, 8, 14.66667], "texture": "#0"}
			}
		},
		{
			"from": [5, 3.5, 7.5],
			"to": [6, 4.5, 8.5],
			"faces": {
				"north": {"uv": [9.66667, 12.00001, 10, 12.33334], "texture": "#0"},
				"east": {"uv": [9.66667, 12.00001, 10, 12.33334], "texture": "#0"},
				"south": {"uv": [10, 12.00001, 9.66667, 12.33334], "texture": "#0"},
				"west": {"uv": [9.66667, 12, 10, 12.33334], "texture": "#0"},
				"up": {"uv": [10, 12, 9.66667, 12.33333], "texture": "#0"},
				"down": {"uv": [10, 12.00001, 9.66667, 12.33334], "texture": "#0"}
			}
		},
		{
			"from": [10.7, 6.45, 7.55],
			"to": [11.4, 7.35, 8.45],
			"faces": {
				"north": {"uv": [2.66667, 14.66668, 3, 15.00001], "texture": "#0"},
				"east": {"uv": [2.66667, 14.66668, 3, 15.00001], "texture": "#0"},
				"south": {"uv": [3, 14.66668, 2.66667, 15.00001], "texture": "#0"},
				"west": {"uv": [2.66667, 14.66667, 3, 15.00001], "texture": "#0"},
				"up": {"uv": [3, 14.66667, 2.66667, 15], "texture": "#0"},
				"down": {"uv": [3, 14.66668, 2.66667, 15.00001], "texture": "#0"}
			}
		},
		{
			"from": [11.2, 6.2, 7.3],
			"to": [19.2, 7.6, 8.7],
			"faces": {
				"north": {"uv": [0.33334, 15.33335, 2.33334, 15.66667], "texture": "#0"},
				"east": {"uv": [0.33334, 12.66668, 2.33333, 14.66668], "texture": "#0"},
				"south": {"uv": [2.33334, 15.33335, 0.33334, 15.66667], "texture": "#0"},
				"west": {"uv": [2.00001, 15.33334, 2.33334, 15.66668], "texture": "#0"},
				"up": {"uv": [2.33334, 15.33334, 0.33334, 15.66667], "texture": "#0"},
				"down": {"uv": [2.33334, 15.33334, 0.33334, 15.66667], "texture": "#0"}
			}
		},
		{
			"from": [-1, 6.5, 7.5],
			"to": [3, 7.5, 8.5],
			"faces": {
				"north": {"uv": [5, 11.00001, 6.33334, 11.33334], "texture": "#0"},
				"east": {"uv": [5, 11.00001, 5.33333, 11.33334], "texture": "#0"},
				"south": {"uv": [6.33334, 11.00001, 5, 11.33334], "texture": "#0"},
				"west": {"uv": [6.00001, 11, 6.33334, 11.33334], "texture": "#0"},
				"up": {"uv": [6.33334, 11, 5, 11.33333], "texture": "#0"},
				"down": {"uv": [6.33334, 11.00001, 5, 11.33334], "texture": "#0"}
			}
		},
		{
			"from": [-1, 5.5, 7.5],
			"to": [10, 6.5, 8.5],
			"faces": {
				"north": {"uv": [8, 11.33335, 11.66667, 11.66668], "texture": "#0"},
				"east": {"uv": [8, 11.33335, 8.33333, 11.66668], "texture": "#0"},
				"south": {"uv": [11.66667, 11.33335, 8, 11.66668], "texture": "#0"},
				"west": {"uv": [11.33334, 11.33334, 11.66667, 11.66668], "texture": "#0"},
				"up": {"uv": [11.66667, 11.33334, 8, 11.66667], "texture": "#0"},
				"down": {"uv": [11.66667, 6.66668, 8, 7.00001], "texture": "#0"}
			}
		},
		{
			"from": [-1, 7.5, 7.65],
			"to": [0, 7.75, 7.85],
			"faces": {
				"north": {"uv": [11.33334, 15.00001, 11.66667, 15.33334], "texture": "#0"},
				"east": {"uv": [11.33334, 15.00001, 11.66667, 15.33334], "texture": "#0"},
				"south": {"uv": [11.66667, 15.00001, 11.33334, 15.33334], "texture": "#0"},
				"west": {"uv": [11.33334, 15, 11.66667, 15.33334], "texture": "#0"},
				"up": {"uv": [11.66667, 15, 11.33334, 15.33333], "texture": "#0"},
				"down": {"uv": [11.66667, 15.00001, 11.33334, 15.33334], "texture": "#0"}
			}
		},
		{
			"from": [-1, 7.5, 8.15],
			"to": [0, 7.75, 8.35],
			"faces": {
				"north": {"uv": [11.33334, 15.00001, 11.66667, 15.33334], "texture": "#0"},
				"east": {"uv": [11.33334, 15.00001, 11.66667, 15.33334], "texture": "#0"},
				"south": {"uv": [11.66667, 15.00001, 11.33334, 15.33334], "texture": "#0"},
				"west": {"uv": [11.33334, 15, 11.66667, 15.33334], "texture": "#0"},
				"up": {"uv": [11.66667, 15, 11.33334, 15.33333], "texture": "#0"},
				"down": {"uv": [11.66667, 15.00001, 11.33334, 15.33334], "texture": "#0"}
			}
		},
		{
			"from": [-1, 6.5, 7.5],
			"to": [10, 7.5, 7.8],
			"faces": {
				"north": {"uv": [8, 11.00001, 11.66667, 11.33334], "texture": "#0"},
				"east": {"uv": [8, 11.00001, 8.33333, 11.33334], "texture": "#0"},
				"south": {"uv": [11.66667, 11.00001, 8, 11.33334], "texture": "#0"},
				"west": {"uv": [11.33334, 11, 11.66667, 11.33334], "texture": "#0"},
				"up": {"uv": [11.66667, 11, 8, 11.33333], "texture": "#0"},
				"down": {"uv": [11.66667, 11.00001, 8, 11.33334], "texture": "#0"}
			}
		},
		{
			"from": [5, 6.5, 7.5],
			"to": [10, 7.5, 8.5],
			"faces": {
				"north": {"uv": [2.66667, 11.00001, 4.33334, 11.33334], "texture": "#0"},
				"east": {"uv": [2.66667, 11.00001, 3, 11.33334], "texture": "#0"},
				"south": {"uv": [4.33334, 11.00001, 2.66667, 11.33334], "texture": "#0"},
				"west": {"uv": [4.00001, 11, 4.33334, 11.33334], "texture": "#0"},
				"up": {"uv": [4.33334, 11, 2.66667, 11.33333], "texture": "#0"},
				"down": {"uv": [4.33334, 11.00001, 2.66667, 11.33334], "texture": "#0"}
			}
		},
		{
			"from": [9, 7.5, 7.9],
			"to": [10, 7.75, 8.1],
			"faces": {
				"north": {"uv": [8, 15.00001, 8.33333, 15.33334], "texture": "#0"},
				"east": {"uv": [8, 15.00001, 8.33333, 15.33334], "texture": "#0"},
				"south": {"uv": [8.33333, 15.00001, 8, 15.33334], "texture": "#0"},
				"west": {"uv": [8, 15, 8.33333, 15.33334], "texture": "#0"},
				"up": {"uv": [8.33333, 15, 8, 15.33333], "texture": "#0"},
				"down": {"uv": [8.33333, 15.00001, 8, 15.33334], "texture": "#0"}
			}
		},
		{
			"from": [1, -4.5, 7.5],
			"to": [3, 2.5, 8.5],
			"faces": {
				"north": {"uv": [12.33334, 12.66667, 13, 15], "texture": "#0"},
				"east": {"uv": [12.33334, 12.66667, 12.66667, 15], "texture": "#0"},
				"south": {"uv": [13, 12.66667, 12.33334, 15], "texture": "#0"},
				"west": {"uv": [12.66667, 12.66666, 13, 15], "texture": "#0"},
				"up": {"uv": [13, 13, 12.33334, 12.66667], "texture": "#0"},
				"down": {"uv": [13, 14.66667, 12.33334, 15], "texture": "#0"}
			}
		}
	],
	"gui_light": "front",
	"display": {
		"thirdperson_righthand": {
			"rotation": [0, 90, 0],
			"translation": [0, 2.85, -3.35],
			"scale": [0.8, 0.8, 0.8]
		},
		"thirdperson_lefthand": {
			"rotation": [0, -90, 0],
			"translation": [0, 2.85, -3.35],
			"scale": [0.8, 0.8, 0.8]
		},
		"firstperson_righthand": {
			"rotation": [-118.86, 81.25, 132.25],
			"translation": [-5.2, 4, -1]
		},
		"firstperson_lefthand": {
			"rotation": [-118.86, 81.25, 132.25],
			"translation": [-5.2, 4, -1],
			"scale": [-1, 1, -1]
		},
		"ground": {
			"translation": [1.5, 6.5, 0],
			"scale": [0.8, 0.8, 0.8]
		},
		"gui": {
			"rotation": [0, 0, -45],
			"translation": [1, 4.5, 0],
			"scale": [-1, 1, -1]
		},
		"head": {
			"rotation": [0, 90, 0],
			"translation": [0, 10, -2],
			"scale": [0.7, 0.7, 0.7]
		},
		"fixed": {
			"rotation": [0, 0, 45],
			"translation": [-0.5, 4.5, -1]
		}
	},
	"groups": [
		{
			"name": "glock",
			"origin": [0, 0, 0],
			"color": 0,
			"children": []
		},
		0,
		1,
		2,
		3,
		4,
		5,
		6,
		{
			"name": "reload",
			"origin": [0, 0, 0],
			"color": 0,
			"children": [7, 8, 9, 10, 11, 12, 13]
		},
		14
	]
}