﻿{
	"credit": "Daswaget",
	"texture_size": [32, 32],
	"textures": {
		"0": "dswg_weapons_plus/golf_club/golf_club",
		"particle": "dswg_weapons_plus/golf_club/golf_club_particle"
	},
	"elements": [
		{
			"from": [7, 0, 7.5],
			"to": [9, 22, 8.5],
			"faces": {
				"north": {"uv": [7.5, 3, 8.5, 14], "texture": "#0"},
				"east": {"uv": [7.5, 3, 8, 14], "texture": "#0"},
				"south": {"uv": [8.5, 3, 7.5, 14], "texture": "#0"},
				"west": {"uv": [8, 3, 8.5, 14], "texture": "#0"},
				"up": {"uv": [8.5, 3, 7.5, 3.5], "texture": "#0"},
				"down": {"uv": [8.5, 13.5, 7.5, 14], "texture": "#0"}
			}
		},
		{
			"from": [7, 22, 7.5],
			"to": [12, 23, 8.5],
			"faces": {
				"north": {"uv": [6, 2.5, 8.5, 3], "texture": "#0"},
				"east": {"uv": [6, 2.5, 6.5, 3], "texture": "#0"},
				"south": {"uv": [8.5, 2.5, 6, 3], "texture": "#0"},
				"west": {"uv": [8, 2.5, 8.5, 3], "texture": "#0"},
				"up": {"uv": [8.5, 2.5, 6, 3], "texture": "#0"},
				"down": {"uv": [12, 2.5, 9.5, 3], "texture": "#0"}
			}
		},
		{
			"from": [8, 24, 7.5],
			"to": [13, 25, 8.5],
			"faces": {
				"north": {"uv": [5.5, 1.5, 8, 2], "texture": "#0"},
				"east": {"uv": [5.5, 1.5, 6, 2], "texture": "#0"},
				"south": {"uv": [8, 1.5, 5.5, 2], "texture": "#0"},
				"west": {"uv": [7.5, 1.5, 8, 2], "texture": "#0"},
				"up": {"uv": [11.5, 1.5, 9, 2], "texture": "#0"},
				"down": {"uv": [8, 1.5, 5.5, 2], "texture": "#0"}
			}
		},
		{
			"from": [9, 25, 7.5],
			"to": [12, 26, 8.5],
			"faces": {
				"north": {"uv": [6, 1, 7.5, 1.5], "texture": "#0"},
				"east": {"uv": [6, 1, 6.5, 1.5], "texture": "#0"},
				"south": {"uv": [7.5, 1, 6, 1.5], "texture": "#0"},
				"west": {"uv": [7, 1, 7.5, 1.5], "texture": "#0"},
				"up": {"uv": [7.5, 1, 6, 1.5], "texture": "#0"},
				"down": {"uv": [7.5, 1, 6, 1.5], "texture": "#0"}
			}
		},
		{
			"from": [7, 23, 7.5],
			"to": [13, 24, 8.5],
			"faces": {
				"north": {"uv": [5.5, 2, 8.5, 2.5], "texture": "#0"},
				"east": {"uv": [5.5, 2, 6, 2.5], "texture": "#0"},
				"south": {"uv": [8.5, 2, 5.5, 2.5], "texture": "#0"},
				"west": {"uv": [8, 2, 8.5, 2.5], "texture": "#0"},
				"up": {"uv": [12, 2, 9, 2.5], "texture": "#0"},
				"down": {"uv": [12, 2, 9, 2.5], "texture": "#0"}
			}
		}
	],
	"gui_light": "front",
	"display": {
		"thirdperson_righthand": {
			"rotation": [0, 90, 0],
			"translation": [0, 1.25, 1.25],
			"scale": [0.8, 0.8, 0.8]
		},
		"thirdperson_lefthand": {
			"rotation": [0, -90, 0],
			"translation": [0, 1.25, 1.25],
			"scale": [0.8, 0.8, 0.8]
		},
		"firstperson_righthand": {
			"rotation": [0, 97, 19],
			"translation": [1, -0.5, 0],
			"scale": [0.8, 0.8, 0.8]
		},
		"firstperson_lefthand": {
			"rotation": [0, 97, 19],
			"translation": [1, -0.5, 0],
			"scale": [-0.8, 0.8, -0.8]
		},
		"ground": {
			"rotation": [0, 0, 45],
			"translation": [1, 1.75, 0],
			"scale": [0.8, 0.8, 0.8]
		},
		"gui": {
			"rotation": [0, 0, -45],
			"translation": [-3, -3, 0],
			"scale": [-0.8, 0.8, -0.8]
		},
		"head": {
			"rotation": [0, 90, 0],
			"scale": [0.8, 0.8, 0.8]
		},
		"fixed": {
			"rotation": [0, 0, 45],
			"translation": [3.5, -3.5, -0.9]
		}
	},
	"groups": [
		{
			"name": "golf_club",
			"origin": [0, 0, 0],
			"color": 0,
			"children": []
		},
		0,
		1,
		2,
		3,
		4
	]
}