{
	"credit": "Daswaget",
	"texture_size": [32, 32],
	"textures": {
		"0": "dswg_weapons_plus/hammer/hammer",
		"particle": "dswg_weapons_plus/hammer/hammer_particle"
	},
	"elements": [
		{
			"from": [7, 0, 7.5],
			"to": [9, 12, 8.5],
			"faces": {
				"north": {"uv": [7.5, 8, 8.5, 14], "texture": "#0"},
				"east": {"uv": [7.5, 8, 8, 14], "texture": "#0"},
				"south": {"uv": [8.5, 8, 7.5, 14], "texture": "#0"},
				"west": {"uv": [8, 8, 8.5, 14], "texture": "#0"},
				"up": {"uv": [8.5, 8, 7.5, 8.5], "texture": "#0"},
				"down": {"uv": [8.5, 13.5, 7.5, 14], "texture": "#0"}
			}
		},
		{
			"from": [5.75, 12, 7],
			"to": [11.75, 13, 9],
			"faces": {
				"north": {"uv": [6, 7.5, 9, 8], "texture": "#0"},
				"east": {"uv": [6, 7.5, 6.5, 8], "texture": "#0"},
				"south": {"uv": [9, 7.5, 6, 8], "texture": "#0"},
				"west": {"uv": [8.5, 7.5, 9, 8], "texture": "#0"},
				"up": {"uv": [9, 7.5, 6, 8], "texture": "#0"},
				"down": {"uv": [9, 7.5, 6, 8], "texture": "#0"}
			}
		},
		{
			"from": [4.75, 14, 7],
			"to": [11.75, 15, 9],
			"faces": {
				"north": {"uv": [6, 6.5, 9.5, 7], "texture": "#0"},
				"east": {"uv": [6, 6.5, 6.5, 7], "texture": "#0"},
				"south": {"uv": [9.5, 6.5, 6, 7], "texture": "#0"},
				"west": {"uv": [9, 6.5, 9.5, 7], "texture": "#0"},
				"up": {"uv": [9.5, 6.5, 6, 7], "texture": "#0"},
				"down": {"uv": [9.5, 6.5, 6, 7], "texture": "#0"}
			}
		},
		{
			"from": [3.75, 13, 7],
			"to": [11.75, 14, 9],
			"faces": {
				"north": {"uv": [6, 7, 10, 7.5], "texture": "#0"},
				"east": {"uv": [6, 7, 6.5, 7.5], "texture": "#0"},
				"south": {"uv": [10, 7, 6, 7.5], "texture": "#0"},
				"west": {"uv": [9.5, 7, 10, 7.5], "texture": "#0"},
				"up": {"uv": [10, 7, 6, 7.5], "texture": "#0"},
				"down": {"uv": [14.5, 7, 10.5, 7.5], "texture": "#0"}
			}
		}
	],
	"gui_light": "front",
	"display": {
		"thirdperson_righthand": {
			"rotation": [0, 90, 0],
			"translation": [0, 1.75, 1.25],
			"scale": [0.8, 0.8, 0.8]
		},
		"thirdperson_lefthand": {
			"rotation": [0, -90, 0],
			"translation": [0, 1.75, 1.25],
			"scale": [0.8, 0.8, 0.8]
		},
		"firstperson_righthand": {
			"rotation": [0, 97, 19],
			"translation": [1, 1, 0],
			"scale": [0.8, 0.8, 0.8]
		},
		"firstperson_lefthand": {
			"rotation": [0, 97, 19],
			"translation": [1, 1, 0],
			"scale": [-0.8, 0.8, -0.8]
		},
		"ground": {
			"rotation": [0, 0, 45],
			"translation": [-0.25, 3.75, 0],
			"scale": [0.8, 0.8, 0.8]
		},
		"gui": {
			"rotation": [0, 0, -45],
			"translation": [-0.5, -1, 0],
			"scale": [-1, 1, -1]
		},
		"head": {
			"rotation": [0, 90, 0],
			"translation": [0, 9, 0],
			"scale": [0.8, 0.8, 0.8]
		},
		"fixed": {
			"rotation": [0, 0, 45],
			"translation": [0.5, -1, -0.9]
		}
	},
	"groups": [
		{
			"name": "hammer",
			"origin": [0, 0, 0],
			"color": 0,
			"children": []
		},
		0,
		1,
		2,
		3
	]
}