{
	"credit": "Daswaget",
	"texture_size": [32, 32],
	"textures": {
		"0": "dswg_weapons_plus/kar98k/kar98k",
		"2": "dswg_weapons_plus/kar98k/kar98k_scope_2",
		"3": "dswg_weapons_plus/kar98k/kar98k_scope_3"
	},
	"elements": [
		{
			"from": [-7, 3.5, 7.5],
			"to": [14, 4.5, 8.5],
			"rotation": {"angle": 0, "axis": "y", "origin": [8, 4, 8]},
			"faces": {
				"north": {"uv": [7.66667, 12.00001, 14.66666, 12.33334], "texture": "#0"},
				"east": {"uv": [7.66667, 12.00001, 8, 12.33334], "texture": "#0"},
				"south": {"uv": [14.66666, 12.00001, 7.66667, 12.33334], "texture": "#0"},
				"west": {"uv": [14.33333, 12, 14.66666, 12.33334], "texture": "#0"},
				"up": {"uv": [14.66666, 5, 7.66667, 5.33333], "texture": "#0"},
				"down": {"uv": [14.66666, 5.00001, 7.66667, 5.33334], "texture": "#0"}
			}
		},
		{
			"from": [0, 4.5, 7.5],
			"to": [25, 5.5, 8.5],
			"rotation": {"angle": 0, "axis": "y", "origin": [8, 4, 8]},
			"faces": {
				"north": {"uv": [4.00001, 11.66668, 12.33332, 12.00001], "texture": "#0"},
				"east": {"uv": [4.00001, 11.66668, 4.33334, 12.00001], "texture": "#0"},
				"south": {"uv": [12.33332, 11.66668, 4.00001, 12.00001], "texture": "#0"},
				"west": {"uv": [11.99999, 11.66667, 12.33332, 12.00001], "texture": "#0"},
				"up": {"uv": [12.33332, 4.66667, 4.00001, 5], "texture": "#0"},
				"down": {"uv": [12.33332, 11.66667, 4.00001, 12], "texture": "#0"}
			}
		},
		{
			"from": [2, 5.5, 7.5],
			"to": [27, 6.5, 8.5],
			"rotation": {"angle": 0, "axis": "y", "origin": [8, 4, 8]},
			"faces": {
				"north": {"uv": [3.33334, 11.33334, 11.66666, 11.66667], "texture": "#0"},
				"east": {"uv": [3.33334, 11.33334, 3.66667, 11.66667], "texture": "#0"},
				"south": {"uv": [11.66666, 11.33334, 3.33334, 11.66667], "texture": "#0"},
				"west": {"uv": [11.33333, 11.33333, 11.66666, 11.66667], "texture": "#0"},
				"up": {"uv": [11.66666, 4.33333, 3.33334, 4.66666], "texture": "#0"},
				"down": {"uv": [11.66666, 4.33334, 3.33334, 4.66667], "texture": "#0"}
			}
		},
		{
			"from": [10, 6.5, 7.5],
			"to": [32, 7.5, 8.5],
			"rotation": {"angle": 0, "axis": "y", "origin": [8, 4, 8]},
			"faces": {
				"north": {"uv": [1.66667, 11.00001, 9, 11.33334], "texture": "#0"},
				"east": {"uv": [1.66667, 11.00001, 2, 11.33334], "texture": "#0"},
				"south": {"uv": [9, 11.00001, 1.66667, 11.33334], "texture": "#0"},
				"west": {"uv": [8.66667, 11, 9, 11.33334], "texture": "#0"},
				"up": {"uv": [9, 11, 1.66667, 11.33333], "texture": "#0"},
				"down": {"uv": [9, 11.00001, 1.66667, 11.33334], "texture": "#0"}
			}
		},
		{
			"from": [6, 6.5, 7.5],
			"to": [7, 8.5, 8.5],
			"rotation": {"angle": 0, "axis": "y", "origin": [8, 4, 8]},
			"faces": {
				"north": {"uv": [10, 10.66668, 10.33333, 11.33334], "texture": "#0"},
				"east": {"uv": [10, 10.66668, 10.33333, 11.33334], "texture": "#0"},
				"south": {"uv": [10.33333, 10.66668, 10, 11.33334], "texture": "#0"},
				"west": {"uv": [10, 10.66667, 10.33333, 11.33334], "texture": "#0"},
				"up": {"uv": [10.33333, 10.66667, 10, 11], "texture": "#0"},
				"down": {"uv": [10.33333, 11.00001, 10, 11.33334], "texture": "#0"}
			}
		},
		{
			"from": [10, 7.5, 7.5],
			"to": [11, 8.5, 8.5],
			"rotation": {"angle": 0, "axis": "y", "origin": [8, 4, 8]},
			"faces": {
				"north": {"uv": [8.66667, 10.66668, 9, 11.00001], "texture": "#0"},
				"east": {"uv": [8.66667, 10.66668, 9, 11.00001], "texture": "#0"},
				"south": {"uv": [9, 10.66668, 8.66667, 11.00001], "texture": "#0"},
				"west": {"uv": [8.66667, 10.66667, 9, 11.00001], "texture": "#0"},
				"up": {"uv": [9, 10.66667, 8.66667, 11], "texture": "#0"},
				"down": {"uv": [9, 10.66668, 8.66667, 11.00001], "texture": "#0"}
			}
		},
		{
			"from": [30.25, 7.5, 7.9],
			"to": [31, 8.5, 8.1],
			"rotation": {"angle": 0, "axis": "y", "origin": [8, 4, 8]},
			"faces": {
				"north": {"uv": [2, 10.66668, 2.33333, 11.00001], "texture": "#0"},
				"east": {"uv": [2, 10.66668, 2.33333, 11.00001], "texture": "#0"},
				"south": {"uv": [2.33333, 10.66668, 2, 11.00001], "texture": "#0"},
				"west": {"uv": [2, 10.66667, 2.33333, 11.00001], "texture": "#0"},
				"up": {"uv": [2.33333, 10.66667, 2, 11], "texture": "#0"},
				"down": {"uv": [2.33333, 10.66668, 2, 11.00001], "texture": "#0"}
			}
		},
		{
			"from": [-7, 2.5, 7.5],
			"to": [2, 3.5, 8.5],
			"rotation": {"angle": 0, "axis": "y", "origin": [8, 4, 8]},
			"faces": {
				"north": {"uv": [11.66667, 12.33334, 14.66666, 12.66667], "texture": "#0"},
				"east": {"uv": [11.66667, 12.33334, 12, 12.66667], "texture": "#0"},
				"south": {"uv": [14.66666, 12.33334, 11.66667, 12.66667], "texture": "#0"},
				"west": {"uv": [14.33333, 12.33333, 14.66666, 12.66667], "texture": "#0"},
				"up": {"uv": [14.66666, 12.33333, 11.66667, 12.66666], "texture": "#0"},
				"down": {"uv": [14.66666, 5.33334, 11.66667, 5.66667], "texture": "#0"}
			}
		},
		{
			"from": [3, 8.5, 7],
			"to": [13, 10.5, 9],
			"rotation": {"angle": 0, "axis": "y", "origin": [8, 4, 8]},
			"faces": {
				"north": {"uv": [8, 10.00001, 11.33333, 10.66667], "texture": "#0"},
				"east": {"uv": [16, 0, 0, 16], "texture": "#2"},
				"south": {"uv": [11.33333, 10.00001, 8, 10.66667], "texture": "#0"},
				"west": {"uv": [0, 0, 16, 16], "texture": "#3"},
				"up": {"uv": [11.33333, 10, 8, 10.33333], "texture": "#0"},
				"down": {"uv": [11.33333, 10.33334, 8, 10.66667], "texture": "#0"}
			}
		},
		{
			"from": [-7, 1.5, 7.5],
			"to": [0, 2.5, 8.5],
			"rotation": {"angle": 0, "axis": "y", "origin": [8, 4, 8]},
			"faces": {
				"north": {"uv": [12.00001, 12.66668, 14.66666, 13.00001], "texture": "#0"},
				"east": {"uv": [12.00001, 12.66668, 12.33334, 13.00001], "texture": "#0"},
				"south": {"uv": [14.66666, 12.66668, 12.00001, 13.00001], "texture": "#0"},
				"west": {"uv": [14.33333, 12.66667, 14.66666, 13.00001], "texture": "#0"},
				"up": {"uv": [14.66666, 12.66667, 12.00001, 13], "texture": "#0"},
				"down": {"uv": [14.66666, 5.66667, 12.00001, 6], "texture": "#0"}
			}
		},
		{
			"from": [-7, 0.5, 7.5],
			"to": [-2, 1.5, 8.5],
			"rotation": {"angle": 0, "axis": "y", "origin": [8, 4, 8]},
			"faces": {
				"north": {"uv": [12.66667, 13.00001, 14.66666, 13.33334], "texture": "#0"},
				"east": {"uv": [12.66667, 13.00001, 13, 13.33334], "texture": "#0"},
				"south": {"uv": [14.66666, 13.00001, 12.66667, 13.33334], "texture": "#0"},
				"west": {"uv": [14.33333, 13, 14.66666, 13.33334], "texture": "#0"},
				"up": {"uv": [14.66666, 13, 12.66667, 13.33333], "texture": "#0"},
				"down": {"uv": [14.66666, 13.00001, 12.66667, 13.33334], "texture": "#0"}
			}
		},
		{
			"from": [3, 2.5, 7.5],
			"to": [5, 3.5, 8.5],
			"rotation": {"angle": 0, "axis": "y", "origin": [8, 4, 8]},
			"faces": {
				"north": {"uv": [10.66667, 12.33334, 11.33333, 12.66667], "texture": "#0"},
				"east": {"uv": [10.66667, 12.33334, 11, 12.66667], "texture": "#0"},
				"south": {"uv": [11.33333, 12.33334, 10.66667, 12.66667], "texture": "#0"},
				"west": {"uv": [11, 12.33333, 11.33333, 12.66667], "texture": "#0"},
				"up": {"uv": [11.33333, 12.33333, 10.66667, 12.66666], "texture": "#0"},
				"down": {"uv": [11.33333, 5.33334, 10.66667, 5.66667], "texture": "#0"}
			}
		},
		{
			"from": [5.1, 7.2, 7.7],
			"to": [5.9, 8.4, 8.3],
			"rotation": {"angle": 0, "axis": "x", "origin": [5.5, 7, 8]},
			"faces": {
				"north": {"uv": [10.33333, 13.66666, 10.00001, 14], "rotation": 180, "texture": "#0"},
				"east": {"uv": [10.00001, 14, 10.33334, 14.33333], "rotation": 90, "texture": "#0"},
				"south": {"uv": [10.33333, 14, 10.00001, 14.33334], "texture": "#0"},
				"west": {"uv": [10, 13.66667, 10.33333, 14.33334], "rotation": 270, "texture": "#0"},
				"up": {"uv": [10.33333, 13.66667, 10.00001, 14.33334], "texture": "#0"},
				"down": {"uv": [10.00001, 14, 10.33333, 14.33334], "rotation": 180, "texture": "#0"}
			}
		},
		{
			"from": [4, 1.5, 7.5],
			"to": [6, 2.5, 8.5],
			"rotation": {"angle": 0, "axis": "y", "origin": [8, 4, 8]},
			"faces": {
				"north": {"uv": [10.33334, 12.66667, 11, 13], "texture": "#0"},
				"east": {"uv": [10.33334, 12.66667, 10.66667, 13], "texture": "#0"},
				"south": {"uv": [11, 12.66667, 10.33334, 13], "texture": "#0"},
				"west": {"uv": [10.66667, 12.66666, 11, 13], "texture": "#0"},
				"up": {"uv": [11, 12.66666, 10.33334, 12.99999], "texture": "#0"},
				"down": {"uv": [11, 12.66667, 10.33334, 13], "texture": "#0"}
			}
		},
		{
			"from": [3, 6.5, 7.6],
			"to": [11, 7.4, 8.4],
			"rotation": {"angle": 0, "axis": "y", "origin": [8, 4, 8]},
			"faces": {
				"north": {"uv": [8.66668, 13.33334, 11, 13.66667], "texture": "#0"},
				"east": {"uv": [8.66668, 13.33334, 9.00001, 13.66667], "texture": "#0"},
				"south": {"uv": [11, 13.33334, 8.66668, 13.66667], "texture": "#0"},
				"west": {"uv": [10.66667, 13.33333, 11, 13.66667], "texture": "#0"},
				"up": {"uv": [11, 13.33333, 8.66668, 13.66666], "texture": "#0"},
				"down": {"uv": [11, 13.33334, 8.66668, 13.66667], "texture": "#0"}
			}
		},
		{
			"from": [6, 2.5, 7.5],
			"to": [7, 3.5, 8.5],
			"rotation": {"angle": 0, "axis": "y", "origin": [8, 4, 8]},
			"faces": {
				"north": {"uv": [10.00001, 12.33334, 10.33333, 12.66667], "texture": "#0"},
				"east": {"uv": [10.00001, 12.33334, 10.33334, 12.66667], "texture": "#0"},
				"south": {"uv": [10.33333, 12.33334, 10.00001, 12.66667], "texture": "#0"},
				"west": {"uv": [10, 12.33333, 10.33333, 12.66667], "texture": "#0"},
				"up": {"uv": [10.33333, 12.33333, 10.00001, 12.66666], "texture": "#0"},
				"down": {"uv": [10.33333, 12.33334, 10.00001, 12.66667], "texture": "#0"}
			}
		}
	],
	"gui_light": "front",
	"display": {
		"thirdperson_righthand": {
			"rotation": [0, 90, 0],
			"translation": [0, 3.65, -2.65],
			"scale": [0.8, 0.8, 0.8]
		},
		"thirdperson_lefthand": {
			"rotation": [0, -90, 0],
			"translation": [0, 3.65, -2.65],
			"scale": [0.8, 0.8, 0.8]
		},
		"firstperson_righthand": {
			"rotation": [0, 75, 0],
			"translation": [-1.5, 6.25, 0]
		},
		"firstperson_lefthand": {
			"rotation": [0, 75, 0],
			"translation": [-1.5, 6.25, 0],
			"scale": [-1, 1, -1]
		},
		"ground": {
			"translation": [0, 8, 0],
			"scale": [0.8, 0.8, 0.8]
		},
		"gui": {
			"rotation": [0, 0, -45],
			"translation": [2.5, 2.5, 0],
			"scale": [-1, 1, -1]
		},
		"head": {
			"rotation": [0, 90, 0],
			"translation": [0, 8.5, -2],
			"scale": [0.7, 0.7, 0.7]
		},
		"fixed": {
			"rotation": [0, 0, 45],
			"translation": [-2.5, 2.5, -1]
		}
	},
	"groups": [
		{
			"name": "kar98k",
			"origin": [0, 0, 0],
			"color": 0,
			"children": []
		},
		0,
		1,
		2,
		3,
		4,
		5,
		6,
		7,
		8,
		9,
		10,
		11,
		12,
		13,
		14,
		15
	]
}