﻿{
	"credit": "Daswaget",
	"texture_size": [32, 32],
	"textures": {
		"0": "dswg_weapons_plus/knife/kitchen_knife",
		"particle": "dswg_weapons_plus/knife/kitchen_knife_particle"
	},
	"elements": [
		{
			"from": [7, 0, 7.5],
			"to": [9, 8, 8.5],
			"faces": {
				"north": {"uv": [7.5, 10, 8.5, 14], "texture": "#0"},
				"east": {"uv": [7.5, 10, 8, 14], "texture": "#0"},
				"south": {"uv": [8.5, 10, 7.5, 14], "texture": "#0"},
				"west": {"uv": [8, 10, 8.5, 14], "texture": "#0"},
				"up": {"uv": [8.5, 10, 7.5, 10.5], "texture": "#0"},
				"down": {"uv": [8.5, 13.5, 7.5, 14], "texture": "#0"}
			}
		},
		{
			"from": [7, 18, 7.5],
			"to": [9, 20, 8.5],
			"faces": {
				"north": {"uv": [7.5, 4, 8.5, 5], "texture": "#0"},
				"east": {"uv": [7.5, 4, 8, 5], "texture": "#0"},
				"south": {"uv": [8.5, 4, 7.5, 5], "texture": "#0"},
				"west": {"uv": [8, 4, 8.5, 5], "texture": "#0"},
				"up": {"uv": [10.5, 4, 9.5, 4.5], "texture": "#0"},
				"down": {"uv": [8.5, 4.5, 7.5, 5], "texture": "#0"}
			}
		},
		{
			"from": [7, 20, 7.5],
			"to": [8, 21, 8.5],
			"faces": {
				"north": {"uv": [8, 3.5, 8.5, 4], "texture": "#0"},
				"east": {"uv": [8, 3.5, 8.5, 4], "texture": "#0"},
				"south": {"uv": [8.5, 3.5, 8, 4], "texture": "#0"},
				"west": {"uv": [8, 3.5, 8.5, 4], "texture": "#0"},
				"up": {"uv": [8.5, 3.5, 8, 4], "texture": "#0"},
				"down": {"uv": [8.5, 3.5, 8, 4], "texture": "#0"}
			}
		},
		{
			"from": [7, 8, 7.5],
			"to": [10, 18, 8.5],
			"faces": {
				"north": {"uv": [7, 5, 8.5, 10], "texture": "#0"},
				"east": {"uv": [7, 5, 7.5, 10], "texture": "#0"},
				"south": {"uv": [8.5, 5, 7, 10], "texture": "#0"},
				"west": {"uv": [8, 5, 8.5, 10], "texture": "#0"},
				"up": {"uv": [10.5, 5, 9, 5.5], "texture": "#0"},
				"down": {"uv": [8.5, 9.5, 7, 10], "texture": "#0"}
			}
		}
	],
	"gui_light": "front",
	"display": {
		"thirdperson_righthand": {
			"rotation": [0, 90, 0],
			"translation": [0, 1.5, 1.25],
			"scale": [0.8, 0.8, 0.8]
		},
		"thirdperson_lefthand": {
			"rotation": [0, -90, 0],
			"translation": [0, 1.5, 1.25],
			"scale": [0.8, 0.8, 0.8]
		},
		"firstperson_righthand": {
			"rotation": [0, 97, 19],
			"translation": [1, -0.5, 0],
			"scale": [0.8, 0.8, 0.8]
		},
		"firstperson_lefthand": {
			"rotation": [0, 97, 19],
			"translation": [1, -0.5, 0],
			"scale": [-0.8, 0.8, -0.8]
		},
		"ground": {
			"rotation": [0, 0, 45],
			"translation": [0, 4.75, 0],
			"scale": [0.8, 0.8, 0.8]
		},
		"gui": {
			"rotation": [0, 0, -45],
			"translation": [-2, -2, 0],
			"scale": [-0.8, 0.8, -0.8]
		},
		"head": {
			"rotation": [0, 90, 0],
			"translation": [0, 6.25, 0],
			"scale": [0.8, 0.8, 0.8]
		},
		"fixed": {
			"rotation": [0, 0, 45],
			"translation": [2.5, -2.5, -0.9]
		}
	},
	"groups": [
		{
			"name": "kitchen_knife",
			"origin": [0, 0, 0],
			"color": 0,
			"children": []
		},
		0,
		1,
		2,
		3
	]
}