{
	"credit": "Daswaget",
	"texture_size": [32, 32],
	"textures": {
		"0": "dswg_weapons_plus/l96/l96",
		"1": "dswg_weapons_plus/l96/l96_scope",
		"2": "dswg_weapons_plus/l96/l96_scope_2",
		"3": "dswg_weapons_plus/l96/l96_scope_3"
	},
	"elements": [
		{
			"from": [-1.35, 6.7, 7.5],
			"to": [29.65, 7.7, 8.5],
			"rotation": {"angle": 0, "axis": "y", "origin": [8, 4, 8]},
			"faces": {
				"north": {"uv": [14.66666, 12.00001, 4.33334, 12.33334], "texture": "#0"},
				"east": {"uv": [14.33333, 12, 14.66666, 12.33334], "texture": "#0"},
				"south": {"uv": [4.33334, 12.00001, 14.66666, 12.33334], "texture": "#0"},
				"west": {"uv": [4.33334, 12.00001, 4.66667, 12.33334], "texture": "#0"},
				"up": {"uv": [14.66666, 12, 4.33334, 12.33333], "rotation": 180, "texture": "#0"},
				"down": {"uv": [14.66666, 5.33334, 4.33334, 5.66667], "rotation": 180, "texture": "#0"}
			}
		},
		{
			"from": [-1.35, 7.7, 7.5],
			"to": [29.65, 8.7, 8.5],
			"rotation": {"angle": 0, "axis": "y", "origin": [8, 4, 8]},
			"faces": {
				"north": {"uv": [14.66665, 11.66668, 4.33334, 12.00001], "texture": "#0"},
				"east": {"uv": [14.33332, 11.66667, 14.66665, 12.00001], "texture": "#0"},
				"south": {"uv": [4.33334, 11.66668, 14.66665, 12.00001], "texture": "#0"},
				"west": {"uv": [4.33334, 11.66668, 4.66667, 12.00001], "texture": "#0"},
				"up": {"uv": [14.66665, 5, 4.33334, 5.33333], "rotation": 180, "texture": "#0"},
				"down": {"uv": [14.66665, 11.66667, 4.33334, 12], "rotation": 180, "texture": "#0"}
			}
		},
		{
			"from": [-11.35, 8.7, 7.5],
			"to": [11.65, 9.7, 8.5],
			"rotation": {"angle": 0, "axis": "y", "origin": [8, 4, 8]},
			"faces": {
				"north": {"uv": [9.33333, 11.33334, 1.00001, 11.66667], "texture": "#0"},
				"east": {"uv": [9, 11.33333, 9.33333, 11.66667], "texture": "#0"},
				"south": {"uv": [1.00001, 11.33334, 9.33333, 11.66667], "texture": "#0"},
				"west": {"uv": [1.00001, 11.33334, 1.33334, 11.66667], "texture": "#0"},
				"up": {"uv": [9.33333, 11.33333, 1.00001, 11.66666], "rotation": 180, "texture": "#0"},
				"down": {"uv": [9.33333, 11.33334, 1.00001, 11.66667], "rotation": 180, "texture": "#0"}
			}
		},
		{
			"from": [11.15, 8.7, 7.75],
			"to": [17.15, 9.7, 8.5],
			"rotation": {"angle": 0, "axis": "y", "origin": [8, 4, 8]},
			"faces": {
				"north": {"uv": [9.33333, 11.33334, 1.00001, 11.66667], "texture": "#0"},
				"east": {"uv": [9, 11.33333, 9.33333, 11.66667], "texture": "#0"},
				"south": {"uv": [1.00001, 11.33334, 9.33333, 11.66667], "texture": "#0"},
				"west": {"uv": [1.00001, 11.33334, 1.33334, 11.66667], "texture": "#0"},
				"up": {"uv": [9.33333, 11.33333, 1.00001, 11.66666], "rotation": 180, "texture": "#0"},
				"down": {"uv": [9.33333, 11.33334, 1.00001, 11.66667], "rotation": 180, "texture": "#0"}
			}
		},
		{
			"from": [15.65, 8.7, 7.5],
			"to": [17.65, 9.7, 8.5],
			"rotation": {"angle": 0, "axis": "y", "origin": [8, 4, 8]},
			"faces": {
				"north": {"uv": [10.66666, 11.33334, 10.00001, 11.66667], "texture": "#0"},
				"east": {"uv": [10, 11.33333, 10.66666, 11.66667], "texture": "#0"},
				"south": {"uv": [10.00001, 11.33334, 10.66666, 11.66667], "texture": "#0"},
				"west": {"uv": [10.00001, 11.33334, 10.33334, 11.66667], "texture": "#0"},
				"up": {"uv": [10.66666, 11.33333, 10.33334, 11.66666], "rotation": 180, "texture": "#0"},
				"down": {"uv": [10.66666, 11.33334, 10.00001, 11.66667], "rotation": 180, "texture": "#0"}
			}
		},
		{
			"from": [15.65, 9.7, 7.5],
			"to": [16.65, 10.7, 8.5],
			"rotation": {"angle": 0, "axis": "y", "origin": [8, 4, 8]},
			"faces": {
				"north": {"uv": [10.33333, 11.00001, 10, 11.33334], "texture": "#0"},
				"east": {"uv": [10, 11, 10.33333, 11.33334], "texture": "#0"},
				"south": {"uv": [10, 11.00001, 10.33333, 11.33334], "texture": "#0"},
				"west": {"uv": [10, 11.00001, 10.33333, 11.33334], "texture": "#0"},
				"up": {"uv": [10.33333, 11, 10, 11.33333], "rotation": 180, "texture": "#0"},
				"down": {"uv": [10.33333, 11.00001, 10, 11.33334], "rotation": 180, "texture": "#0"}
			}
		},
		{
			"from": [10.65, 9.7, 7.5],
			"to": [11.65, 10.7, 8.5],
			"rotation": {"angle": 0, "axis": "y", "origin": [8, 4, 8]},
			"faces": {
				"north": {"uv": [8.66666, 11.00001, 8.33333, 11.33334], "texture": "#0"},
				"east": {"uv": [8.33333, 11, 8.66666, 11.33334], "texture": "#0"},
				"south": {"uv": [8.33333, 11.00001, 8.66666, 11.33334], "texture": "#0"},
				"west": {"uv": [8.33333, 11.00001, 8.66666, 11.33334], "texture": "#0"},
				"up": {"uv": [8.66666, 11, 8.33333, 11.33333], "rotation": 180, "texture": "#0"},
				"down": {"uv": [8.66666, 11.00001, 8.33333, 11.33334], "rotation": 180, "texture": "#0"}
			}
		},
		{
			"from": [21.65, 5.7, 7.5],
			"to": [29.65, 6.7, 8.5],
			"rotation": {"angle": 0, "axis": "y", "origin": [8, 4, 8]},
			"faces": {
				"north": {"uv": [14.66666, 12.33334, 12, 12.66667], "texture": "#0"},
				"east": {"uv": [14.33333, 12.33333, 14.66666, 12.66667], "texture": "#0"},
				"south": {"uv": [12, 12.33334, 14.66666, 12.66667], "texture": "#0"},
				"west": {"uv": [12, 12.33334, 12.33333, 12.66667], "texture": "#0"},
				"up": {"uv": [14.66666, 12.33333, 12, 12.66666], "rotation": 180, "texture": "#0"},
				"down": {"uv": [14.66666, 12.33334, 12, 12.66667], "rotation": 180, "texture": "#0"}
			}
		},
		{
			"from": [23.65, 8.7, 7.5],
			"to": [29.65, 9.7, 8.5],
			"rotation": {"angle": 0, "axis": "y", "origin": [8, 4, 8]},
			"faces": {
				"north": {"uv": [14.66666, 11.33334, 12.66667, 11.66667], "texture": "#0"},
				"east": {"uv": [14.33333, 11.33333, 14.66666, 11.66667], "texture": "#0"},
				"south": {"uv": [12.66667, 11.33334, 14.66666, 11.66667], "texture": "#0"},
				"west": {"uv": [12.66667, 11.33334, 13, 11.66667], "texture": "#0"},
				"up": {"uv": [14.66666, 11.33333, 12.66667, 11.66666], "rotation": 180, "texture": "#0"},
				"down": {"uv": [14.66666, 11.33334, 12.66667, 11.66667], "rotation": 180, "texture": "#0"}
			}
		},
		{
			"from": [20.65, 4.7, 7.5],
			"to": [29.65, 5.7, 8.5],
			"rotation": {"angle": 0, "axis": "y", "origin": [8, 4, 8]},
			"faces": {
				"north": {"uv": [14.66666, 12.66668, 11.66668, 13.00001], "texture": "#0"},
				"east": {"uv": [14.33333, 12.66667, 14.66666, 13.00001], "texture": "#0"},
				"south": {"uv": [11.66668, 12.66668, 14.66666, 13.00001], "texture": "#0"},
				"west": {"uv": [11.66668, 12.66668, 12.00001, 13.00001], "texture": "#0"},
				"up": {"uv": [14.66666, 12.66667, 11.66668, 13], "rotation": 180, "texture": "#0"},
				"down": {"uv": [14.66666, 12.66667, 11.66668, 13], "rotation": 180, "texture": "#0"}
			}
		},
		{
			"from": [18.65, 3.7, 7.5],
			"to": [21.65, 4.7, 8.5],
			"rotation": {"angle": 0, "axis": "y", "origin": [8, 4, 8]},
			"faces": {
				"north": {"uv": [11.99999, 13.00001, 11.00001, 13.33334], "texture": "#0"},
				"east": {"uv": [11.66666, 13, 11.99999, 13.33334], "texture": "#0"},
				"south": {"uv": [11.00001, 13.00001, 11.99999, 13.33334], "texture": "#0"},
				"west": {"uv": [11.00001, 13.00001, 11.33334, 13.33334], "texture": "#0"},
				"up": {"uv": [11.99999, 13, 11.00001, 13.33333], "rotation": 180, "texture": "#0"},
				"down": {"uv": [11.99999, 13, 11.00001, 13.33333], "rotation": 180, "texture": "#0"}
			}
		},
		{
			"from": [11.65, 4.7, 7.5],
			"to": [15.65, 5.7, 8.5],
			"rotation": {"angle": 0, "axis": "y", "origin": [8, 4, 8]},
			"faces": {
				"north": {"uv": [9.99999, 12.66668, 8.66668, 13.00001], "texture": "#0"},
				"east": {"uv": [9.66666, 12.66667, 9.99999, 13.00001], "texture": "#0"},
				"south": {"uv": [8.66668, 12.66668, 9.99999, 13.00001], "texture": "#0"},
				"west": {"uv": [8.66668, 12.66668, 9.00001, 13.00001], "texture": "#0"},
				"up": {"uv": [9.99999, 12.66667, 8.66668, 13], "rotation": 180, "texture": "#0"},
				"down": {"uv": [9.99999, 12.66667, 8.66668, 13], "rotation": 180, "texture": "#0"}
			}
		},
		{
			"from": [19.65, 12.7, 9],
			"to": [16.65, 10.7, 7],
			"rotation": {"angle": 0, "axis": "y", "origin": [8, 4, 8]},
			"faces": {
				"north": {"uv": [14.19501, 0.74074, 14.63945, 1.03703], "texture": "#1"},
				"east": {"uv": [16, 16, 0, 0], "texture": "#1"},
				"south": {"uv": [14.35828, 0.90401, 14.80272, 1.2003], "texture": "#1"},
				"up": {"uv": [13.86848, 0.74074, 14.31292, 1.05215], "rotation": 180, "texture": "#1"},
				"down": {"uv": [14.19501, 0.88889, 14.63945, 1.03703], "rotation": 180, "texture": "#1"}
			}
		},
		{
			"from": [16.65, 12.7, 9],
			"to": [10.65, 10.7, 7],
			"rotation": {"angle": 0, "axis": "y", "origin": [8, 4, 8]},
			"faces": {
				"up": {"uv": [10, 11, 10.33333, 11.33333], "rotation": 180, "texture": "#0"}
			}
		},
		{
			"from": [6.65, 10.7, 7],
			"to": [19.65, 12.7, 9],
			"rotation": {"angle": 0, "axis": "y", "origin": [8, 4, 8]},
			"faces": {
				"north": {"uv": [11.33333, 10.33334, 7, 11], "texture": "#0"},
				"east": {"uv": [0, 0, 16, 16], "texture": "#3"},
				"south": {"uv": [7, 10.33334, 11.33333, 11], "texture": "#0"},
				"west": {"uv": [16, 0, 0, 16], "texture": "#2"},
				"up": {"uv": [11.33333, 10.33333, 7, 10.66666], "rotation": 180, "texture": "#0"},
				"down": {"uv": [11.33333, 10.66667, 7, 11], "rotation": 180, "texture": "#0"}
			}
		},
		{
			"from": [27.65, 3.7, 7.5],
			"to": [29.65, 4.7, 8.5],
			"rotation": {"angle": 0, "axis": "y", "origin": [8, 4, 8]},
			"faces": {
				"north": {"uv": [14.66666, 13.00001, 14, 13.33334], "texture": "#0"},
				"east": {"uv": [14.33333, 13, 14.66666, 13.33334], "texture": "#0"},
				"south": {"uv": [14, 13.00001, 14.66666, 13.33334], "texture": "#0"},
				"west": {"uv": [14, 13.00001, 14.33333, 13.33334], "texture": "#0"},
				"up": {"uv": [14.66666, 13, 14, 13.33333], "rotation": 180, "texture": "#0"},
				"down": {"uv": [14.66666, 13.00001, 14, 13.33334], "rotation": 180, "texture": "#0"}
			}
		},
		{
			"from": [17.65, 5.7, 7.5],
			"to": [19.65, 6.7, 8.5],
			"rotation": {"angle": 0, "axis": "y", "origin": [8, 4, 8]},
			"faces": {
				"north": {"uv": [11.33333, 12.33334, 10.66667, 12.66667], "texture": "#0"},
				"east": {"uv": [11, 12.33333, 11.33333, 12.66667], "texture": "#0"},
				"south": {"uv": [10.66667, 12.33334, 11.33333, 12.66667], "texture": "#0"},
				"west": {"uv": [10.66667, 12.33334, 11, 12.66667], "texture": "#0"},
				"up": {"uv": [11.33333, 12.33333, 10.66667, 12.66666], "rotation": 180, "texture": "#0"},
				"down": {"uv": [11.33333, 5.66667, 10.66667, 6], "rotation": 180, "texture": "#0"}
			}
		},
		{
			"from": [16.65, 4.7, 7.5],
			"to": [18.65, 5.7, 8.5],
			"rotation": {"angle": 0, "axis": "y", "origin": [8, 4, 8]},
			"faces": {
				"north": {"uv": [11, 12.66667, 10.33334, 13], "texture": "#0"},
				"east": {"uv": [10.66667, 12.66666, 11, 13], "texture": "#0"},
				"south": {"uv": [10.33334, 12.66667, 11, 13], "texture": "#0"},
				"west": {"uv": [10.33334, 12.66667, 10.66667, 13], "texture": "#0"},
				"up": {"uv": [11, 12.66666, 10.33334, 12.99999], "rotation": 180, "texture": "#0"},
				"down": {"uv": [11, 12.66667, 10.33334, 13], "rotation": 180, "texture": "#0"}
			}
		},
		{
			"from": [9.65, 5.7, 7.5],
			"to": [16.65, 6.7, 8.5],
			"rotation": {"angle": 0, "axis": "y", "origin": [8, 4, 8]},
			"faces": {
				"north": {"uv": [10.33333, 12.33334, 8.00001, 12.66667], "texture": "#0"},
				"east": {"uv": [8, 12.33333, 10.33333, 12.66667], "texture": "#0"},
				"south": {"uv": [8.00001, 12.33334, 10.33333, 12.66667], "texture": "#0"},
				"west": {"uv": [8.00001, 12.33334, 8.33334, 12.66667], "texture": "#0"},
				"up": {"uv": [10.33333, 12.33333, 10.00001, 12.66666], "rotation": 180, "texture": "#0"},
				"down": {"uv": [10.33333, 12.33334, 8.00001, 12.66667], "rotation": 180, "texture": "#0"}
			}
		},
		{
			"from": [11.65, 8.7, 7.6],
			"to": [19.65, 9.6, 8.4],
			"rotation": {"angle": 0, "axis": "y", "origin": [8, 4, 8]},
			"faces": {
				"north": {"uv": [10.99999, 14.33334, 8.33334, 14.66667], "texture": "#0"},
				"east": {"uv": [10.66666, 14.33333, 10.99999, 14.66667], "texture": "#0"},
				"south": {"uv": [8.33334, 14.33334, 10.99999, 14.66667], "texture": "#0"},
				"west": {"uv": [8.33334, 14.33334, 8.66667, 14.66667], "texture": "#0"},
				"up": {"uv": [10.99999, 14.33333, 8.33334, 14.66666], "rotation": 180, "texture": "#0"},
				"down": {"uv": [10.99999, 14.33334, 8.33334, 14.66667], "rotation": 180, "texture": "#0"}
			}
		},
		{
			"from": [17.7, 8.8, 6],
			"to": [18.4, 9.5, 8],
			"rotation": {"angle": -22.5, "axis": "x", "origin": [18.25, 9.25, 8]},
			"faces": {
				"north": {"uv": [10.66666, 14.66668, 10.33333, 15.33334], "texture": "#0"},
				"east": {"uv": [10.33333, 14.66667, 10.66666, 15.33334], "texture": "#0"},
				"south": {"uv": [10.33333, 14.66668, 10.66666, 15.33334], "texture": "#0"},
				"west": {"uv": [10.33333, 14.66668, 10.66666, 15.33334], "texture": "#0"},
				"up": {"uv": [10.66666, 14.66667, 10.33333, 15], "rotation": 180, "texture": "#0"},
				"down": {"uv": [10.66666, 15.00001, 10.33333, 15.33334], "rotation": 180, "texture": "#0"}
			}
		}
	],
	"gui_light": "front",
	"display": {
		"thirdperson_righthand": {
			"rotation": [0, -90, 0],
			"translation": [0, 1.1, -8],
			"scale": [0.8, 0.8, 0.8]
		},
		"thirdperson_lefthand": {
			"rotation": [0, 90, 0],
			"translation": [0, 1.1, -8],
			"scale": [0.8, 0.8, 0.8]
		},
		"firstperson_righthand": {
			"rotation": [0, -100, 0],
			"translation": [1.127, 4.62, 1.13]
		},
		"firstperson_lefthand": {
			"rotation": [0, -90, 0],
			"translation": [-8.956, 4.62, 0.921],
			"scale": [-1, 1, -1]
		},
		"ground": {
			"translation": [3.5, 5.5, 0],
			"scale": [-0.8, 0.8, 0.8]
		},
		"gui": {
			"rotation": [0, 0, -45],
			"translation": [-2.33, 4.25, 0]
		},
		"head": {
			"rotation": [0, -90, 0],
			"translation": [0, 7.5, -6.75],
			"scale": [0.7, 0.7, 0.7]
		},
		"fixed": {
			"rotation": [0, 0, 45],
			"translation": [3.45, 5.85, -1],
			"scale": [-1, 1, -1]
		}
	},
	"groups": [
		{
			"name": "l96",
			"origin": [0, 0, 0],
			"color": 0,
			"children": []
		},
		0,
		1,
		2,
		3,
		4,
		5,
		6,
		7,
		8,
		9,
		10,
		11,
		12,
		13,
		14,
		15,
		16,
		17,
		18,
		{
			"name": "reload",
			"origin": [2.75, 7, 8],
			"color": 0,
			"children": [19, 20]
		}
	]
}