{
	"credit": "Daswaget",
	"texture_size": [32, 32],
	"textures": {
		"0": "dswg_weapons_plus/weapon_wall_plus/weapon_wall_plus",
		"1": "dswg_weapons_plus/l96/l96",
		"2": "dswg_weapons_plus/l96/l96_scope_2",
		"3": "dswg_weapons_plus/l96/l96_scope_3",
		"particle": "dswg_weapons_plus/weapon_wall_plus/weapon_wall_plus"
	},
	"elements": [
		{
			"from": [-9, 16, 7],
			"to": [22, 17, 8],
			"rotation": {"angle": 0, "axis": "y", "origin": [8, 15.5, 7.5]},
			"faces": {
				"north": {"uv": [4.33334, 12.00001, 14.66666, 12.33334], "texture": "#1"},
				"east": {"uv": [4.33334, 12.00001, 4.66667, 12.33334], "texture": "#1"},
				"south": {"uv": [14.66666, 12.00001, 4.33334, 12.33334], "texture": "#1"},
				"west": {"uv": [14.33333, 12, 14.66666, 12.33334], "texture": "#1"},
				"up": {"uv": [14.66666, 12, 4.33334, 12.33333], "texture": "#1"},
				"down": {"uv": [14.66666, 5.33334, 4.33334, 5.66667], "texture": "#1"}
			}
		},
		{
			"from": [-9, 17, 7],
			"to": [22, 18, 8],
			"rotation": {"angle": 0, "axis": "y", "origin": [8, 15.5, 7.5]},
			"faces": {
				"north": {"uv": [4.33334, 11.66668, 14.66665, 12.00001], "texture": "#1"},
				"east": {"uv": [4.33334, 11.66668, 4.66667, 12.00001], "texture": "#1"},
				"south": {"uv": [14.66665, 11.66668, 4.33334, 12.00001], "texture": "#1"},
				"west": {"uv": [14.33332, 11.66667, 14.66665, 12.00001], "texture": "#1"},
				"up": {"uv": [14.66665, 5, 4.33334, 5.33333], "texture": "#1"},
				"down": {"uv": [14.66665, 11.66667, 4.33334, 12], "texture": "#1"}
			}
		},
		{
			"from": [9, 18, 7],
			"to": [32, 19, 8],
			"rotation": {"angle": 0, "axis": "y", "origin": [8, 15.5, 7.5]},
			"faces": {
				"north": {"uv": [1.00001, 11.33334, 9.33333, 11.66667], "texture": "#1"},
				"east": {"uv": [1.00001, 11.33334, 1.33334, 11.66667], "texture": "#1"},
				"south": {"uv": [9.33333, 11.33334, 1.00001, 11.66667], "texture": "#1"},
				"west": {"uv": [9, 11.33333, 9.33333, 11.66667], "texture": "#1"},
				"up": {"uv": [9.33333, 11.33333, 1.00001, 11.66666], "texture": "#1"},
				"down": {"uv": [9.33333, 11.33334, 1.00001, 11.66667], "texture": "#1"}
			}
		},
		{
			"from": [3.5, 18, 7],
			"to": [9.5, 19, 7.75],
			"rotation": {"angle": 0, "axis": "y", "origin": [8, 15.5, 7.5]},
			"faces": {
				"north": {"uv": [1.00001, 11.33334, 9.33333, 11.66667], "texture": "#1"},
				"east": {"uv": [1.00001, 11.33334, 1.33334, 11.66667], "texture": "#1"},
				"south": {"uv": [9.33333, 11.33334, 1.00001, 11.66667], "texture": "#1"},
				"west": {"uv": [9, 11.33333, 9.33333, 11.66667], "texture": "#1"},
				"up": {"uv": [9.33333, 11.33333, 1.00001, 11.66666], "texture": "#1"},
				"down": {"uv": [9.33333, 11.33334, 1.00001, 11.66667], "texture": "#1"}
			}
		},
		{
			"from": [3, 18, 7],
			"to": [5, 19, 8],
			"rotation": {"angle": 0, "axis": "y", "origin": [8, 15.5, 7.5]},
			"faces": {
				"north": {"uv": [10.00001, 11.33334, 10.66666, 11.66667], "texture": "#1"},
				"east": {"uv": [10.00001, 11.33334, 10.33334, 11.66667], "texture": "#1"},
				"south": {"uv": [10.66666, 11.33334, 10.00001, 11.66667], "texture": "#1"},
				"west": {"uv": [10, 11.33333, 10.66666, 11.66667], "texture": "#1"},
				"up": {"uv": [10.66666, 11.33333, 10.33334, 11.66666], "texture": "#1"},
				"down": {"uv": [10.66666, 11.33334, 10.00001, 11.66667], "texture": "#1"}
			}
		},
		{
			"from": [4, 19, 7],
			"to": [5, 20, 8],
			"rotation": {"angle": 0, "axis": "y", "origin": [8, 15.5, 7.5]},
			"faces": {
				"north": {"uv": [10, 11.00001, 10.33333, 11.33334], "texture": "#1"},
				"east": {"uv": [10, 11.00001, 10.33333, 11.33334], "texture": "#1"},
				"south": {"uv": [10.33333, 11.00001, 10, 11.33334], "texture": "#1"},
				"west": {"uv": [10, 11, 10.33333, 11.33334], "texture": "#1"},
				"up": {"uv": [10.33333, 11, 10, 11.33333], "texture": "#1"},
				"down": {"uv": [10.33333, 11.00001, 10, 11.33334], "texture": "#1"}
			}
		},
		{
			"from": [9, 19, 7],
			"to": [10, 20, 8],
			"rotation": {"angle": 0, "axis": "y", "origin": [8, 15.5, 7.5]},
			"faces": {
				"north": {"uv": [8.33333, 11.00001, 8.66666, 11.33334], "texture": "#1"},
				"east": {"uv": [8.33333, 11.00001, 8.66666, 11.33334], "texture": "#1"},
				"south": {"uv": [8.66666, 11.00001, 8.33333, 11.33334], "texture": "#1"},
				"west": {"uv": [8.33333, 11, 8.66666, 11.33334], "texture": "#1"},
				"up": {"uv": [8.66666, 11, 8.33333, 11.33333], "texture": "#1"},
				"down": {"uv": [8.66666, 11.00001, 8.33333, 11.33334], "texture": "#1"}
			}
		},
		{
			"from": [-9, 15, 7],
			"to": [-1, 16, 8],
			"rotation": {"angle": 0, "axis": "y", "origin": [8, 15.5, 7.5]},
			"faces": {
				"north": {"uv": [12, 12.33334, 14.66666, 12.66667], "texture": "#1"},
				"east": {"uv": [12, 12.33334, 12.33333, 12.66667], "texture": "#1"},
				"south": {"uv": [14.66666, 12.33334, 12, 12.66667], "texture": "#1"},
				"west": {"uv": [14.33333, 12.33333, 14.66666, 12.66667], "texture": "#1"},
				"up": {"uv": [14.66666, 12.33333, 12, 12.66666], "texture": "#1"},
				"down": {"uv": [14.66666, 12.33334, 12, 12.66667], "texture": "#1"}
			}
		},
		{
			"from": [-9, 18, 7],
			"to": [-3, 19, 8],
			"rotation": {"angle": 0, "axis": "y", "origin": [8, 15.5, 7.5]},
			"faces": {
				"north": {"uv": [12.66667, 11.33334, 14.66666, 11.66667], "texture": "#1"},
				"east": {"uv": [12.66667, 11.33334, 13, 11.66667], "texture": "#1"},
				"south": {"uv": [14.66666, 11.33334, 12.66667, 11.66667], "texture": "#1"},
				"west": {"uv": [14.33333, 11.33333, 14.66666, 11.66667], "texture": "#1"},
				"up": {"uv": [14.66666, 11.33333, 12.66667, 11.66666], "texture": "#1"},
				"down": {"uv": [14.66666, 11.33334, 12.66667, 11.66667], "texture": "#1"}
			}
		},
		{
			"from": [-9, 14, 7],
			"to": [0, 15, 8],
			"rotation": {"angle": 0, "axis": "y", "origin": [8, 15.5, 7.5]},
			"faces": {
				"north": {"uv": [11.66668, 12.66668, 14.66666, 13.00001], "texture": "#1"},
				"east": {"uv": [11.66668, 12.66668, 12.00001, 13.00001], "texture": "#1"},
				"south": {"uv": [14.66666, 12.66668, 11.66668, 13.00001], "texture": "#1"},
				"west": {"uv": [14.33333, 12.66667, 14.66666, 13.00001], "texture": "#1"},
				"up": {"uv": [14.66666, 12.66667, 11.66668, 13], "texture": "#1"},
				"down": {"uv": [14.66666, 12.66667, 11.66668, 13], "texture": "#1"}
			}
		},
		{
			"from": [-1, 13, 7],
			"to": [2, 14, 8],
			"rotation": {"angle": 0, "axis": "y", "origin": [8, 15.5, 7.5]},
			"faces": {
				"north": {"uv": [11.00001, 13.00001, 11.99999, 13.33334], "texture": "#1"},
				"east": {"uv": [11.00001, 13.00001, 11.33334, 13.33334], "texture": "#1"},
				"south": {"uv": [11.99999, 13.00001, 11.00001, 13.33334], "texture": "#1"},
				"west": {"uv": [11.66666, 13, 11.99999, 13.33334], "texture": "#1"},
				"up": {"uv": [11.99999, 13, 11.00001, 13.33333], "texture": "#1"},
				"down": {"uv": [11.99999, 13, 11.00001, 13.33333], "texture": "#1"}
			}
		},
		{
			"from": [5, 14, 7],
			"to": [9, 15, 8],
			"rotation": {"angle": 0, "axis": "y", "origin": [8, 15.5, 7.5]},
			"faces": {
				"north": {"uv": [8.66668, 12.66668, 9.99999, 13.00001], "texture": "#1"},
				"east": {"uv": [8.66668, 12.66668, 9.00001, 13.00001], "texture": "#1"},
				"south": {"uv": [9.99999, 12.66668, 8.66668, 13.00001], "texture": "#1"},
				"west": {"uv": [9.66666, 12.66667, 9.99999, 13.00001], "texture": "#1"},
				"up": {"uv": [9.99999, 12.66667, 8.66668, 13], "texture": "#1"},
				"down": {"uv": [9.99999, 12.66667, 8.66668, 13], "texture": "#1"}
			}
		},
		{
			"from": [1, 20, 6.5],
			"to": [14, 22, 8.5],
			"rotation": {"angle": 0, "axis": "y", "origin": [8, 15.5, 7.5]},
			"faces": {
				"north": {"uv": [7, 10.33334, 11.33333, 11], "texture": "#1"},
				"east": {"uv": [16, 0, 0, 16], "texture": "#2"},
				"south": {"uv": [11.33333, 10.33334, 7, 11], "texture": "#1"},
				"west": {"uv": [0, 0, 16, 16], "texture": "#3"},
				"up": {"uv": [11.33333, 10.33333, 7, 10.66666], "texture": "#1"},
				"down": {"uv": [11.33333, 10.66667, 7, 11], "texture": "#1"}
			}
		},
		{
			"from": [-9, 13, 7],
			"to": [-7, 14, 8],
			"rotation": {"angle": 0, "axis": "y", "origin": [8, 15.5, 7.5]},
			"faces": {
				"north": {"uv": [14, 13.00001, 14.66666, 13.33334], "texture": "#1"},
				"east": {"uv": [14, 13.00001, 14.33333, 13.33334], "texture": "#1"},
				"south": {"uv": [14.66666, 13.00001, 14, 13.33334], "texture": "#1"},
				"west": {"uv": [14.33333, 13, 14.66666, 13.33334], "texture": "#1"},
				"up": {"uv": [14.66666, 13, 14, 13.33333], "texture": "#1"},
				"down": {"uv": [14.66666, 13.00001, 14, 13.33334], "texture": "#1"}
			}
		},
		{
			"from": [1, 15, 7],
			"to": [3, 16, 8],
			"rotation": {"angle": 0, "axis": "y", "origin": [8, 15.5, 7.5]},
			"faces": {
				"north": {"uv": [10.66667, 12.33334, 11.33333, 12.66667], "texture": "#1"},
				"east": {"uv": [10.66667, 12.33334, 11, 12.66667], "texture": "#1"},
				"south": {"uv": [11.33333, 12.33334, 10.66667, 12.66667], "texture": "#1"},
				"west": {"uv": [11, 12.33333, 11.33333, 12.66667], "texture": "#1"},
				"up": {"uv": [11.33333, 12.33333, 10.66667, 12.66666], "texture": "#1"},
				"down": {"uv": [11.33333, 5.66667, 10.66667, 6], "texture": "#1"}
			}
		},
		{
			"from": [2, 14, 7],
			"to": [4, 15, 8],
			"rotation": {"angle": 0, "axis": "y", "origin": [8, 15.5, 7.5]},
			"faces": {
				"north": {"uv": [10.33334, 12.66667, 11, 13], "texture": "#1"},
				"east": {"uv": [10.33334, 12.66667, 10.66667, 13], "texture": "#1"},
				"south": {"uv": [11, 12.66667, 10.33334, 13], "texture": "#1"},
				"west": {"uv": [10.66667, 12.66666, 11, 13], "texture": "#1"},
				"up": {"uv": [11, 12.66666, 10.33334, 12.99999], "texture": "#1"},
				"down": {"uv": [11, 12.66667, 10.33334, 13], "texture": "#1"}
			}
		},
		{
			"from": [4, 15, 7],
			"to": [11, 16, 8],
			"rotation": {"angle": 0, "axis": "y", "origin": [8, 15.5, 7.5]},
			"faces": {
				"north": {"uv": [8.00001, 12.33334, 10.33333, 12.66667], "texture": "#1"},
				"east": {"uv": [8.00001, 12.33334, 8.33334, 12.66667], "texture": "#1"},
				"south": {"uv": [10.33333, 12.33334, 8.00001, 12.66667], "texture": "#1"},
				"west": {"uv": [8, 12.33333, 10.33333, 12.66667], "texture": "#1"},
				"up": {"uv": [10.33333, 12.33333, 10.00001, 12.66666], "texture": "#1"},
				"down": {"uv": [10.33333, 12.33334, 8.00001, 12.66667], "texture": "#1"}
			}
		},
		{
			"from": [1, 18, 7.1],
			"to": [9, 18.9, 7.9],
			"rotation": {"angle": 0, "axis": "y", "origin": [8, 15.5, 7.5]},
			"faces": {
				"north": {"uv": [8.33334, 14.33334, 10.99999, 14.66667], "texture": "#1"},
				"east": {"uv": [8.33334, 14.33334, 8.66667, 14.66667], "texture": "#1"},
				"south": {"uv": [10.99999, 14.33334, 8.33334, 14.66667], "texture": "#1"},
				"west": {"uv": [10.66666, 14.33333, 10.99999, 14.66667], "texture": "#1"},
				"up": {"uv": [10.99999, 14.33333, 8.33334, 14.66666], "texture": "#1"},
				"down": {"uv": [10.99999, 14.33334, 8.33334, 14.66667], "texture": "#1"}
			}
		},
		{
			"from": [2.25, 18.1, 7.5],
			"to": [2.95, 18.8, 9.5],
			"rotation": {"angle": 22.5, "axis": "x", "origin": [8, 18.5, 7.5]},
			"faces": {
				"north": {"uv": [10.33333, 14.66668, 10.66666, 15.33334], "texture": "#1"},
				"east": {"uv": [10.33333, 14.66668, 10.66666, 15.33334], "texture": "#1"},
				"south": {"uv": [10.66666, 14.66668, 10.33333, 15.33334], "texture": "#1"},
				"west": {"uv": [10.33333, 14.66667, 10.66666, 15.33334], "texture": "#1"},
				"up": {"uv": [10.66666, 14.66667, 10.33333, 15], "texture": "#1"},
				"down": {"uv": [10.66666, 15.00001, 10.33333, 15.33334], "texture": "#1"}
			}
		},
		{
			"from": [-8, 8, 8.5],
			"to": [24, 24, 9.5],
			"faces": {
				"north": {"uv": [0, 2.66667, 10.66667, 8], "texture": "#0"},
				"east": {"uv": [0, 2.66667, 0.33333, 8], "texture": "#0"},
				"south": {"uv": [10.66667, 2.66667, 0, 8], "texture": "#0"},
				"west": {"uv": [10.33333, 2.66667, 10.66667, 8], "texture": "#0"},
				"up": {"uv": [10.66667, 12.66667, 0, 12.33333], "texture": "#0"},
				"down": {"uv": [10.66667, 13, 0, 13.33333], "texture": "#0"}
			}
		},
		{
			"from": [-7, 5, 8.5],
			"to": [23, 8, 9.5],
			"faces": {
				"north": {"uv": [0.33333, 8, 10.33333, 9], "texture": "#0"},
				"east": {"uv": [0.33333, 8, 0.66667, 9], "texture": "#0"},
				"south": {"uv": [10.33333, 8, 0.33333, 9], "texture": "#0"},
				"west": {"uv": [10, 8, 10.33333, 9], "texture": "#0"},
				"down": {"uv": [10.33333, 13.33333, 0.33333, 13.66667], "texture": "#0"}
			}
		},
		{
			"from": [-7, 24, 8.5],
			"to": [23, 27, 9.5],
			"faces": {
				"north": {"uv": [0.33333, 1.66667, 10.33333, 2.66667], "texture": "#0"},
				"east": {"uv": [0.33333, 1.66667, 0.66667, 2.66667], "texture": "#0"},
				"south": {"uv": [10.33333, 1.66667, 0.33333, 2.66667], "texture": "#0"},
				"west": {"uv": [10, 1.66667, 10.33333, 2.66667], "texture": "#0"},
				"up": {"uv": [10.33333, 12.33333, 0.33333, 12], "texture": "#0"}
			}
		},
		{
			"from": [-6, 3, 8.5],
			"to": [22, 5, 9.5],
			"faces": {
				"north": {"uv": [0.66667, 9, 10, 9.66667], "texture": "#0"},
				"east": {"uv": [0.66667, 9, 1, 9.66667], "texture": "#0"},
				"south": {"uv": [10, 9, 0.66667, 9.66667], "texture": "#0"},
				"west": {"uv": [9.66667, 9, 10, 9.66667], "texture": "#0"},
				"down": {"uv": [10, 13.66667, 0.66667, 14], "texture": "#0"}
			}
		},
		{
			"from": [-6, 27, 8.5],
			"to": [22, 29, 9.5],
			"faces": {
				"north": {"uv": [0.66667, 1, 10, 1.66667], "texture": "#0"},
				"east": {"uv": [0.66667, 1, 1, 1.66667], "texture": "#0"},
				"south": {"uv": [10, 1, 0.66667, 1.66667], "texture": "#0"},
				"west": {"uv": [9.66667, 1, 10, 1.66667], "texture": "#0"},
				"up": {"uv": [10, 12, 0.66667, 11.66667], "texture": "#0"}
			}
		},
		{
			"from": [-5, 2, 8.5],
			"to": [21, 3, 9.5],
			"faces": {
				"north": {"uv": [1, 9.66667, 9.66667, 10], "texture": "#0"},
				"east": {"uv": [1, 9.66667, 1.33333, 10], "texture": "#0"},
				"south": {"uv": [9.66667, 9.66667, 1, 10], "texture": "#0"},
				"west": {"uv": [9.33333, 9.66667, 9.66667, 10], "texture": "#0"},
				"down": {"uv": [9.66667, 14, 1, 14.33333], "texture": "#0"}
			}
		},
		{
			"from": [-3, 1, 8.5],
			"to": [19, 2, 9.5],
			"faces": {
				"north": {"uv": [1.66667, 10, 9, 10.33333], "texture": "#0"},
				"east": {"uv": [1.66667, 10, 2, 10.33333], "texture": "#0"},
				"south": {"uv": [9, 10, 1.66667, 10.33333], "texture": "#0"},
				"west": {"uv": [8.66667, 10, 9, 10.33333], "texture": "#0"},
				"down": {"uv": [9, 14.33333, 1.66667, 14.66667], "texture": "#0"}
			}
		},
		{
			"from": [-3, 30, 8.5],
			"to": [19, 31, 9.5],
			"faces": {
				"north": {"uv": [1.66667, 0.33333, 9, 0.66667], "texture": "#0"},
				"east": {"uv": [1.66667, 0.33333, 2, 0.66667], "texture": "#0"},
				"south": {"uv": [9, 0.33333, 1.66667, 0.66667], "texture": "#0"},
				"west": {"uv": [8.66667, 0.33333, 9, 0.66667], "texture": "#0"},
				"up": {"uv": [9, 11.33333, 1.66667, 11], "texture": "#0"}
			}
		},
		{
			"from": [-5, 29, 8.5],
			"to": [21, 30, 9.5],
			"faces": {
				"north": {"uv": [1, 0.66667, 9.66667, 1], "texture": "#0"},
				"east": {"uv": [1, 0.66667, 1.33333, 1], "texture": "#0"},
				"south": {"uv": [9.66667, 0.66667, 1, 1], "texture": "#0"},
				"west": {"uv": [9.33333, 0.66667, 9.66667, 1], "texture": "#0"},
				"up": {"uv": [9.66667, 11.66667, 1, 11.33333], "texture": "#0"}
			}
		},
		{
			"from": [0, 0, 8.5],
			"to": [16, 1, 9.5],
			"faces": {
				"north": {"uv": [2.66667, 10.33333, 8, 10.66667], "texture": "#0"},
				"east": {"uv": [2.66667, 10.33333, 3, 10.66667], "texture": "#0"},
				"south": {"uv": [8, 10.33333, 2.66667, 10.66667], "texture": "#0"},
				"west": {"uv": [7.66667, 10.33333, 8, 10.66667], "texture": "#0"},
				"down": {"uv": [8, 10.33333, 2.66667, 10.66667], "texture": "#0"}
			}
		},
		{
			"from": [0, 31, 8.5],
			"to": [16, 32, 9.5],
			"faces": {
				"north": {"uv": [2.66667, 0, 8, 0.33333], "texture": "#0"},
				"east": {"uv": [2.66667, 0, 3, 0.33333], "texture": "#0"},
				"south": {"uv": [8, 0, 2.66667, 0.33333], "texture": "#0"},
				"west": {"uv": [7.66667, 0, 8, 0.33333], "texture": "#0"},
				"up": {"uv": [8, 0.33333, 2.66667, 0], "texture": "#0"}
			}
		},
		{
			"from": [17.5, 16, 6],
			"to": [18.5, 18, 7],
			"rotation": {"angle": 0, "axis": "y", "origin": [8, 27.5, 8]},
			"faces": {
				"north": {"uv": [14.66667, 6.66667, 15, 7.33333], "texture": "#0"},
				"east": {"uv": [14.66667, 6.66667, 15, 7.33333], "texture": "#0"},
				"south": {"uv": [14.66667, 6.66667, 15, 7.33333], "texture": "#0"},
				"west": {"uv": [15, 6.66667, 14.66667, 7.33333], "texture": "#0"},
				"up": {"uv": [14.66667, 6.66667, 15, 7], "texture": "#0"},
				"down": {"uv": [14.66667, 7.33333, 15, 7], "texture": "#0"}
			}
		},
		{
			"from": [17.5, 15, 6],
			"to": [18.5, 16, 9],
			"rotation": {"angle": 0, "axis": "y", "origin": [8, 27.5, 8]},
			"faces": {
				"north": {"uv": [14.66666, 7.33334, 14.99999, 7.66667], "texture": "#0"},
				"east": {"uv": [12.33333, 11.33333, 11.33333, 11.66666], "texture": "#0"},
				"south": {"uv": [14.66666, 6.66667, 14.99999, 7], "texture": "#0"},
				"west": {"uv": [11.33333, 11.33333, 12.33333, 11.66666], "texture": "#0"},
				"up": {"uv": [14.66666, 7.66667, 14.99999, 6.66667], "texture": "#0"},
				"down": {"uv": [14.66666, 6.66667, 14.99999, 7.66667], "texture": "#0"}
			}
		},
		{
			"from": [-2.5, 14, 6],
			"to": [-1.5, 16, 7],
			"rotation": {"angle": 0, "axis": "y", "origin": [8, 27.5, 8]},
			"faces": {
				"north": {"uv": [14.66667, 6.66667, 15, 7.33333], "texture": "#0"},
				"east": {"uv": [14.66667, 6.66667, 15, 7.33333], "texture": "#0"},
				"south": {"uv": [14.66667, 6.66667, 15, 7.33333], "texture": "#0"},
				"west": {"uv": [15, 6.66667, 14.66667, 7.33333], "texture": "#0"},
				"up": {"uv": [14.66667, 6.66667, 15, 7], "texture": "#0"},
				"down": {"uv": [14.66667, 7.33333, 15, 7], "texture": "#0"}
			}
		},
		{
			"from": [-2.5, 13, 6],
			"to": [-1.5, 14, 9],
			"rotation": {"angle": 0, "axis": "y", "origin": [8, 27.5, 8]},
			"faces": {
				"north": {"uv": [14.66666, 7.33334, 14.99999, 7.66667], "texture": "#0"},
				"east": {"uv": [12.33333, 11.33333, 11.33333, 11.66666], "texture": "#0"},
				"south": {"uv": [14.66666, 6.66667, 14.99999, 7], "texture": "#0"},
				"west": {"uv": [11.33333, 11.33333, 12.33333, 11.66666], "texture": "#0"},
				"up": {"uv": [14.66666, 7.66667, 14.99999, 6.66667], "texture": "#0"},
				"down": {"uv": [14.66666, 6.66667, 14.99999, 7.66667], "texture": "#0"}
			}
		}
	],
	"gui_light": "front",
	"display": {
		"thirdperson_righthand": {
			"rotation": [0, -180, 0],
			"translation": [0, 1.25, 1.25],
			"scale": [0.4, 0.4, 0.4]
		},
		"thirdperson_lefthand": {
			"rotation": [0, -180, 0],
			"translation": [0, 1.25, 1.25],
			"scale": [0.4, 0.4, 0.4]
		},
		"firstperson_righthand": {
			"rotation": [0, 135, 0],
			"translation": [2, -2, 0.5],
			"scale": [0.4, 0.4, 0.4]
		},
		"firstperson_lefthand": {
			"rotation": [0, 135, 0],
			"translation": [2, -2, 0.5],
			"scale": [0.4, 0.4, 0.4]
		},
		"ground": {
			"translation": [0, 1, 0],
			"scale": [0.4, 0.4, 0.4]
		},
		"gui": {
			"translation": [0, -4, 0],
			"scale": [-0.5, 0.5, -0.5]
		},
		"head": {
			"rotation": [90, 0, 0],
			"translation": [0, 7, -4],
			"scale": [0.5, 0.5, 0.5]
		},
		"fixed": {
			"translation": [0, -14.4, -1.9],
			"scale": [1.6, 1.6, 1.6]
		}
	},
	"groups": [
		{
			"name": "weapon",
			"origin": [0, 0, 0],
			"color": 0,
			"children": [0, 1, 2, 3, 4, 5, 6, 7, 8, 9, 10, 11, 12, 13, 14, 15, 16, 17, 18]
		},
		{
			"name": "wall",
			"origin": [0, 0, 0],
			"color": 0,
			"children": [19, 20, 21, 22, 23, 24, 25, 26, 27, 28, 29]
		},
		{
			"name": "wall2",
			"origin": [8, 27.5, 8],
			"color": 0,
			"children": [30, 31, 32, 33]
		}
	]
}