{
	"credit": "Daswaget",
	"texture_size": [32, 32],
	"textures": {
		"0": "dswg_weapons_plus/l96/l96",
		"2": "dswg_weapons_plus/l96/l96_scope_2",
		"3": "dswg_weapons_plus/l96/l96_scope_3"
	},
	"elements": [
		{
			"from": [-9, 4.5, 7.5],
			"to": [22, 5.5, 8.5],
			"rotation": {"angle": 0, "axis": "y", "origin": [8, 4, 8]},
			"faces": {
				"north": {"uv": [4.33334, 12.00001, 14.66666, 12.33334], "texture": "#0"},
				"east": {"uv": [4.33334, 12.00001, 4.66667, 12.33334], "texture": "#0"},
				"south": {"uv": [14.66666, 12.00001, 4.33334, 12.33334], "texture": "#0"},
				"west": {"uv": [14.33333, 12, 14.66666, 12.33334], "texture": "#0"},
				"up": {"uv": [14.66666, 12, 4.33334, 12.33333], "texture": "#0"},
				"down": {"uv": [14.66666, 5.33334, 4.33334, 5.66667], "texture": "#0"}
			}
		},
		{
			"from": [-9, 5.5, 7.5],
			"to": [22, 6.5, 8.5],
			"rotation": {"angle": 0, "axis": "y", "origin": [8, 4, 8]},
			"faces": {
				"north": {"uv": [4.33334, 11.66668, 14.66665, 12.00001], "texture": "#0"},
				"east": {"uv": [4.33334, 11.66668, 4.66667, 12.00001], "texture": "#0"},
				"south": {"uv": [14.66665, 11.66668, 4.33334, 12.00001], "texture": "#0"},
				"west": {"uv": [14.33332, 11.66667, 14.66665, 12.00001], "texture": "#0"},
				"up": {"uv": [14.66665, 5, 4.33334, 5.33333], "texture": "#0"},
				"down": {"uv": [14.66665, 11.66667, 4.33334, 12], "texture": "#0"}
			}
		},
		{
			"from": [9, 6.5, 7.5],
			"to": [32, 7.5, 8.5],
			"rotation": {"angle": 0, "axis": "y", "origin": [8, 4, 8]},
			"faces": {
				"north": {"uv": [1.00001, 11.33334, 9.33333, 11.66667], "texture": "#0"},
				"east": {"uv": [1.00001, 11.33334, 1.33334, 11.66667], "texture": "#0"},
				"south": {"uv": [9.33333, 11.33334, 1.00001, 11.66667], "texture": "#0"},
				"west": {"uv": [9, 11.33333, 9.33333, 11.66667], "texture": "#0"},
				"up": {"uv": [9.33333, 11.33333, 1.00001, 11.66666], "texture": "#0"},
				"down": {"uv": [9.33333, 11.33334, 1.00001, 11.66667], "texture": "#0"}
			}
		},
		{
			"from": [3.5, 6.5, 7.5],
			"to": [9.5, 7.5, 8.25],
			"rotation": {"angle": 0, "axis": "y", "origin": [8, 4, 8]},
			"faces": {
				"north": {"uv": [1.00001, 11.33334, 9.33333, 11.66667], "texture": "#0"},
				"east": {"uv": [1.00001, 11.33334, 1.33334, 11.66667], "texture": "#0"},
				"south": {"uv": [9.33333, 11.33334, 1.00001, 11.66667], "texture": "#0"},
				"west": {"uv": [9, 11.33333, 9.33333, 11.66667], "texture": "#0"},
				"up": {"uv": [9.33333, 11.33333, 1.00001, 11.66666], "texture": "#0"},
				"down": {"uv": [9.33333, 11.33334, 1.00001, 11.66667], "texture": "#0"}
			}
		},
		{
			"from": [3, 6.5, 7.5],
			"to": [5, 7.5, 8.5],
			"rotation": {"angle": 0, "axis": "y", "origin": [8, 4, 8]},
			"faces": {
				"north": {"uv": [10.00001, 11.33334, 10.66666, 11.66667], "texture": "#0"},
				"east": {"uv": [10.00001, 11.33334, 10.33334, 11.66667], "texture": "#0"},
				"south": {"uv": [10.66666, 11.33334, 10.00001, 11.66667], "texture": "#0"},
				"west": {"uv": [10, 11.33333, 10.66666, 11.66667], "texture": "#0"},
				"up": {"uv": [10.66666, 11.33333, 10.33334, 11.66666], "texture": "#0"},
				"down": {"uv": [10.66666, 11.33334, 10.00001, 11.66667], "texture": "#0"}
			}
		},
		{
			"from": [4, 7.5, 7.5],
			"to": [5, 8.5, 8.5],
			"rotation": {"angle": 0, "axis": "y", "origin": [8, 4, 8]},
			"faces": {
				"north": {"uv": [10, 11.00001, 10.33333, 11.33334], "texture": "#0"},
				"east": {"uv": [10, 11.00001, 10.33333, 11.33334], "texture": "#0"},
				"south": {"uv": [10.33333, 11.00001, 10, 11.33334], "texture": "#0"},
				"west": {"uv": [10, 11, 10.33333, 11.33334], "texture": "#0"},
				"up": {"uv": [10.33333, 11, 10, 11.33333], "texture": "#0"},
				"down": {"uv": [10.33333, 11.00001, 10, 11.33334], "texture": "#0"}
			}
		},
		{
			"from": [9, 7.5, 7.5],
			"to": [10, 8.5, 8.5],
			"rotation": {"angle": 0, "axis": "y", "origin": [8, 4, 8]},
			"faces": {
				"north": {"uv": [8.33333, 11.00001, 8.66666, 11.33334], "texture": "#0"},
				"east": {"uv": [8.33333, 11.00001, 8.66666, 11.33334], "texture": "#0"},
				"south": {"uv": [8.66666, 11.00001, 8.33333, 11.33334], "texture": "#0"},
				"west": {"uv": [8.33333, 11, 8.66666, 11.33334], "texture": "#0"},
				"up": {"uv": [8.66666, 11, 8.33333, 11.33333], "texture": "#0"},
				"down": {"uv": [8.66666, 11.00001, 8.33333, 11.33334], "texture": "#0"}
			}
		},
		{
			"from": [-9, 3.5, 7.5],
			"to": [-1, 4.5, 8.5],
			"rotation": {"angle": 0, "axis": "y", "origin": [8, 4, 8]},
			"faces": {
				"north": {"uv": [12, 12.33334, 14.66666, 12.66667], "texture": "#0"},
				"east": {"uv": [12, 12.33334, 12.33333, 12.66667], "texture": "#0"},
				"south": {"uv": [14.66666, 12.33334, 12, 12.66667], "texture": "#0"},
				"west": {"uv": [14.33333, 12.33333, 14.66666, 12.66667], "texture": "#0"},
				"up": {"uv": [14.66666, 12.33333, 12, 12.66666], "texture": "#0"},
				"down": {"uv": [14.66666, 12.33334, 12, 12.66667], "texture": "#0"}
			}
		},
		{
			"from": [-9, 6.5, 7.5],
			"to": [-3, 7.5, 8.5],
			"rotation": {"angle": 0, "axis": "y", "origin": [8, 4, 8]},
			"faces": {
				"north": {"uv": [12.66667, 11.33334, 14.66666, 11.66667], "texture": "#0"},
				"east": {"uv": [12.66667, 11.33334, 13, 11.66667], "texture": "#0"},
				"south": {"uv": [14.66666, 11.33334, 12.66667, 11.66667], "texture": "#0"},
				"west": {"uv": [14.33333, 11.33333, 14.66666, 11.66667], "texture": "#0"},
				"up": {"uv": [14.66666, 11.33333, 12.66667, 11.66666], "texture": "#0"},
				"down": {"uv": [14.66666, 11.33334, 12.66667, 11.66667], "texture": "#0"}
			}
		},
		{
			"from": [-9, 2.5, 7.5],
			"to": [0, 3.5, 8.5],
			"rotation": {"angle": 0, "axis": "y", "origin": [8, 4, 8]},
			"faces": {
				"north": {"uv": [11.66668, 12.66668, 14.66666, 13.00001], "texture": "#0"},
				"east": {"uv": [11.66668, 12.66668, 12.00001, 13.00001], "texture": "#0"},
				"south": {"uv": [14.66666, 12.66668, 11.66668, 13.00001], "texture": "#0"},
				"west": {"uv": [14.33333, 12.66667, 14.66666, 13.00001], "texture": "#0"},
				"up": {"uv": [14.66666, 12.66667, 11.66668, 13], "texture": "#0"},
				"down": {"uv": [14.66666, 12.66667, 11.66668, 13], "texture": "#0"}
			}
		},
		{
			"from": [-1, 1.5, 7.5],
			"to": [2, 2.5, 8.5],
			"rotation": {"angle": 0, "axis": "y", "origin": [8, 4, 8]},
			"faces": {
				"north": {"uv": [11.00001, 13.00001, 11.99999, 13.33334], "texture": "#0"},
				"east": {"uv": [11.00001, 13.00001, 11.33334, 13.33334], "texture": "#0"},
				"south": {"uv": [11.99999, 13.00001, 11.00001, 13.33334], "texture": "#0"},
				"west": {"uv": [11.66666, 13, 11.99999, 13.33334], "texture": "#0"},
				"up": {"uv": [11.99999, 13, 11.00001, 13.33333], "texture": "#0"},
				"down": {"uv": [11.99999, 13, 11.00001, 13.33333], "texture": "#0"}
			}
		},
		{
			"from": [5, 2.5, 7.5],
			"to": [9, 3.5, 8.5],
			"rotation": {"angle": 0, "axis": "y", "origin": [8, 4, 8]},
			"faces": {
				"north": {"uv": [8.66668, 12.66668, 9.99999, 13.00001], "texture": "#0"},
				"east": {"uv": [8.66668, 12.66668, 9.00001, 13.00001], "texture": "#0"},
				"south": {"uv": [9.99999, 12.66668, 8.66668, 13.00001], "texture": "#0"},
				"west": {"uv": [9.66666, 12.66667, 9.99999, 13.00001], "texture": "#0"},
				"up": {"uv": [9.99999, 12.66667, 8.66668, 13], "texture": "#0"},
				"down": {"uv": [9.99999, 12.66667, 8.66668, 13], "texture": "#0"}
			}
		},
		{
			"from": [1, 8.5, 7],
			"to": [14, 10.5, 9],
			"rotation": {"angle": 0, "axis": "y", "origin": [8, 4, 8]},
			"faces": {
				"north": {"uv": [7, 10.33334, 11.33333, 11], "texture": "#0"},
				"east": {"uv": [16, 0, 0, 16], "texture": "#2"},
				"south": {"uv": [11.33333, 10.33334, 7, 11], "texture": "#0"},
				"west": {"uv": [0, 0, 16, 16], "texture": "#3"},
				"up": {"uv": [11.33333, 10.33333, 7, 10.66666], "texture": "#0"},
				"down": {"uv": [11.33333, 10.66667, 7, 11], "texture": "#0"}
			}
		},
		{
			"from": [-9, 1.5, 7.5],
			"to": [-7, 2.5, 8.5],
			"rotation": {"angle": 0, "axis": "y", "origin": [8, 4, 8]},
			"faces": {
				"north": {"uv": [14, 13.00001, 14.66666, 13.33334], "texture": "#0"},
				"east": {"uv": [14, 13.00001, 14.33333, 13.33334], "texture": "#0"},
				"south": {"uv": [14.66666, 13.00001, 14, 13.33334], "texture": "#0"},
				"west": {"uv": [14.33333, 13, 14.66666, 13.33334], "texture": "#0"},
				"up": {"uv": [14.66666, 13, 14, 13.33333], "texture": "#0"},
				"down": {"uv": [14.66666, 13.00001, 14, 13.33334], "texture": "#0"}
			}
		},
		{
			"from": [1, 3.5, 7.5],
			"to": [3, 4.5, 8.5],
			"rotation": {"angle": 0, "axis": "y", "origin": [8, 4, 8]},
			"faces": {
				"north": {"uv": [10.66667, 12.33334, 11.33333, 12.66667], "texture": "#0"},
				"east": {"uv": [10.66667, 12.33334, 11, 12.66667], "texture": "#0"},
				"south": {"uv": [11.33333, 12.33334, 10.66667, 12.66667], "texture": "#0"},
				"west": {"uv": [11, 12.33333, 11.33333, 12.66667], "texture": "#0"},
				"up": {"uv": [11.33333, 12.33333, 10.66667, 12.66666], "texture": "#0"},
				"down": {"uv": [11.33333, 5.66667, 10.66667, 6], "texture": "#0"}
			}
		},
		{
			"from": [2, 2.5, 7.5],
			"to": [4, 3.5, 8.5],
			"rotation": {"angle": 0, "axis": "y", "origin": [8, 4, 8]},
			"faces": {
				"north": {"uv": [10.33334, 12.66667, 11, 13], "texture": "#0"},
				"east": {"uv": [10.33334, 12.66667, 10.66667, 13], "texture": "#0"},
				"south": {"uv": [11, 12.66667, 10.33334, 13], "texture": "#0"},
				"west": {"uv": [10.66667, 12.66666, 11, 13], "texture": "#0"},
				"up": {"uv": [11, 12.66666, 10.33334, 12.99999], "texture": "#0"},
				"down": {"uv": [11, 12.66667, 10.33334, 13], "texture": "#0"}
			}
		},
		{
			"from": [4, 3.5, 7.5],
			"to": [11, 4.5, 8.5],
			"rotation": {"angle": 0, "axis": "y", "origin": [8, 4, 8]},
			"faces": {
				"north": {"uv": [8.00001, 12.33334, 10.33333, 12.66667], "texture": "#0"},
				"east": {"uv": [8.00001, 12.33334, 8.33334, 12.66667], "texture": "#0"},
				"south": {"uv": [10.33333, 12.33334, 8.00001, 12.66667], "texture": "#0"},
				"west": {"uv": [8, 12.33333, 10.33333, 12.66667], "texture": "#0"},
				"up": {"uv": [10.33333, 12.33333, 10.00001, 12.66666], "texture": "#0"},
				"down": {"uv": [10.33333, 12.33334, 8.00001, 12.66667], "texture": "#0"}
			}
		},
		{
			"from": [1, 6.5, 7.6],
			"to": [9, 7.4, 8.4],
			"rotation": {"angle": 0, "axis": "y", "origin": [8, 4, 8]},
			"faces": {
				"north": {"uv": [8.33334, 14.33334, 10.99999, 14.66667], "texture": "#0"},
				"east": {"uv": [8.33334, 14.33334, 8.66667, 14.66667], "texture": "#0"},
				"south": {"uv": [10.99999, 14.33334, 8.33334, 14.66667], "texture": "#0"},
				"west": {"uv": [10.66666, 14.33333, 10.99999, 14.66667], "texture": "#0"},
				"up": {"uv": [10.99999, 14.33333, 8.33334, 14.66666], "texture": "#0"},
				"down": {"uv": [10.99999, 14.33334, 8.33334, 14.66667], "texture": "#0"}
			}
		},
		{
			"from": [2.25, 6.6, 8],
			"to": [2.95, 7.3, 10],
			"rotation": {"angle": -45, "axis": "x", "origin": [8, 7, 8]},
			"faces": {
				"north": {"uv": [10.33333, 14.66668, 10.66666, 15.33334], "texture": "#0"},
				"east": {"uv": [10.33333, 14.66668, 10.66666, 15.33334], "texture": "#0"},
				"south": {"uv": [10.66666, 14.66668, 10.33333, 15.33334], "texture": "#0"},
				"west": {"uv": [10.33333, 14.66667, 10.66666, 15.33334], "texture": "#0"},
				"up": {"uv": [10.66666, 14.66667, 10.33333, 15], "texture": "#0"},
				"down": {"uv": [10.66666, 15.00001, 10.33333, 15.33334], "texture": "#0"}
			}
		}
	],
	"gui_light": "front",
	"display": {
		"thirdperson_righthand": {
			"rotation": [0, 90, 0],
			"translation": [0, 2.85, -4.25],
			"scale": [0.8, 0.8, 0.8]
		},
		"thirdperson_lefthand": {
			"rotation": [0, -90, 0],
			"translation": [0, 2.85, -4.25],
			"scale": [0.8, 0.8, 0.8]
		},
		"firstperson_righthand": {
			"rotation": [0, 75, 0],
			"translation": [-1.5, 6.25, 0]
		},
		"firstperson_lefthand": {
			"rotation": [0, 75, 0],
			"translation": [-1.5, 6.25, 0],
			"scale": [-1, 1, -1]
		},
		"ground": {
			"translation": [0, 8.5, 0],
			"scale": [0.8, 0.8, 0.8]
		},
		"gui": {
			"rotation": [0, 0, -45],
			"translation": [2.5, 2.5, 0],
			"scale": [-1, 1, -1]
		},
		"head": {
			"rotation": [0, 90, 0],
			"translation": [0, 8.5, -2],
			"scale": [0.7, 0.7, 0.7]
		},
		"fixed": {
			"rotation": [0, 0, 45],
			"translation": [-2.5, 2.5, -1]
		}
	},
	"groups": [
		{
			"name": "l96",
			"origin": [0, 0, 0],
			"color": 0,
			"children": []
		},
		0,
		1,
		2,
		3,
		4,
		5,
		6,
		7,
		8,
		9,
		10,
		11,
		12,
		13,
		14,
		15,
		16,
		{
			"name": "reload",
			"origin": [2.75, 7, 8],
			"color": 0,
			"children": [17, 18]
		}
	]
}