{
	"credit": "Daswaget",
	"texture_size": [32, 32],
	"textures": {
		"0": "dswg_weapons_plus/weapon_wall_plus/weapon_wall_plus",
		"1": "dswg_weapons_plus/m134/m134_standby",
		"particle": "dswg_weapons_plus/weapon_wall_plus/weapon_wall_plus"
	},
	"elements": [
		{
			"from": [-6.75, 19.5, 3.5],
			"to": [-5.75, 20.25, 4.5],
			"rotation": {"angle": 0, "axis": "y", "origin": [0, 11, -4]},
			"faces": {
				"north": {"uv": [0.66667, 9.33333, 1, 9.66666], "texture": "#1"},
				"east": {"uv": [0.66667, 9.33333, 1, 9.66666], "texture": "#1"},
				"south": {"uv": [1, 9.33333, 0.66667, 9.66666], "texture": "#1"},
				"west": {"uv": [0.66667, 9.33333, 1, 9.66666], "texture": "#1"},
				"up": {"uv": [1, 9.33333, 0.66667, 9.66666], "texture": "#1"},
				"down": {"uv": [1, 9.33333, 0.66667, 9.66666], "texture": "#1"}
			}
		},
		{
			"from": [-10.75, 18.5, 3.5],
			"to": [-5.75, 19.5, 4.5],
			"rotation": {"angle": 0, "axis": "y", "origin": [0, 11, -4]},
			"faces": {
				"north": {"uv": [3.33334, 8.66667, 5, 9], "texture": "#1"},
				"east": {"uv": [3.33334, 8.66667, 3.66667, 9], "texture": "#1"},
				"south": {"uv": [5, 8.66667, 3.33334, 9], "texture": "#1"},
				"west": {"uv": [4.66667, 8.66667, 5, 9], "texture": "#1"},
				"up": {"uv": [5, 8.66667, 3.33334, 9], "texture": "#1"},
				"down": {"uv": [5, 8.66667, 3.33334, 9], "texture": "#1"}
			}
		},
		{
			"from": [-10, 17.125, 3.75],
			"to": [-7, 17.625, 4.25],
			"rotation": {"angle": 0, "axis": "y", "origin": [0, 11, -4]},
			"faces": {
				"north": {"uv": [0.66667, 10, 1, 10.33333], "texture": "#1"},
				"east": {"uv": [0.66667, 10, 1, 10.33333], "texture": "#1"},
				"south": {"uv": [1, 10, 0.66667, 10.33333], "texture": "#1"},
				"west": {"uv": [0.66667, 10, 1, 10.33333], "texture": "#1"},
				"up": {"uv": [1, 10, 0.66667, 10.33333], "texture": "#1"},
				"down": {"uv": [1, 10, 0.66667, 10.33333], "texture": "#1"}
			}
		},
		{
			"from": [-7.275, 17.025, 3.65],
			"to": [-5.275, 17.725, 4.35],
			"rotation": {"angle": 0, "axis": "y", "origin": [0, 11, -4]},
			"faces": {
				"north": {"uv": [0.66667, 9.33333, 1, 9.66666], "texture": "#1"},
				"east": {"uv": [0.66667, 9.33333, 1, 9.66666], "texture": "#1"},
				"south": {"uv": [1, 9.33333, 0.66667, 9.66666], "texture": "#1"},
				"west": {"uv": [0.66667, 9.33333, 1, 9.66666], "texture": "#1"},
				"up": {"uv": [1, 9.33333, 0.66667, 9.66666], "texture": "#1"},
				"down": {"uv": [1, 9.33333, 0.66667, 9.66666], "texture": "#1"}
			}
		},
		{
			"from": [-6.75, 20.25, 3.5],
			"to": [-0.75, 20.75, 4.5],
			"rotation": {"angle": 0, "axis": "y", "origin": [0, 11.25, -4]},
			"faces": {
				"north": {"uv": [0.66667, 9.33333, 1, 9.66666], "texture": "#1"},
				"east": {"uv": [0.66667, 9.33333, 1, 9.66666], "texture": "#1"},
				"south": {"uv": [1, 9.33333, 0.66667, 9.66666], "texture": "#1"},
				"west": {"uv": [0.66667, 9.33333, 1, 9.66666], "texture": "#1"},
				"up": {"uv": [1, 9.33333, 0.66667, 9.66666], "texture": "#1"},
				"down": {"uv": [1, 9.33333, 0.66667, 9.66666], "texture": "#1"}
			}
		},
		{
			"from": [-1, 20.25, 3.5],
			"to": [6.75, 20.75, 4.25],
			"rotation": {"angle": 22.5, "axis": "y", "origin": [-1, 20.5, 4]},
			"faces": {
				"north": {"uv": [0.66667, 9.33333, 1, 9.66666], "texture": "#1"},
				"east": {"uv": [0.66667, 9.33333, 1, 9.66666], "texture": "#1"},
				"south": {"uv": [1, 9.33333, 0.66667, 9.66666], "texture": "#1"},
				"west": {"uv": [0.66667, 9.33333, 1, 9.66666], "texture": "#1"},
				"up": {"uv": [1, 9.33333, 0.66667, 9.66666], "texture": "#1"},
				"down": {"uv": [1, 9.33333, 0.66667, 9.66666], "texture": "#1"}
			}
		},
		{
			"from": [-1, 20.25, 3.75],
			"to": [6.75, 20.75, 4.5],
			"rotation": {"angle": -22.5, "axis": "y", "origin": [-1, 20.5, 4]},
			"faces": {
				"north": {"uv": [0.66667, 9.33333, 1, 9.66666], "texture": "#1"},
				"east": {"uv": [0.66667, 9.33333, 1, 9.66666], "texture": "#1"},
				"south": {"uv": [1, 9.33333, 0.66667, 9.66666], "texture": "#1"},
				"west": {"uv": [0.66667, 9.33333, 1, 9.66666], "texture": "#1"},
				"up": {"uv": [1, 9.33333, 0.66667, 9.66666], "texture": "#1"},
				"down": {"uv": [1, 9.33333, 0.66667, 9.66666], "texture": "#1"}
			}
		},
		{
			"from": [5.5, 19.5, 0.5],
			"to": [7, 20.25, 7.5],
			"rotation": {"angle": 0, "axis": "y", "origin": [-1, 10.5, -4]},
			"faces": {
				"north": {"uv": [0.66667, 7, 1.33333, 7.33333], "texture": "#1"},
				"east": {"uv": [0.66667, 4.66667, 1, 7.33333], "texture": "#1"},
				"south": {"uv": [1.33333, 4.66667, 0.66667, 5], "texture": "#1"},
				"west": {"uv": [1, 4.66667, 1.33333, 7.33333], "texture": "#1"},
				"up": {"uv": [1.33333, 4.66667, 0.66667, 7.33333], "texture": "#1"},
				"down": {"uv": [1.33333, 4.66667, 0.66667, 7.33333], "texture": "#1"}
			}
		},
		{
			"from": [3.5, 18.5, 1.125],
			"to": [6.5, 19.5, 2.125],
			"rotation": {"angle": 0, "axis": "y", "origin": [0, 10.75, -4]},
			"faces": {
				"north": {"uv": [1.66667, 7, 2.66667, 7.33333], "texture": "#1"},
				"east": {"uv": [1.66667, 6, 2.33333, 6.33333], "texture": "#1"},
				"south": {"uv": [2.66667, 6.66667, 1.66667, 7], "texture": "#1"},
				"west": {"uv": [2.33333, 6, 1.66667, 6.33333], "texture": "#1"},
				"up": {"uv": [2.66667, 7.33333, 1.66667, 6.66667], "texture": "#1"},
				"down": {"uv": [2.66667, 6.66667, 1.66667, 7.33333], "texture": "#1"}
			}
		},
		{
			"from": [3.5, 18.5, 5.875],
			"to": [6.5, 19.5, 6.875],
			"rotation": {"angle": 0, "axis": "y", "origin": [0, 10.75, -4]},
			"faces": {
				"north": {"uv": [1.66667, 6.66667, 2.66667, 7], "texture": "#1"},
				"east": {"uv": [2.33333, 6, 1.66667, 6.33333], "texture": "#1"},
				"south": {"uv": [2.66667, 7, 1.66667, 7.33333], "texture": "#1"},
				"west": {"uv": [1.66667, 6, 2.33333, 6.33333], "texture": "#1"},
				"up": {"uv": [2.66667, 6.66667, 1.66667, 7.33333], "texture": "#1"},
				"down": {"uv": [2.66667, 7.33333, 1.66667, 6.66667], "texture": "#1"}
			}
		},
		{
			"from": [6.25, 22.5, 1.5],
			"to": [7, 23.25, 6.5],
			"rotation": {"angle": 0, "axis": "y", "origin": [-1, 10.5, -4]},
			"faces": {
				"north": {"uv": [0.66667, 9.33333, 1, 9.66666], "texture": "#1"},
				"east": {"uv": [0.66667, 9.33333, 1, 9.66666], "texture": "#1"},
				"south": {"uv": [1, 9.33333, 0.66667, 9.66666], "texture": "#1"},
				"west": {"uv": [0.66667, 9.33333, 1, 9.66666], "texture": "#1"},
				"up": {"uv": [1, 9.33333, 0.66667, 9.66666], "texture": "#1"},
				"down": {"uv": [1, 9.33333, 0.66667, 9.66666], "texture": "#1"}
			}
		},
		{
			"from": [6.25, 20.25, 1.5],
			"to": [7, 22.5, 2.25],
			"rotation": {"angle": 0, "axis": "y", "origin": [-1, 10.5, -4]},
			"faces": {
				"north": {"uv": [0.66667, 9.33333, 1, 9.66666], "texture": "#1"},
				"east": {"uv": [0.66667, 9.33333, 1, 9.66666], "texture": "#1"},
				"south": {"uv": [1, 9.33333, 0.66667, 9.66666], "texture": "#1"},
				"west": {"uv": [0.66667, 9.33333, 1, 9.66666], "texture": "#1"},
				"up": {"uv": [1, 9.33333, 0.66667, 9.66666], "texture": "#1"},
				"down": {"uv": [1, 9.33333, 0.66667, 9.66666], "texture": "#1"}
			}
		},
		{
			"from": [6.25, 20.25, 5.75],
			"to": [7, 22.5, 6.5],
			"rotation": {"angle": 0, "axis": "y", "origin": [-1, 10.5, -4]},
			"faces": {
				"north": {"uv": [0.66667, 9.33333, 1, 9.66666], "texture": "#1"},
				"east": {"uv": [0.66667, 9.33333, 1, 9.66666], "texture": "#1"},
				"south": {"uv": [1, 9.33333, 0.66667, 9.66666], "texture": "#1"},
				"west": {"uv": [0.66667, 9.33333, 1, 9.66666], "texture": "#1"},
				"up": {"uv": [1, 9.33333, 0.66667, 9.66666], "texture": "#1"},
				"down": {"uv": [1, 9.33333, 0.66667, 9.66666], "texture": "#1"}
			}
		},
		{
			"from": [5, 15.75, 2.5],
			"to": [26, 18.75, 5.5],
			"rotation": {"angle": 0, "axis": "y", "origin": [0, 11, -4]},
			"faces": {
				"north": {"uv": [0.66667, 14.33333, 7.66667, 15.33333], "texture": "#1"},
				"east": {"uv": [0.66667, 10.66667, 2.66667, 12.66667], "texture": "#1"},
				"south": {"uv": [15, 13, 8, 14], "texture": "#1"},
				"west": {"uv": [2.66667, 10.66667, 0.66667, 12.66667], "texture": "#1"},
				"up": {"uv": [7.66667, 14, 0.66667, 13], "texture": "#1"},
				"down": {"uv": [15, 14.33333, 8, 15.33333], "texture": "#1"}
			}
		},
		{
			"from": [25, 15.625, 2.375],
			"to": [25.75, 18.875, 5.625],
			"rotation": {"angle": 0, "axis": "y", "origin": [0, 11, -4]},
			"faces": {
				"north": {"uv": [5.33334, 10.66668, 5.66667, 12.66667], "texture": "#1"},
				"east": {"uv": [3.00001, 10.66668, 5.00001, 12.66667], "texture": "#1"},
				"south": {"uv": [5.66667, 10.66668, 5.33334, 12.66667], "texture": "#1"},
				"west": {"uv": [3.00001, 10.66667, 5, 12.66667], "texture": "#1"},
				"up": {"uv": [8, 12.33333, 6.00001, 12.66666], "texture": "#1"},
				"down": {"uv": [8, 12.33334, 6.00001, 12.66667], "texture": "#1"}
			}
		},
		{
			"from": [22.5, 15.625, 2.375],
			"to": [23.25, 18.875, 5.625],
			"rotation": {"angle": 0, "axis": "y", "origin": [0, 11, -4]},
			"faces": {
				"north": {"uv": [5.33334, 10.66668, 5.66667, 12.66667], "texture": "#1"},
				"east": {"uv": [3.00001, 10.66668, 5.00001, 12.66667], "texture": "#1"},
				"south": {"uv": [5.66667, 10.66668, 5.33334, 12.66667], "texture": "#1"},
				"west": {"uv": [3.00001, 10.66667, 5, 12.66667], "texture": "#1"},
				"up": {"uv": [8, 12.33333, 6.00001, 12.66666], "texture": "#1"},
				"down": {"uv": [8, 12.33334, 6.00001, 12.66667], "texture": "#1"}
			}
		},
		{
			"from": [20, 15.625, 2.375],
			"to": [20.75, 18.875, 5.625],
			"rotation": {"angle": 0, "axis": "y", "origin": [0, 11, -4]},
			"faces": {
				"north": {"uv": [5.33334, 10.66668, 5.66667, 12.66667], "texture": "#1"},
				"east": {"uv": [3.00001, 10.66668, 5.00001, 12.66667], "texture": "#1"},
				"south": {"uv": [5.66667, 10.66668, 5.33334, 12.66667], "texture": "#1"},
				"west": {"uv": [3.00001, 10.66667, 5, 12.66667], "texture": "#1"},
				"up": {"uv": [8, 12.33333, 6.00001, 12.66666], "texture": "#1"},
				"down": {"uv": [8, 12.33334, 6.00001, 12.66667], "texture": "#1"}
			}
		},
		{
			"from": [14, 15.625, 2.375],
			"to": [16, 18.875, 5.625],
			"rotation": {"angle": 0, "axis": "y", "origin": [0, 11, -4]},
			"faces": {
				"north": {"uv": [5.33334, 10.66668, 5.66667, 12.66667], "texture": "#1"},
				"east": {"uv": [3.00001, 10.66668, 5.00001, 12.66667], "texture": "#1"},
				"south": {"uv": [5.66667, 10.66668, 5.33334, 12.66667], "texture": "#1"},
				"west": {"uv": [3.00001, 10.66667, 5, 12.66667], "texture": "#1"},
				"up": {"uv": [8, 12.33333, 6.00001, 12.66666], "texture": "#1"},
				"down": {"uv": [8, 12.33334, 6.00001, 12.66667], "texture": "#1"}
			}
		},
		{
			"from": [-5, 14.75, -0.5],
			"to": [3, 17.5, 2.25],
			"rotation": {"angle": 0, "axis": "y", "origin": [0, 11, -4]},
			"faces": {
				"north": {"uv": [6.00001, 8.33335, 8.66667, 9.33334], "texture": "#1"},
				"east": {"uv": [9.00001, 7.33335, 11.00001, 9.33334], "texture": "#1"},
				"south": {"uv": [8.66667, 8.33335, 6.00001, 9.33334], "texture": "#1"},
				"west": {"uv": [9.00001, 7.33334, 11.00001, 9.33334], "texture": "#1"},
				"up": {"uv": [6.33333, 7, 3.66667, 7.99999], "texture": "#1"},
				"down": {"uv": [6.33333, 5.66668, 3.66667, 6.66667], "texture": "#1"}
			}
		},
		{
			"from": [0, 14.75, 5.75],
			"to": [3, 17.5, 8.5],
			"rotation": {"angle": 0, "axis": "y", "origin": [0, 11, -4]},
			"faces": {
				"north": {"uv": [7.66667, 8.33335, 8.66667, 9.33334], "texture": "#1"},
				"east": {"uv": [9.00001, 7.33335, 11.00001, 9.33334], "texture": "#1"},
				"south": {"uv": [8.66667, 8.33335, 7.66667, 9.33334], "texture": "#1"},
				"west": {"uv": [11.33334, 7.33334, 13.33334, 9.33334], "texture": "#1"},
				"up": {"uv": [6.33333, 7, 5.33334, 7.99999], "texture": "#1"},
				"down": {"uv": [6.33333, 5.66668, 5.33334, 6.66667], "texture": "#1"}
			}
		},
		{
			"from": [-3, 14.75, 5.75],
			"to": [0, 17, 8.25],
			"rotation": {"angle": 0, "axis": "y", "origin": [0, 11, -4]},
			"faces": {
				"north": {"uv": [6.66667, 7.00001, 8, 8], "texture": "#1"},
				"east": {"uv": [11.33334, 7.33335, 13.33334, 9.33334], "texture": "#1"},
				"south": {"uv": [8, 7.00001, 6.66667, 8], "texture": "#1"},
				"west": {"uv": [11.33334, 7.33334, 13.33334, 9.33334], "texture": "#1"},
				"up": {"uv": [8, 7.99999, 6.66667, 7], "texture": "#1"},
				"down": {"uv": [5.66667, 5.66668, 4.33334, 6.66667], "texture": "#1"}
			}
		},
		{
			"from": [-5, 14.75, 5.75],
			"to": [-3, 17.5, 8.5],
			"rotation": {"angle": 0, "axis": "y", "origin": [0, 11, -4]},
			"faces": {
				"north": {"uv": [8.00001, 8.33335, 8.66667, 9.33334], "texture": "#1"},
				"east": {"uv": [11.33334, 7.33335, 13.33334, 9.33334], "texture": "#1"},
				"south": {"uv": [8.66667, 8.33335, 8.00001, 9.33334], "texture": "#1"},
				"west": {"uv": [9.00001, 7.33334, 11.00001, 9.33334], "texture": "#1"},
				"up": {"uv": [6.33333, 7, 5.66667, 7.99999], "texture": "#1"},
				"down": {"uv": [6.33333, 5.66668, 5.66667, 6.66667], "texture": "#1"}
			}
		},
		{
			"from": [-6, 15.25, 2],
			"to": [5, 19.25, 6],
			"rotation": {"angle": 0, "axis": "y", "origin": [0, 11, -4]},
			"faces": {
				"north": {"uv": [8.33334, 11.33334, 12, 12.66667], "texture": "#1"},
				"east": {"uv": [12.33334, 11.33334, 13.66667, 12.66667], "texture": "#1"},
				"south": {"uv": [12, 5.66667, 8.33334, 7], "texture": "#1"},
				"west": {"uv": [12.33334, 11.33333, 13.66667, 12.66667], "texture": "#1"},
				"up": {"uv": [9.66667, 10.99999, 6.00001, 9.66666], "texture": "#1"},
				"down": {"uv": [13.66667, 9.66667, 10.00001, 11], "texture": "#1"}
			}
		},
		{
			"from": [-10.75, 19.5, 3.5],
			"to": [-8.75, 21.5, 4.5],
			"rotation": {"angle": 0, "axis": "y", "origin": [0, 11, -4]},
			"faces": {
				"north": {"uv": [1, 8.33333, 1.66667, 9], "texture": "#1"},
				"east": {"uv": [1, 8.33333, 1.33333, 9], "texture": "#1"},
				"south": {"uv": [1.66667, 8.33333, 1, 9], "texture": "#1"},
				"west": {"uv": [1.33334, 8.33333, 1.66667, 9], "texture": "#1"},
				"up": {"uv": [3, 8.33333, 2.33334, 8.66666], "texture": "#1"},
				"down": {"uv": [1.66667, 8.66667, 1, 9], "texture": "#1"}
			}
		},
		{
			"from": [-9.75, 21.5, 3.5],
			"to": [-7.75, 23.5, 4.5],
			"rotation": {"angle": 0, "axis": "y", "origin": [0, 11, -4]},
			"faces": {
				"north": {"uv": [0.66667, 7.66667, 1.33333, 8.33333], "texture": "#1"},
				"east": {"uv": [0.66667, 7.66667, 1, 8.33333], "texture": "#1"},
				"south": {"uv": [1.33333, 7.66667, 0.66667, 8.33333], "texture": "#1"},
				"west": {"uv": [1, 7.66667, 1.33333, 8.33333], "texture": "#1"},
				"up": {"uv": [1.33333, 7.66667, 0.66667, 8], "texture": "#1"},
				"down": {"uv": [2.66667, 8, 2, 8.33333], "texture": "#1"}
			}
		},
		{
			"from": [-9, 16.25, 3.5],
			"to": [-8, 18.5, 4.5],
			"rotation": {"angle": 0, "axis": "y", "origin": [0, 11, -4]},
			"faces": {
				"north": {"uv": [3, 6.66667, 3.33333, 7.66666], "texture": "#1"},
				"east": {"uv": [3, 6.66667, 3.33333, 7.66666], "texture": "#1"},
				"south": {"uv": [3.33333, 6.66667, 3, 7.66666], "texture": "#1"},
				"west": {"uv": [3, 6.66667, 3.33333, 7.66666], "texture": "#1"},
				"up": {"uv": [3.33333, 6.66667, 3, 7], "texture": "#1"},
				"down": {"uv": [3.33333, 7.33333, 3, 7.66666], "texture": "#1"}
			}
		},
		{
			"from": [-8, 8, 8.5],
			"to": [24, 24, 9.5],
			"faces": {
				"north": {"uv": [0, 2.66667, 10.66667, 8], "texture": "#0"},
				"east": {"uv": [0, 2.66667, 0.33333, 8], "texture": "#0"},
				"south": {"uv": [10.66667, 2.66667, 0, 8], "texture": "#0"},
				"west": {"uv": [10.33333, 2.66667, 10.66667, 8], "texture": "#0"},
				"up": {"uv": [10.66667, 12.66667, 0, 12.33333], "texture": "#0"},
				"down": {"uv": [10.66667, 13, 0, 13.33333], "texture": "#0"}
			}
		},
		{
			"from": [-7, 5, 8.5],
			"to": [23, 8, 9.5],
			"faces": {
				"north": {"uv": [0.33333, 8, 10.33333, 9], "texture": "#0"},
				"east": {"uv": [0.33333, 8, 0.66667, 9], "texture": "#0"},
				"south": {"uv": [10.33333, 8, 0.33333, 9], "texture": "#0"},
				"west": {"uv": [10, 8, 10.33333, 9], "texture": "#0"},
				"down": {"uv": [10.33333, 13.33333, 0.33333, 13.66667], "texture": "#0"}
			}
		},
		{
			"from": [-7, 24, 8.5],
			"to": [23, 27, 9.5],
			"faces": {
				"north": {"uv": [0.33333, 1.66667, 10.33333, 2.66667], "texture": "#0"},
				"east": {"uv": [0.33333, 1.66667, 0.66667, 2.66667], "texture": "#0"},
				"south": {"uv": [10.33333, 1.66667, 0.33333, 2.66667], "texture": "#0"},
				"west": {"uv": [10, 1.66667, 10.33333, 2.66667], "texture": "#0"},
				"up": {"uv": [10.33333, 12.33333, 0.33333, 12], "texture": "#0"}
			}
		},
		{
			"from": [-6, 3, 8.5],
			"to": [22, 5, 9.5],
			"faces": {
				"north": {"uv": [0.66667, 9, 10, 9.66667], "texture": "#0"},
				"east": {"uv": [0.66667, 9, 1, 9.66667], "texture": "#0"},
				"south": {"uv": [10, 9, 0.66667, 9.66667], "texture": "#0"},
				"west": {"uv": [9.66667, 9, 10, 9.66667], "texture": "#0"},
				"down": {"uv": [10, 13.66667, 0.66667, 14], "texture": "#0"}
			}
		},
		{
			"from": [-6, 27, 8.5],
			"to": [22, 29, 9.5],
			"faces": {
				"north": {"uv": [0.66667, 1, 10, 1.66667], "texture": "#0"},
				"east": {"uv": [0.66667, 1, 1, 1.66667], "texture": "#0"},
				"south": {"uv": [10, 1, 0.66667, 1.66667], "texture": "#0"},
				"west": {"uv": [9.66667, 1, 10, 1.66667], "texture": "#0"},
				"up": {"uv": [10, 12, 0.66667, 11.66667], "texture": "#0"}
			}
		},
		{
			"from": [-5, 2, 8.5],
			"to": [21, 3, 9.5],
			"faces": {
				"north": {"uv": [1, 9.66667, 9.66667, 10], "texture": "#0"},
				"east": {"uv": [1, 9.66667, 1.33333, 10], "texture": "#0"},
				"south": {"uv": [9.66667, 9.66667, 1, 10], "texture": "#0"},
				"west": {"uv": [9.33333, 9.66667, 9.66667, 10], "texture": "#0"},
				"down": {"uv": [9.66667, 14, 1, 14.33333], "texture": "#0"}
			}
		},
		{
			"from": [-3, 1, 8.5],
			"to": [19, 2, 9.5],
			"faces": {
				"north": {"uv": [1.66667, 10, 9, 10.33333], "texture": "#0"},
				"east": {"uv": [1.66667, 10, 2, 10.33333], "texture": "#0"},
				"south": {"uv": [9, 10, 1.66667, 10.33333], "texture": "#0"},
				"west": {"uv": [8.66667, 10, 9, 10.33333], "texture": "#0"},
				"down": {"uv": [9, 14.33333, 1.66667, 14.66667], "texture": "#0"}
			}
		},
		{
			"from": [-3, 30, 8.5],
			"to": [19, 31, 9.5],
			"faces": {
				"north": {"uv": [1.66667, 0.33333, 9, 0.66667], "texture": "#0"},
				"east": {"uv": [1.66667, 0.33333, 2, 0.66667], "texture": "#0"},
				"south": {"uv": [9, 0.33333, 1.66667, 0.66667], "texture": "#0"},
				"west": {"uv": [8.66667, 0.33333, 9, 0.66667], "texture": "#0"},
				"up": {"uv": [9, 11.33333, 1.66667, 11], "texture": "#0"}
			}
		},
		{
			"from": [-5, 29, 8.5],
			"to": [21, 30, 9.5],
			"faces": {
				"north": {"uv": [1, 0.66667, 9.66667, 1], "texture": "#0"},
				"east": {"uv": [1, 0.66667, 1.33333, 1], "texture": "#0"},
				"south": {"uv": [9.66667, 0.66667, 1, 1], "texture": "#0"},
				"west": {"uv": [9.33333, 0.66667, 9.66667, 1], "texture": "#0"},
				"up": {"uv": [9.66667, 11.66667, 1, 11.33333], "texture": "#0"}
			}
		},
		{
			"from": [0, 0, 8.5],
			"to": [16, 1, 9.5],
			"faces": {
				"north": {"uv": [2.66667, 10.33333, 8, 10.66667], "texture": "#0"},
				"east": {"uv": [2.66667, 10.33333, 3, 10.66667], "texture": "#0"},
				"south": {"uv": [8, 10.33333, 2.66667, 10.66667], "texture": "#0"},
				"west": {"uv": [7.66667, 10.33333, 8, 10.66667], "texture": "#0"},
				"down": {"uv": [8, 10.33333, 2.66667, 10.66667], "texture": "#0"}
			}
		},
		{
			"from": [0, 31, 8.5],
			"to": [16, 32, 9.5],
			"faces": {
				"north": {"uv": [2.66667, 0, 8, 0.33333], "texture": "#0"},
				"east": {"uv": [2.66667, 0, 3, 0.33333], "texture": "#0"},
				"south": {"uv": [8, 0, 2.66667, 0.33333], "texture": "#0"},
				"west": {"uv": [7.66667, 0, 8, 0.33333], "texture": "#0"},
				"up": {"uv": [8, 0.33333, 2.66667, 0], "texture": "#0"}
			}
		},
		{
			"from": [18.5, 14.75, 1.5],
			"to": [19.5, 15.75, 8.5],
			"rotation": {"angle": 0, "axis": "y", "origin": [8, 27.5, 8]},
			"faces": {
				"north": {"uv": [12, 7.33334, 12.33333, 7.66667], "texture": "#0"},
				"east": {"uv": [13.66667, 8.66667, 11.33333, 9], "texture": "#0"},
				"south": {"uv": [12, 5.33333, 12.33333, 5.66666], "texture": "#0"},
				"west": {"uv": [11.33333, 8.66667, 13.66667, 9], "texture": "#0"},
				"up": {"uv": [12, 7.66667, 12.33333, 5.33333], "texture": "#0"},
				"down": {"uv": [12, 5.33333, 12.33333, 7.66667], "texture": "#0"}
			}
		},
		{
			"from": [18.5, 15.75, 1.5],
			"to": [19.5, 17.75, 2.5],
			"rotation": {"angle": 0, "axis": "y", "origin": [8, 27.5, 8]},
			"faces": {
				"north": {"uv": [14.66667, 6.66667, 15, 7.33333], "texture": "#0"},
				"east": {"uv": [14.66667, 6.66667, 15, 7.33333], "texture": "#0"},
				"south": {"uv": [14.66667, 6.66667, 15, 7.33333], "texture": "#0"},
				"west": {"uv": [15, 6.66667, 14.66667, 7.33333], "texture": "#0"},
				"up": {"uv": [14.66667, 6.66667, 15, 7], "texture": "#0"},
				"down": {"uv": [14.66667, 7.33333, 15, 7], "texture": "#0"}
			}
		},
		{
			"from": [3.5, 15.25, 1],
			"to": [4.5, 17.25, 2],
			"rotation": {"angle": 0, "axis": "y", "origin": [8, 27.5, 8]},
			"faces": {
				"north": {"uv": [14.66667, 6.66667, 15, 7.33333], "texture": "#0"},
				"east": {"uv": [14.66667, 6.66667, 15, 7.33333], "texture": "#0"},
				"south": {"uv": [14.66667, 6.66667, 15, 7.33333], "texture": "#0"},
				"west": {"uv": [15, 6.66667, 14.66667, 7.33333], "texture": "#0"},
				"up": {"uv": [14.66667, 6.66667, 15, 7], "texture": "#0"},
				"down": {"uv": [14.66667, 7.33333, 15, 7], "texture": "#0"}
			}
		},
		{
			"from": [3.5, 14.25, 1],
			"to": [4.5, 15.25, 9],
			"rotation": {"angle": 0, "axis": "y", "origin": [8, 27.5, 8]},
			"faces": {
				"north": {"uv": [11.33333, 7.33334, 11.66666, 7.66667], "texture": "#0"},
				"east": {"uv": [14, 8, 11.33333, 8.33333], "texture": "#0"},
				"south": {"uv": [11.33333, 5, 11.66666, 5.33333], "texture": "#0"},
				"west": {"uv": [11.33333, 8, 14, 8.33333], "texture": "#0"},
				"up": {"uv": [11.33333, 7.66667, 11.66666, 5], "texture": "#0"},
				"down": {"uv": [11.33333, 5, 11.66666, 7.66667], "texture": "#0"}
			}
		},
		{
			"from": [-4.5, 13.75, 0.5],
			"to": [-3.5, 14.75, 8.5],
			"rotation": {"angle": 0, "axis": "y", "origin": [8, 27.5, 8]},
			"faces": {
				"north": {"uv": [11.33333, 7.33334, 11.66666, 7.66667], "texture": "#0"},
				"east": {"uv": [14, 8, 11.33333, 8.33333], "texture": "#0"},
				"south": {"uv": [11.33333, 5, 11.66666, 5.33333], "texture": "#0"},
				"west": {"uv": [11.33333, 8, 14, 8.33333], "texture": "#0"},
				"up": {"uv": [11.33333, 7.66667, 11.66666, 5], "texture": "#0"},
				"down": {"uv": [11.33333, 5, 11.66666, 7.66667], "texture": "#0"}
			}
		}
	],
	"gui_light": "front",
	"display": {
		"thirdperson_righthand": {
			"rotation": [0, -180, 0],
			"translation": [0, 1.25, 1.25],
			"scale": [0.4, 0.4, 0.4]
		},
		"thirdperson_lefthand": {
			"rotation": [0, -180, 0],
			"translation": [0, 1.25, 1.25],
			"scale": [0.4, 0.4, 0.4]
		},
		"firstperson_righthand": {
			"rotation": [0, 135, 0],
			"translation": [2, -2, 0.5],
			"scale": [0.4, 0.4, 0.4]
		},
		"firstperson_lefthand": {
			"rotation": [0, 135, 0],
			"translation": [2, -2, 0.5],
			"scale": [0.4, 0.4, 0.4]
		},
		"ground": {
			"translation": [0, 1, 0],
			"scale": [0.4, 0.4, 0.4]
		},
		"gui": {
			"translation": [0, -4, 0],
			"scale": [-0.5, 0.5, -0.5]
		},
		"head": {
			"rotation": [90, 0, 0],
			"translation": [0, 7, -4],
			"scale": [0.5, 0.5, 0.5]
		},
		"fixed": {
			"translation": [0, -14.4, -1.9],
			"scale": [1.6, 1.6, 1.6]
		}
	},
	"groups": [
		{
			"name": "weapon",
			"origin": [0, 0, 0],
			"color": 0,
			"children": [0, 1, 2, 3, 4, 5, 6, 7, 8, 9, 10, 11, 12, 13, 14, 15, 16, 17, 18, 19, 20, 21, 22, 23, 24, 25]
		},
		{
			"name": "wall",
			"origin": [0, 0, 0],
			"color": 0,
			"children": [26, 27, 28, 29, 30, 31, 32, 33, 34, 35, 36]
		},
		{
			"name": "wall2",
			"origin": [8, 27.5, 8],
			"color": 0,
			"children": [37, 38, 39, 40, 41]
		}
	]
}