{
	"credit": "Daswaget",
	"texture_size": [48, 48],
	"textures": {
		"0": "dswg_weapons_plus/m134/m134_reload_2"
	},
	"elements": [
		{
			"from": [-6.75, 8.5, 7.5],
			"to": [-5.75, 9.25, 8.5],
			"faces": {
				"north": {"uv": [0.66667, 9.33333, 1, 9.66666], "texture": "#0"},
				"east": {"uv": [0.66667, 9.33333, 1, 9.66666], "texture": "#0"},
				"south": {"uv": [1, 9.33333, 0.66667, 9.66666], "texture": "#0"},
				"west": {"uv": [0.66667, 9.33333, 1, 9.66666], "texture": "#0"},
				"up": {"uv": [1, 9.33333, 0.66667, 9.66666], "texture": "#0"},
				"down": {"uv": [1, 9.33333, 0.66667, 9.66666], "texture": "#0"}
			}
		},
		{
			"from": [-10.75, 7.5, 7.5],
			"to": [-5.75, 8.5, 8.5],
			"faces": {
				"north": {"uv": [3.33334, 8.66667, 5, 9], "texture": "#0"},
				"east": {"uv": [3.33334, 8.66667, 3.66667, 9], "texture": "#0"},
				"south": {"uv": [5, 8.66667, 3.33334, 9], "texture": "#0"},
				"west": {"uv": [4.66667, 8.66667, 5, 9], "texture": "#0"},
				"up": {"uv": [5, 8.66667, 3.33334, 9], "texture": "#0"},
				"down": {"uv": [5, 8.66667, 3.33334, 9], "texture": "#0"}
			}
		},
		{
			"from": [-10, 6.125, 7.75],
			"to": [-7, 6.625, 8.25],
			"faces": {
				"north": {"uv": [0.66667, 10, 1, 10.33333], "texture": "#0"},
				"east": {"uv": [0.66667, 10, 1, 10.33333], "texture": "#0"},
				"south": {"uv": [1, 10, 0.66667, 10.33333], "texture": "#0"},
				"west": {"uv": [0.66667, 10, 1, 10.33333], "texture": "#0"},
				"up": {"uv": [1, 10, 0.66667, 10.33333], "texture": "#0"},
				"down": {"uv": [1, 10, 0.66667, 10.33333], "texture": "#0"}
			}
		},
		{
			"from": [-7.275, 6.025, 7.65],
			"to": [-5.275, 6.725, 8.35],
			"faces": {
				"north": {"uv": [0.66667, 9.33333, 1, 9.66666], "texture": "#0"},
				"east": {"uv": [0.66667, 9.33333, 1, 9.66666], "texture": "#0"},
				"south": {"uv": [1, 9.33333, 0.66667, 9.66666], "texture": "#0"},
				"west": {"uv": [0.66667, 9.33333, 1, 9.66666], "texture": "#0"},
				"up": {"uv": [1, 9.33333, 0.66667, 9.66666], "texture": "#0"},
				"down": {"uv": [1, 9.33333, 0.66667, 9.66666], "texture": "#0"}
			}
		},
		{
			"from": [-6.75, 9.25, 7.5],
			"to": [-0.75, 9.75, 8.5],
			"rotation": {"angle": 0, "axis": "y", "origin": [0, 0.25, 0]},
			"faces": {
				"north": {"uv": [0.66667, 9.33333, 1, 9.66666], "texture": "#0"},
				"east": {"uv": [0.66667, 9.33333, 1, 9.66666], "texture": "#0"},
				"south": {"uv": [1, 9.33333, 0.66667, 9.66666], "texture": "#0"},
				"west": {"uv": [0.66667, 9.33333, 1, 9.66666], "texture": "#0"},
				"up": {"uv": [1, 9.33333, 0.66667, 9.66666], "texture": "#0"},
				"down": {"uv": [1, 9.33333, 0.66667, 9.66666], "texture": "#0"}
			}
		},
		{
			"from": [-1, 9.25, 7.5],
			"to": [6.75, 9.75, 8.25],
			"rotation": {"angle": 22.5, "axis": "y", "origin": [-1, 9.5, 8]},
			"faces": {
				"north": {"uv": [0.66667, 9.33333, 1, 9.66666], "texture": "#0"},
				"east": {"uv": [0.66667, 9.33333, 1, 9.66666], "texture": "#0"},
				"south": {"uv": [1, 9.33333, 0.66667, 9.66666], "texture": "#0"},
				"west": {"uv": [0.66667, 9.33333, 1, 9.66666], "texture": "#0"},
				"up": {"uv": [1, 9.33333, 0.66667, 9.66666], "texture": "#0"},
				"down": {"uv": [1, 9.33333, 0.66667, 9.66666], "texture": "#0"}
			}
		},
		{
			"from": [-1, 9.25, 7.75],
			"to": [6.75, 9.75, 8.5],
			"rotation": {"angle": -22.5, "axis": "y", "origin": [-1, 9.5, 8]},
			"faces": {
				"north": {"uv": [0.66667, 9.33333, 1, 9.66666], "texture": "#0"},
				"east": {"uv": [0.66667, 9.33333, 1, 9.66666], "texture": "#0"},
				"south": {"uv": [1, 9.33333, 0.66667, 9.66666], "texture": "#0"},
				"west": {"uv": [0.66667, 9.33333, 1, 9.66666], "texture": "#0"},
				"up": {"uv": [1, 9.33333, 0.66667, 9.66666], "texture": "#0"},
				"down": {"uv": [1, 9.33333, 0.66667, 9.66666], "texture": "#0"}
			}
		},
		{
			"from": [5.5, 8.5, 4.5],
			"to": [7, 9.25, 11.5],
			"rotation": {"angle": 0, "axis": "y", "origin": [-1, -0.5, 0]},
			"faces": {
				"north": {"uv": [0.66667, 7, 1.33333, 7.33333], "texture": "#0"},
				"east": {"uv": [0.66667, 4.66667, 1, 7.33333], "texture": "#0"},
				"south": {"uv": [1.33333, 4.66667, 0.66667, 5], "texture": "#0"},
				"west": {"uv": [1, 4.66667, 1.33333, 7.33333], "texture": "#0"},
				"up": {"uv": [1.33333, 4.66667, 0.66667, 7.33333], "texture": "#0"},
				"down": {"uv": [1.33333, 4.66667, 0.66667, 7.33333], "texture": "#0"}
			}
		},
		{
			"from": [3.5, 7.5, 5.125],
			"to": [6.5, 8.5, 6.125],
			"rotation": {"angle": 0, "axis": "y", "origin": [0, -0.25, 0]},
			"faces": {
				"north": {"uv": [1.66667, 7, 2.66667, 7.33333], "texture": "#0"},
				"east": {"uv": [1.66667, 6, 2.33333, 6.33333], "texture": "#0"},
				"south": {"uv": [2.66667, 6.66667, 1.66667, 7], "texture": "#0"},
				"west": {"uv": [2.33333, 6, 1.66667, 6.33333], "texture": "#0"},
				"up": {"uv": [2.66667, 7.33333, 1.66667, 6.66667], "texture": "#0"},
				"down": {"uv": [2.66667, 6.66667, 1.66667, 7.33333], "texture": "#0"}
			}
		},
		{
			"from": [3.5, 7.5, 9.875],
			"to": [6.5, 8.5, 10.875],
			"rotation": {"angle": 0, "axis": "y", "origin": [0, -0.25, 0]},
			"faces": {
				"north": {"uv": [1.66667, 6.66667, 2.66667, 7], "texture": "#0"},
				"east": {"uv": [2.33333, 6, 1.66667, 6.33333], "texture": "#0"},
				"south": {"uv": [2.66667, 7, 1.66667, 7.33333], "texture": "#0"},
				"west": {"uv": [1.66667, 6, 2.33333, 6.33333], "texture": "#0"},
				"up": {"uv": [2.66667, 6.66667, 1.66667, 7.33333], "texture": "#0"},
				"down": {"uv": [2.66667, 7.33333, 1.66667, 6.66667], "texture": "#0"}
			}
		},
		{
			"from": [6.25, 11.5, 5.5],
			"to": [7, 12.25, 10.5],
			"rotation": {"angle": 0, "axis": "y", "origin": [-1, -0.5, 0]},
			"faces": {
				"north": {"uv": [0.66667, 9.33333, 1, 9.66666], "texture": "#0"},
				"east": {"uv": [0.66667, 9.33333, 1, 9.66666], "texture": "#0"},
				"south": {"uv": [1, 9.33333, 0.66667, 9.66666], "texture": "#0"},
				"west": {"uv": [0.66667, 9.33333, 1, 9.66666], "texture": "#0"},
				"up": {"uv": [1, 9.33333, 0.66667, 9.66666], "texture": "#0"},
				"down": {"uv": [1, 9.33333, 0.66667, 9.66666], "texture": "#0"}
			}
		},
		{
			"from": [6.25, 9.25, 5.5],
			"to": [7, 11.5, 6.25],
			"rotation": {"angle": 0, "axis": "y", "origin": [-1, -0.5, 0]},
			"faces": {
				"north": {"uv": [0.66667, 9.33333, 1, 9.66666], "texture": "#0"},
				"east": {"uv": [0.66667, 9.33333, 1, 9.66666], "texture": "#0"},
				"south": {"uv": [1, 9.33333, 0.66667, 9.66666], "texture": "#0"},
				"west": {"uv": [0.66667, 9.33333, 1, 9.66666], "texture": "#0"},
				"up": {"uv": [1, 9.33333, 0.66667, 9.66666], "texture": "#0"},
				"down": {"uv": [1, 9.33333, 0.66667, 9.66666], "texture": "#0"}
			}
		},
		{
			"from": [6.25, 9.25, 9.75],
			"to": [7, 11.5, 10.5],
			"rotation": {"angle": 0, "axis": "y", "origin": [-1, -0.5, 0]},
			"faces": {
				"north": {"uv": [0.66667, 9.33333, 1, 9.66666], "texture": "#0"},
				"east": {"uv": [0.66667, 9.33333, 1, 9.66666], "texture": "#0"},
				"south": {"uv": [1, 9.33333, 0.66667, 9.66666], "texture": "#0"},
				"west": {"uv": [0.66667, 9.33333, 1, 9.66666], "texture": "#0"},
				"up": {"uv": [1, 9.33333, 0.66667, 9.66666], "texture": "#0"},
				"down": {"uv": [1, 9.33333, 0.66667, 9.66666], "texture": "#0"}
			}
		},
		{
			"from": [5, 4.75, 6.5],
			"to": [26, 7.75, 9.5],
			"faces": {
				"north": {"uv": [0.66667, 14.33333, 7.66667, 15.33333], "texture": "#0"},
				"east": {"uv": [0.66667, 10.66667, 2.66667, 12.66667], "texture": "#0"},
				"south": {"uv": [15, 13, 8, 14], "texture": "#0"},
				"west": {"uv": [2.66667, 10.66667, 0.66667, 12.66667], "texture": "#0"},
				"up": {"uv": [7.66667, 14, 0.66667, 13], "texture": "#0"},
				"down": {"uv": [15, 14.33333, 8, 15.33333], "texture": "#0"}
			}
		},
		{
			"from": [25, 4.625, 6.375],
			"to": [25.75, 7.875, 9.625],
			"faces": {
				"north": {"uv": [5.33334, 10.66668, 5.66667, 12.66667], "texture": "#0"},
				"east": {"uv": [3.00001, 10.66668, 5.00001, 12.66667], "texture": "#0"},
				"south": {"uv": [5.66667, 10.66668, 5.33334, 12.66667], "texture": "#0"},
				"west": {"uv": [3.00001, 10.66667, 5, 12.66667], "texture": "#0"},
				"up": {"uv": [8, 12.33333, 6.00001, 12.66666], "texture": "#0"},
				"down": {"uv": [8, 12.33334, 6.00001, 12.66667], "texture": "#0"}
			}
		},
		{
			"from": [22.5, 4.625, 6.375],
			"to": [23.25, 7.875, 9.625],
			"faces": {
				"north": {"uv": [5.33334, 10.66668, 5.66667, 12.66667], "texture": "#0"},
				"east": {"uv": [3.00001, 10.66668, 5.00001, 12.66667], "texture": "#0"},
				"south": {"uv": [5.66667, 10.66668, 5.33334, 12.66667], "texture": "#0"},
				"west": {"uv": [3.00001, 10.66667, 5, 12.66667], "texture": "#0"},
				"up": {"uv": [8, 12.33333, 6.00001, 12.66666], "texture": "#0"},
				"down": {"uv": [8, 12.33334, 6.00001, 12.66667], "texture": "#0"}
			}
		},
		{
			"from": [20, 4.625, 6.375],
			"to": [20.75, 7.875, 9.625],
			"faces": {
				"north": {"uv": [5.33334, 10.66668, 5.66667, 12.66667], "texture": "#0"},
				"east": {"uv": [3.00001, 10.66668, 5.00001, 12.66667], "texture": "#0"},
				"south": {"uv": [5.66667, 10.66668, 5.33334, 12.66667], "texture": "#0"},
				"west": {"uv": [3.00001, 10.66667, 5, 12.66667], "texture": "#0"},
				"up": {"uv": [8, 12.33333, 6.00001, 12.66666], "texture": "#0"},
				"down": {"uv": [8, 12.33334, 6.00001, 12.66667], "texture": "#0"}
			}
		},
		{
			"from": [14, 4.625, 6.375],
			"to": [16, 7.875, 9.625],
			"faces": {
				"north": {"uv": [5.33334, 10.66668, 5.66667, 12.66667], "texture": "#0"},
				"east": {"uv": [3.00001, 10.66668, 5.00001, 12.66667], "texture": "#0"},
				"south": {"uv": [5.66667, 10.66668, 5.33334, 12.66667], "texture": "#0"},
				"west": {"uv": [3.00001, 10.66667, 5, 12.66667], "texture": "#0"},
				"up": {"uv": [8, 12.33333, 6.00001, 12.66666], "texture": "#0"},
				"down": {"uv": [8, 12.33334, 6.00001, 12.66667], "texture": "#0"}
			}
		},
		{
			"from": [-5, 3.75, 3.5],
			"to": [3, 6.5, 6.25],
			"faces": {
				"north": {"uv": [6.00001, 8.33335, 8.66667, 9.33334], "texture": "#0"},
				"east": {"uv": [9.00001, 7.33335, 11.00001, 9.33334], "texture": "#0"},
				"south": {"uv": [8.66667, 8.33335, 6.00001, 9.33334], "texture": "#0"},
				"west": {"uv": [9.00001, 7.33334, 11.00001, 9.33334], "texture": "#0"},
				"up": {"uv": [6.33333, 7, 3.66667, 7.99999], "texture": "#0"},
				"down": {"uv": [6.33333, 5.66668, 3.66667, 6.66667], "texture": "#0"}
			}
		},
		{
			"from": [0, 3.75, 9.75],
			"to": [3, 6.5, 12.5],
			"faces": {
				"north": {"uv": [7.66667, 8.33335, 8.66667, 9.33334], "texture": "#0"},
				"east": {"uv": [9.00001, 7.33335, 11.00001, 9.33334], "texture": "#0"},
				"south": {"uv": [8.66667, 8.33335, 7.66667, 9.33334], "texture": "#0"},
				"west": {"uv": [11.33334, 7.33334, 13.33334, 9.33334], "texture": "#0"},
				"up": {"uv": [6.33333, 7, 5.33334, 7.99999], "texture": "#0"},
				"down": {"uv": [6.33333, 5.66668, 5.33334, 6.66667], "texture": "#0"}
			}
		},
		{
			"from": [-3, 3.75, 9.75],
			"to": [0, 6, 12.25],
			"faces": {
				"north": {"uv": [6.66667, 7.00001, 8, 8], "texture": "#0"},
				"east": {"uv": [11.33334, 7.33335, 13.33334, 9.33334], "texture": "#0"},
				"south": {"uv": [8, 7.00001, 6.66667, 8], "texture": "#0"},
				"west": {"uv": [11.33334, 7.33334, 13.33334, 9.33334], "texture": "#0"},
				"up": {"uv": [8, 7.99999, 6.66667, 7], "texture": "#0"},
				"down": {"uv": [5.66667, 5.66668, 4.33334, 6.66667], "texture": "#0"}
			}
		},
		{
			"from": [-2.75, 4.5, 12.075],
			"to": [-0.25, 5, 12.575],
			"faces": {
				"north": {"uv": [1.66668, 10.00001, 3, 10.33334], "texture": "#0"},
				"east": {"uv": [1.66668, 10.00001, 2.00001, 10.33334], "texture": "#0"},
				"south": {"uv": [3, 10.00001, 1.66668, 10.33334], "texture": "#0"},
				"west": {"uv": [2.66667, 10, 3, 10.33334], "texture": "#0"},
				"up": {"uv": [3, 10, 1.66668, 10.33333], "texture": "#0"},
				"down": {"uv": [3, 10.00001, 1.66668, 10.33334], "texture": "#0"}
			}
		},
		{
			"from": [-2.75, 4, 12.275],
			"to": [-0.25, 4.5, 12.775],
			"faces": {
				"north": {"uv": [1.66668, 9.33334, 3, 9.66667], "texture": "#0"},
				"east": {"uv": [1.66668, 9.33334, 2.00001, 9.66667], "texture": "#0"},
				"south": {"uv": [3, 9.33334, 1.66668, 9.66667], "texture": "#0"},
				"west": {"uv": [2.66667, 9.33333, 3, 9.66667], "texture": "#0"},
				"up": {"uv": [3, 9.33333, 1.66668, 9.66666], "texture": "#0"},
				"down": {"uv": [3, 9.33334, 1.66668, 9.66667], "texture": "#0"}
			}
		},
		{
			"from": [-2.75, 3.5, 12.45],
			"to": [-0.25, 4, 12.95],
			"faces": {
				"north": {"uv": [1.66668, 9.66667, 3, 10], "texture": "#0"},
				"east": {"uv": [1.66668, 9.66667, 2.00001, 10], "texture": "#0"},
				"south": {"uv": [3, 9.66667, 1.66668, 10], "texture": "#0"},
				"west": {"uv": [2.66667, 9.66666, 3, 10], "texture": "#0"},
				"up": {"uv": [3, 9.66666, 1.66668, 9.99999], "texture": "#0"},
				"down": {"uv": [3, 9.66667, 1.66668, 10], "texture": "#0"}
			}
		},
		{
			"from": [-2.75, 3, 12.65],
			"to": [-0.25, 3.5, 13.15],
			"faces": {
				"north": {"uv": [1.66668, 10.00001, 3, 10.33334], "texture": "#0"},
				"east": {"uv": [1.66668, 10.00001, 2.00001, 10.33334], "texture": "#0"},
				"south": {"uv": [3, 10.00001, 1.66668, 10.33334], "texture": "#0"},
				"west": {"uv": [2.66667, 10, 3, 10.33334], "texture": "#0"},
				"up": {"uv": [3, 10, 1.66668, 10.33333], "texture": "#0"},
				"down": {"uv": [3, 10.00001, 1.66668, 10.33334], "texture": "#0"}
			}
		},
		{
			"from": [-2.75, 2.5, 12.8],
			"to": [-0.25, 3, 13.3],
			"faces": {
				"north": {"uv": [1.66668, 9.33334, 3, 9.66667], "texture": "#0"},
				"east": {"uv": [1.66668, 9.33334, 2.00001, 9.66667], "texture": "#0"},
				"south": {"uv": [3, 9.33334, 1.66668, 9.66667], "texture": "#0"},
				"west": {"uv": [2.66667, 9.33333, 3, 9.66667], "texture": "#0"},
				"up": {"uv": [3, 9.33333, 1.66668, 9.66666], "texture": "#0"},
				"down": {"uv": [3, 9.33334, 1.66668, 9.66667], "texture": "#0"}
			}
		},
		{
			"from": [-2.75, 2, 12.9],
			"to": [-0.25, 2.5, 13.4],
			"faces": {
				"north": {"uv": [1.66668, 9.66667, 3, 10], "texture": "#0"},
				"east": {"uv": [1.66668, 9.66667, 2.00001, 10], "texture": "#0"},
				"south": {"uv": [3, 9.66667, 1.66668, 10], "texture": "#0"},
				"west": {"uv": [2.66667, 9.66666, 3, 10], "texture": "#0"},
				"up": {"uv": [3, 9.66666, 1.66668, 9.99999], "texture": "#0"},
				"down": {"uv": [3, 9.66667, 1.66668, 10], "texture": "#0"}
			}
		},
		{
			"from": [-2.75, 1.5, 12.975],
			"to": [-0.25, 2, 13.475],
			"faces": {
				"north": {"uv": [1.66668, 10.00001, 3, 10.33334], "texture": "#0"},
				"east": {"uv": [1.66668, 10.00001, 2.00001, 10.33334], "texture": "#0"},
				"south": {"uv": [3, 10.00001, 1.66668, 10.33334], "texture": "#0"},
				"west": {"uv": [2.66667, 10, 3, 10.33334], "texture": "#0"},
				"up": {"uv": [3, 10, 1.66668, 10.33333], "texture": "#0"},
				"down": {"uv": [3, 10.00001, 1.66668, 10.33334], "texture": "#0"}
			}
		},
		{
			"from": [-2.75, 1, 13.05],
			"to": [-0.25, 1.5, 13.55],
			"faces": {
				"north": {"uv": [1.66668, 9.33334, 3, 9.66667], "texture": "#0"},
				"east": {"uv": [1.66668, 9.33334, 2.00001, 9.66667], "texture": "#0"},
				"south": {"uv": [3, 9.33334, 1.66668, 9.66667], "texture": "#0"},
				"west": {"uv": [2.66667, 9.33333, 3, 9.66667], "texture": "#0"},
				"up": {"uv": [3, 9.33333, 1.66668, 9.66666], "texture": "#0"},
				"down": {"uv": [3, 9.33334, 1.66668, 9.66667], "texture": "#0"}
			}
		},
		{
			"from": [-2.75, 0.5, 13.1],
			"to": [-0.25, 1, 13.6],
			"faces": {
				"north": {"uv": [1.66668, 9.66667, 3, 10], "texture": "#0"},
				"east": {"uv": [1.66668, 9.66667, 2.00001, 10], "texture": "#0"},
				"south": {"uv": [3, 9.66667, 1.66668, 10], "texture": "#0"},
				"west": {"uv": [2.66667, 9.66666, 3, 10], "texture": "#0"},
				"up": {"uv": [3, 9.66666, 1.66668, 9.99999], "texture": "#0"},
				"down": {"uv": [3, 9.66667, 1.66668, 10], "texture": "#0"}
			}
		},
		{
			"from": [-2.75, 0, 13.15],
			"to": [-0.25, 0.5, 13.65],
			"faces": {
				"north": {"uv": [1.66668, 10.00001, 3, 10.33334], "texture": "#0"},
				"east": {"uv": [1.66668, 10.00001, 2.00001, 10.33334], "texture": "#0"},
				"south": {"uv": [3, 10.00001, 1.66668, 10.33334], "texture": "#0"},
				"west": {"uv": [2.66667, 10, 3, 10.33334], "texture": "#0"},
				"up": {"uv": [3, 10, 1.66668, 10.33333], "texture": "#0"},
				"down": {"uv": [3, 10.00001, 1.66668, 10.33334], "texture": "#0"}
			}
		},
		{
			"from": [-5, 3.75, 9.75],
			"to": [-3, 6.5, 12.5],
			"faces": {
				"north": {"uv": [8.00001, 8.33335, 8.66667, 9.33334], "texture": "#0"},
				"east": {"uv": [11.33334, 7.33335, 13.33334, 9.33334], "texture": "#0"},
				"south": {"uv": [8.66667, 8.33335, 8.00001, 9.33334], "texture": "#0"},
				"west": {"uv": [9.00001, 7.33334, 11.00001, 9.33334], "texture": "#0"},
				"up": {"uv": [6.33333, 7, 5.66667, 7.99999], "texture": "#0"},
				"down": {"uv": [6.33333, 5.66668, 5.66667, 6.66667], "texture": "#0"}
			}
		},
		{
			"from": [-6, 4.25, 6],
			"to": [5, 8.25, 10],
			"faces": {
				"north": {"uv": [8.33334, 11.33334, 12, 12.66667], "texture": "#0"},
				"east": {"uv": [12.33334, 11.33334, 13.66667, 12.66667], "texture": "#0"},
				"south": {"uv": [12, 5.66667, 8.33334, 7], "texture": "#0"},
				"west": {"uv": [12.33334, 11.33333, 13.66667, 12.66667], "texture": "#0"},
				"up": {"uv": [9.66667, 10.99999, 6.00001, 9.66666], "texture": "#0"},
				"down": {"uv": [13.66667, 9.66667, 10.00001, 11], "texture": "#0"}
			}
		},
		{
			"from": [-10.75, 8.5, 7.5],
			"to": [-8.75, 10.5, 8.5],
			"faces": {
				"north": {"uv": [1, 8.33333, 1.66667, 9], "texture": "#0"},
				"east": {"uv": [1, 8.33333, 1.33333, 9], "texture": "#0"},
				"south": {"uv": [1.66667, 8.33333, 1, 9], "texture": "#0"},
				"west": {"uv": [1.33334, 8.33333, 1.66667, 9], "texture": "#0"},
				"up": {"uv": [3, 8.33333, 2.33334, 8.66666], "texture": "#0"},
				"down": {"uv": [1.66667, 8.66667, 1, 9], "texture": "#0"}
			}
		},
		{
			"from": [-9.75, 10.5, 7.5],
			"to": [-7.75, 12.5, 8.5],
			"faces": {
				"north": {"uv": [0.66667, 7.66667, 1.33333, 8.33333], "texture": "#0"},
				"east": {"uv": [0.66667, 7.66667, 1, 8.33333], "texture": "#0"},
				"south": {"uv": [1.33333, 7.66667, 0.66667, 8.33333], "texture": "#0"},
				"west": {"uv": [1, 7.66667, 1.33333, 8.33333], "texture": "#0"},
				"up": {"uv": [1.33333, 7.66667, 0.66667, 8], "texture": "#0"},
				"down": {"uv": [2.66667, 8, 2, 8.33333], "texture": "#0"}
			}
		},
		{
			"from": [-9, 5.25, 7.5],
			"to": [-8, 7.5, 8.5],
			"faces": {
				"north": {"uv": [3, 6.66667, 3.33333, 7.66666], "texture": "#0"},
				"east": {"uv": [3, 6.66667, 3.33333, 7.66666], "texture": "#0"},
				"south": {"uv": [3.33333, 6.66667, 3, 7.66666], "texture": "#0"},
				"west": {"uv": [3, 6.66667, 3.33333, 7.66666], "texture": "#0"},
				"up": {"uv": [3.33333, 6.66667, 3, 7], "texture": "#0"},
				"down": {"uv": [3.33333, 7.33333, 3, 7.66666], "texture": "#0"}
			}
		}
	],
	"gui_light": "front",
	"display": {
		"thirdperson_righthand": {
			"rotation": [0, 90, 0],
			"translation": [0, -4.15, -1.4],
			"scale": [0.8, 0.8, 0.8]
		},
		"thirdperson_lefthand": {
			"rotation": [0, 90, 0],
			"translation": [0, -4.15, -1.4],
			"scale": [-0.8, 0.8, -0.8]
		},
		"firstperson_righthand": {
			"rotation": [-118.86, 81.25, 132.25],
			"translation": [-4.7, -0.75, -1]
		},
		"firstperson_lefthand": {
			"rotation": [-118.86, 81.25, 132.25],
			"translation": [-4.7, -0.75, -1],
			"scale": [-1, 1, -1]
		},
		"ground": {
			"translation": [1.5, 6.25, 0],
			"scale": [0.8, 0.8, 0.8]
		},
		"gui": {
			"rotation": [0, 0, -45],
			"translation": [0.75, 3.5, 0],
			"scale": [-1, 1, -1]
		},
		"head": {
			"rotation": [0, 90, 0],
			"translation": [0, 8.5, -2.5],
			"scale": [0.7, 0.7, 0.7]
		},
		"fixed": {
			"rotation": [0, 0, 45],
			"translation": [-0.75, 3.5, -1]
		}
	},
	"groups": [
		{
			"name": "m134",
			"origin": [0, 0, 0],
			"color": 0,
			"children": []
		},
		0,
		1,
		2,
		3,
		4,
		5,
		6,
		7,
		8,
		9,
		10,
		11,
		12,
		13,
		14,
		15,
		16,
		17,
		18,
		19,
		20,
		21,
		22,
		23,
		24,
		25,
		26,
		27,
		28,
		29,
		30,
		31,
		32,
		33,
		34,
		35
	]
}