{
	"credit": "Daswaget",
	"texture_size": [32, 32],
	"textures": {
		"0": "dswg_weapons_plus/m14/m14",
		"1": "dswg_weapons_plus/m14/m14_scope",
		"2": "dswg_weapons_plus/m14/m14_scope_2",
		"3": "dswg_weapons_plus/m14/m14_scope_3"
	},
	"elements": [
		{
			"from": [10.65, 5.7, 7.5],
			"to": [31.65, 6.7, 8.5],
			"rotation": {"angle": 0, "axis": "y", "origin": [8, 4, 8]},
			"faces": {
				"north": {"uv": [14.66666, 12.00001, 7.66667, 12.33334], "texture": "#0"},
				"east": {"uv": [14.33333, 12, 14.66666, 12.33334], "texture": "#0"},
				"south": {"uv": [7.66667, 12.00001, 14.66666, 12.33334], "texture": "#0"},
				"west": {"uv": [7.66667, 12.00001, 8, 12.33334], "texture": "#0"},
				"up": {"uv": [14.66666, 3.66667, 7.66667, 4], "rotation": 180, "texture": "#0"},
				"down": {"uv": [14.66666, 3.66668, 7.66667, 4.00001], "rotation": 180, "texture": "#0"}
			}
		},
		{
			"from": [2.65, 6.7, 7.5],
			"to": [23.65, 7.7, 8.5],
			"rotation": {"angle": 0, "axis": "y", "origin": [8, 4, 8]},
			"faces": {
				"north": {"uv": [11.99998, 11.66668, 5.00001, 12.00001], "texture": "#0"},
				"east": {"uv": [11.66665, 11.66667, 11.99998, 12.00001], "texture": "#0"},
				"south": {"uv": [5.00001, 11.66668, 11.99998, 12.00001], "texture": "#0"},
				"west": {"uv": [5.00001, 11.66668, 5.33334, 12.00001], "texture": "#0"},
				"up": {"uv": [11.99998, 3.33334, 5.00001, 3.66667], "rotation": 180, "texture": "#0"},
				"down": {"uv": [11.99998, 3.33334, 5.00001, 3.66667], "rotation": 180, "texture": "#0"}
			}
		},
		{
			"from": [11.65, 2.7, 7.5],
			"to": [15.65, 5.7, 8.5],
			"rotation": {"angle": 0, "axis": "y", "origin": [8, 4, 8]},
			"faces": {
				"north": {"uv": [9.33332, 12.33335, 8.00001, 13.33334], "texture": "#0"},
				"east": {"uv": [8.99999, 12.33334, 9.33332, 13.33334], "texture": "#0"},
				"south": {"uv": [8.00001, 12.33335, 9.33332, 13.33334], "texture": "#0"},
				"west": {"uv": [8.00001, 12.33335, 8.33334, 13.33334], "texture": "#0"},
				"up": {"uv": [9.33332, 12.33334, 8.00001, 12.66667], "rotation": 180, "texture": "#0"},
				"down": {"uv": [9.33332, 4.66667, 8.00001, 5], "rotation": 180, "texture": "#0"}
			}
		},
		{
			"from": [-0.35, 7.7, 7.5],
			"to": [21.65, 8.7, 8.5],
			"rotation": {"angle": 0, "axis": "y", "origin": [8, 4, 8]},
			"faces": {
				"north": {"uv": [11.33332, 7.33334, 4.00001, 7.66667], "texture": "#0"},
				"east": {"uv": [10.99999, 11.33333, 11.33332, 11.66667], "texture": "#0"},
				"south": {"uv": [4.00001, 11.33334, 11.33333, 11.66667], "texture": "#0"},
				"west": {"uv": [4.00001, 11.33334, 4.33334, 11.66667], "texture": "#0"},
				"up": {"uv": [11.33332, 3, 4.00001, 3.33333], "rotation": 180, "texture": "#0"},
				"down": {"uv": [11.33332, 3.00001, 4.00001, 3.33334], "rotation": 180, "texture": "#0"}
			}
		},
		{
			"from": [-7.35, 8.7, 7.5],
			"to": [19.65, 9.7, 8.5],
			"rotation": {"angle": 0, "axis": "y", "origin": [8, 4, 8]},
			"faces": {
				"north": {"uv": [10.66667, 11.00001, 1.66667, 11.33334], "texture": "#0"},
				"east": {"uv": [10.33334, 11, 10.66667, 11.33334], "texture": "#0"},
				"south": {"uv": [1.66667, 11.00001, 10.66667, 11.33334], "texture": "#0"},
				"west": {"uv": [1.66667, 11.00001, 2, 11.33334], "texture": "#0"},
				"up": {"uv": [10.66667, 11, 1.66667, 11.33333], "rotation": 180, "texture": "#0"},
				"down": {"uv": [10.66667, 11.00001, 1.66667, 11.33334], "rotation": 180, "texture": "#0"}
			}
		},
		{
			"from": [-4.6, 9.55, 7.9],
			"to": [-3.85, 10.55, 8.1],
			"rotation": {"angle": 0, "axis": "y", "origin": [8, 4, 8]},
			"faces": {
				"north": {"uv": [3, 10.66668, 2.66667, 11.00001], "texture": "#0"},
				"east": {"uv": [2.66667, 10.66667, 3, 11.00001], "texture": "#0"},
				"south": {"uv": [2.66667, 10.66668, 3, 11.00001], "texture": "#0"},
				"west": {"uv": [2.66667, 10.66668, 3, 11.00001], "texture": "#0"},
				"up": {"uv": [3, 10.66667, 2.66667, 11], "rotation": 180, "texture": "#0"},
				"down": {"uv": [3, 10.66668, 2.66667, 11.00001], "rotation": 180, "texture": "#0"}
			}
		},
		{
			"from": [21.65, 4.7, 7.5],
			"to": [31.65, 5.7, 8.5],
			"rotation": {"angle": 0, "axis": "y", "origin": [8, 4, 8]},
			"faces": {
				"north": {"uv": [14.66666, 12.33334, 11.33333, 12.66667], "texture": "#0"},
				"east": {"uv": [14.33333, 12.33333, 14.66666, 12.66667], "texture": "#0"},
				"south": {"uv": [11.33333, 12.33334, 14.66666, 12.66667], "texture": "#0"},
				"west": {"uv": [11.33333, 12.33334, 11.66666, 12.66667], "texture": "#0"},
				"up": {"uv": [14.66666, 12.33333, 11.33333, 12.66666], "rotation": 180, "texture": "#0"},
				"down": {"uv": [14.66666, 4.00001, 11.33333, 4.33334], "rotation": 180, "texture": "#0"}
			}
		},
		{
			"from": [24.65, 3.7, 7.5],
			"to": [31.65, 4.7, 8.5],
			"rotation": {"angle": 0, "axis": "y", "origin": [8, 4, 8]},
			"faces": {
				"north": {"uv": [14.66666, 12.66668, 12.33334, 13.00001], "texture": "#0"},
				"east": {"uv": [14.33333, 12.66667, 14.66666, 13.00001], "texture": "#0"},
				"south": {"uv": [12.33334, 12.66668, 14.66666, 13.00001], "texture": "#0"},
				"west": {"uv": [12.33334, 12.66668, 12.66667, 13.00001], "texture": "#0"},
				"up": {"uv": [14.66666, 12.66667, 12.33334, 13], "rotation": 180, "texture": "#0"},
				"down": {"uv": [14.66666, 4.33334, 12.00001, 4.66667], "rotation": 180, "texture": "#0"}
			}
		},
		{
			"from": [25.65, 6.7, 7.5],
			"to": [31.65, 7.7, 8.5],
			"rotation": {"angle": 0, "axis": "y", "origin": [8, 4, 8]},
			"faces": {
				"north": {"uv": [14.66666, 11.66668, 12.66667, 12.00001], "texture": "#0"},
				"east": {"uv": [14.33333, 11.66667, 14.66666, 12.00001], "texture": "#0"},
				"south": {"uv": [12.66667, 11.66668, 14.66666, 12.00001], "texture": "#0"},
				"west": {"uv": [12.66667, 11.66668, 13, 12.00001], "texture": "#0"},
				"up": {"uv": [14.66666, 11.66667, 12.66667, 12], "rotation": 180, "texture": "#0"},
				"down": {"uv": [14.66666, 5.66667, 12.66667, 6], "rotation": 180, "texture": "#0"}
			}
		},
		{
			"from": [18.65, 4.7, 7.5],
			"to": [20.65, 5.7, 8.5],
			"rotation": {"angle": 0, "axis": "y", "origin": [8, 4, 8]},
			"faces": {
				"north": {"uv": [11, 12.33334, 10.33334, 12.66667], "texture": "#0"},
				"east": {"uv": [10.66667, 12.33333, 11, 12.66667], "texture": "#0"},
				"south": {"uv": [10.33334, 12.33334, 11, 12.66667], "texture": "#0"},
				"west": {"uv": [10.33334, 12.33334, 10.66667, 12.66667], "texture": "#0"},
				"up": {"uv": [11, 12.33333, 10.33334, 12.66666], "rotation": 180, "texture": "#0"},
				"down": {"uv": [11, 4.00001, 10.33334, 4.33334], "rotation": 180, "texture": "#0"}
			}
		},
		{
			"from": [17.65, 3.7, 7.5],
			"to": [19.65, 4.7, 8.5],
			"rotation": {"angle": 0, "axis": "y", "origin": [8, 4, 8]},
			"faces": {
				"north": {"uv": [10.66667, 12.66667, 10.00001, 13], "texture": "#0"},
				"east": {"uv": [10.33334, 12.66666, 10.66667, 13], "texture": "#0"},
				"south": {"uv": [10.00001, 12.66667, 10.66667, 13], "texture": "#0"},
				"west": {"uv": [10.00001, 12.66667, 10.33334, 13], "texture": "#0"},
				"up": {"uv": [10.66667, 12.66666, 10.00001, 12.99999], "rotation": 180, "texture": "#0"},
				"down": {"uv": [10.66667, 12.66667, 10.00001, 13], "rotation": 180, "texture": "#0"}
			}
		},
		{
			"from": [12.65, 1.7, 7.5],
			"to": [15.65, 2.7, 8.5],
			"rotation": {"angle": 0, "axis": "y", "origin": [8, 4, 8]},
			"faces": {
				"north": {"uv": [9.33333, 13.33334, 8.33334, 13.66667], "texture": "#0"},
				"east": {"uv": [9, 13.33333, 9.33333, 13.66667], "texture": "#0"},
				"south": {"uv": [8.33334, 13.33334, 9.33333, 13.66667], "texture": "#0"},
				"west": {"uv": [8.33334, 13.33334, 8.66667, 13.66667], "texture": "#0"},
				"up": {"uv": [9.33333, 13.33333, 8.33334, 13.66666], "rotation": 180, "texture": "#0"},
				"down": {"uv": [9.33333, 13.33334, 8.33334, 13.66667], "rotation": 180, "texture": "#0"}
			}
		},
		{
			"from": [25.65, 2.7, 7.5],
			"to": [27.65, 3.7, 8.5],
			"rotation": {"angle": 0, "axis": "y", "origin": [8, 4, 8]},
			"faces": {
				"north": {"uv": [13, 13, 12.33334, 13.33333], "texture": "#0"},
				"east": {"uv": [12.66667, 12.99999, 13, 13.33333], "texture": "#0"},
				"south": {"uv": [12.33334, 13, 13, 13.33333], "texture": "#0"},
				"west": {"uv": [12.33334, 13, 12.66667, 13.33333], "texture": "#0"},
				"up": {"uv": [13, 12.99999, 12.33334, 13.33332], "rotation": 180, "texture": "#0"},
				"down": {"uv": [13, 13, 12.33334, 13.33333], "rotation": 180, "texture": "#0"}
			}
		},
		{
			"from": [12.65, 9.7, 7.5],
			"to": [15.65, 10.7, 8.5],
			"rotation": {"angle": 0, "axis": "y", "origin": [8, 4, 8]},
			"faces": {
				"north": {"uv": [8.66667, 10.66667, 7.66667, 11], "texture": "#0"},
				"east": {"uv": [8.33334, 10.66666, 8.66667, 11], "texture": "#0"},
				"south": {"uv": [7.66667, 10.66667, 8.66667, 11], "texture": "#0"},
				"west": {"uv": [7.66667, 10.66667, 8, 11], "texture": "#0"},
				"up": {"uv": [8.66667, 10.66666, 7.66667, 10.99999], "rotation": 180, "texture": "#0"},
				"down": {"uv": [8.66667, 10.66667, 7.66667, 11], "rotation": 180, "texture": "#0"}
			}
		},
		{
			"from": [19.65, 12.7, 9],
			"to": [16.65, 10.7, 7],
			"rotation": {"angle": 0, "axis": "y", "origin": [8, 4, 8]},
			"faces": {
				"north": {"uv": [14.19501, 0.74074, 14.63945, 1.03703], "texture": "#1"},
				"east": {"uv": [16, 16, 0, 0], "texture": "#1"},
				"south": {"uv": [14.35828, 0.90401, 14.80272, 1.2003], "texture": "#1"},
				"up": {"uv": [13.86848, 0.74074, 14.31292, 1.05215], "rotation": 180, "texture": "#1"},
				"down": {"uv": [14.19501, 0.88889, 14.63945, 1.03703], "rotation": 180, "texture": "#1"}
			}
		},
		{
			"from": [16.65, 11.7, 8.5],
			"to": [14.65, 10.7, 7.5],
			"rotation": {"angle": 0, "axis": "y", "origin": [8, 4, 8]},
			"faces": {
				"up": {"uv": [8.33333, 10.66667, 8.66667, 11], "rotation": 180, "texture": "#0"}
			}
		},
		{
			"from": [9.65, 10.7, 7],
			"to": [19.65, 12.7, 9],
			"rotation": {"angle": 0, "axis": "y", "origin": [8, 4, 8]},
			"faces": {
				"north": {"uv": [10.66666, 10.00001, 6.66667, 10.66667], "texture": "#0"},
				"east": {"uv": [0, 0, 16, 16], "texture": "#3"},
				"south": {"uv": [6.66667, 10.00001, 10.66666, 10.66667], "texture": "#0"},
				"west": {"uv": [16, 0, 0, 16], "texture": "#2"},
				"up": {"uv": [10.66666, 10, 6.66667, 10.33333], "rotation": 180, "texture": "#0"},
				"down": {"uv": [10.66666, 10.33334, 6.66667, 10.66667], "rotation": 180, "texture": "#0"}
			}
		},
		{
			"from": [16.65, 4.7, 7.5],
			"to": [17.65, 5.7, 8.5],
			"rotation": {"angle": 0, "axis": "y", "origin": [8, 4, 8]},
			"faces": {
				"north": {"uv": [10, 12.33334, 9.66668, 12.66667], "texture": "#0"},
				"east": {"uv": [9.66667, 12.33333, 10, 12.66667], "texture": "#0"},
				"south": {"uv": [9.66668, 12.33334, 10, 12.66667], "texture": "#0"},
				"west": {"uv": [9.66668, 12.33334, 10.00001, 12.66667], "texture": "#0"},
				"up": {"uv": [10, 12.33333, 9.66668, 12.66666], "rotation": 180, "texture": "#0"},
				"down": {"uv": [10, 12.33334, 9.66668, 12.66667], "rotation": 180, "texture": "#0"}
			}
		},
		{
			"from": [12.75, 7.85, 7.05],
			"to": [13.05, 8.55, 7.8],
			"rotation": {"angle": 0, "axis": "y", "origin": [8, 4, 8]},
			"faces": {
				"north": {"uv": [8.66666, 15.00001, 8.33334, 15.33334], "texture": "#0"},
				"east": {"uv": [8.33333, 15.00001, 8.66666, 15.33334], "texture": "#0"},
				"south": {"uv": [8.33334, 15, 8.66666, 15.33334], "texture": "#0"},
				"west": {"uv": [8.33334, 15, 8.66667, 15.33333], "texture": "#0"},
				"up": {"uv": [8.66666, 15, 8.33334, 15.33334], "rotation": 180, "texture": "#0"},
				"down": {"uv": [8.66666, 15, 8.33334, 15.33334], "rotation": 180, "texture": "#0"}
			}
		}
	],
	"gui_light": "front",
	"display": {
		"thirdperson_righthand": {
			"rotation": [0, -90, 0],
			"translation": [0, 1.89, -8.77],
			"scale": [0.8, 0.8, 0.8]
		},
		"thirdperson_lefthand": {
			"rotation": [0, 90, 0],
			"translation": [0, 1.89, -8.77],
			"scale": [0.8, 0.8, 0.8]
		},
		"firstperson_righthand": {
			"rotation": [0, -100, 0],
			"translation": [1.127, 4.62, 1.13]
		},
		"firstperson_lefthand": {
			"rotation": [0, -90, 0],
			"translation": [-8.956, 4.62, 0.921],
			"scale": [-1, 1, -1]
		},
		"ground": {
			"translation": [3.5, 5.5, 0],
			"scale": [-0.8, 0.8, 0.8]
		},
		"gui": {
			"rotation": [0, 0, -45],
			"translation": [-4.5, 6.35, 0]
		},
		"head": {
			"rotation": [0, -90, 0],
			"translation": [0, 7.5, -6.75],
			"scale": [0.7, 0.7, 0.7]
		},
		"fixed": {
			"rotation": [0, 0, 45],
			"translation": [4.5, 6.35, -1],
			"scale": [-1, 1, -1]
		}
	},
	"groups": [
		{
			"name": "m14",
			"origin": [0, 0, 0],
			"color": 0,
			"children": []
		},
		0,
		1,
		2,
		3,
		4,
		5,
		6,
		7,
		8,
		9,
		10,
		11,
		12,
		13,
		14,
		15,
		16,
		17,
		{
			"name": "reload",
			"origin": [8, 4, 8],
			"color": 0,
			"children": [18]
		}
	]
}