{
	"credit": "Daswaget",
	"texture_size": [32, 32],
	"textures": {
		"0": "dswg_weapons_plus/m14/m14",
		"2": "dswg_weapons_plus/m14/m14_scope_2",
		"3": "dswg_weapons_plus/m14/m14_scope_3"
	},
	"elements": [
		{
			"from": [-8, 3.5, 7.5],
			"to": [13, 4.5, 8.5],
			"rotation": {"angle": 0, "axis": "y", "origin": [8, 4, 8]},
			"faces": {
				"north": {"uv": [7.66667, 12.00001, 14.66666, 12.33334], "texture": "#0"},
				"east": {"uv": [7.66667, 12.00001, 8, 12.33334], "texture": "#0"},
				"south": {"uv": [14.66666, 12.00001, 7.66667, 12.33334], "texture": "#0"},
				"west": {"uv": [14.33333, 12, 14.66666, 12.33334], "texture": "#0"},
				"up": {"uv": [14.66666, 3.66667, 7.66667, 4], "texture": "#0"},
				"down": {"uv": [14.66666, 3.66668, 7.66667, 4.00001], "texture": "#0"}
			}
		},
		{
			"from": [0, 4.5, 7.5],
			"to": [21, 5.5, 8.5],
			"rotation": {"angle": 0, "axis": "y", "origin": [8, 4, 8]},
			"faces": {
				"north": {"uv": [5.00001, 11.66668, 11.99998, 12.00001], "texture": "#0"},
				"east": {"uv": [5.00001, 11.66668, 5.33334, 12.00001], "texture": "#0"},
				"south": {"uv": [11.99998, 11.66668, 5.00001, 12.00001], "texture": "#0"},
				"west": {"uv": [11.66665, 11.66667, 11.99998, 12.00001], "texture": "#0"},
				"up": {"uv": [11.99998, 3.33334, 5.00001, 3.66667], "texture": "#0"},
				"down": {"uv": [11.99998, 3.33334, 5.00001, 3.66667], "texture": "#0"}
			}
		},
		{
			"from": [8, 0.5, 7.5],
			"to": [12, 3.5, 8.5],
			"rotation": {"angle": 0, "axis": "y", "origin": [8, 4, 8]},
			"faces": {
				"north": {"uv": [8.00001, 12.33335, 9.33332, 13.33334], "texture": "#0"},
				"east": {"uv": [8.00001, 12.33335, 8.33334, 13.33334], "texture": "#0"},
				"south": {"uv": [9.33332, 12.33335, 8.00001, 13.33334], "texture": "#0"},
				"west": {"uv": [8.99999, 12.33334, 9.33332, 13.33334], "texture": "#0"},
				"up": {"uv": [9.33332, 12.33334, 8.00001, 12.66667], "texture": "#0"},
				"down": {"uv": [9.33332, 4.66667, 8.00001, 5], "texture": "#0"}
			}
		},
		{
			"from": [2, 5.5, 7.5],
			"to": [24, 6.5, 8.5],
			"rotation": {"angle": 0, "axis": "y", "origin": [8, 4, 8]},
			"faces": {
				"north": {"uv": [4.00001, 11.33334, 11.33333, 11.66667], "texture": "#0"},
				"east": {"uv": [4.00001, 11.33334, 4.33334, 11.66667], "texture": "#0"},
				"south": {"uv": [11.33332, 7.33334, 4.00001, 7.66667], "texture": "#0"},
				"west": {"uv": [10.99999, 11.33333, 11.33332, 11.66667], "texture": "#0"},
				"up": {"uv": [11.33332, 3, 4.00001, 3.33333], "texture": "#0"},
				"down": {"uv": [11.33332, 3.00001, 4.00001, 3.33334], "texture": "#0"}
			}
		},
		{
			"from": [4, 6.5, 7.5],
			"to": [31, 7.5, 8.5],
			"rotation": {"angle": 0, "axis": "y", "origin": [8, 4, 8]},
			"faces": {
				"north": {"uv": [1.66667, 11.00001, 10.66667, 11.33334], "texture": "#0"},
				"east": {"uv": [1.66667, 11.00001, 2, 11.33334], "texture": "#0"},
				"south": {"uv": [10.66667, 11.00001, 1.66667, 11.33334], "texture": "#0"},
				"west": {"uv": [10.33334, 11, 10.66667, 11.33334], "texture": "#0"},
				"up": {"uv": [10.66667, 11, 1.66667, 11.33333], "texture": "#0"},
				"down": {"uv": [10.66667, 11.00001, 1.66667, 11.33334], "texture": "#0"}
			}
		},
		{
			"from": [27.5, 7.35, 7.9],
			"to": [28.25, 8.35, 8.1],
			"rotation": {"angle": 0, "axis": "y", "origin": [8, 4, 8]},
			"faces": {
				"north": {"uv": [2.66667, 10.66668, 3, 11.00001], "texture": "#0"},
				"east": {"uv": [2.66667, 10.66668, 3, 11.00001], "texture": "#0"},
				"south": {"uv": [3, 10.66668, 2.66667, 11.00001], "texture": "#0"},
				"west": {"uv": [2.66667, 10.66667, 3, 11.00001], "texture": "#0"},
				"up": {"uv": [3, 10.66667, 2.66667, 11], "texture": "#0"},
				"down": {"uv": [3, 10.66668, 2.66667, 11.00001], "texture": "#0"}
			}
		},
		{
			"from": [-8, 2.5, 7.5],
			"to": [2, 3.5, 8.5],
			"rotation": {"angle": 0, "axis": "y", "origin": [8, 4, 8]},
			"faces": {
				"north": {"uv": [11.33333, 12.33334, 14.66666, 12.66667], "texture": "#0"},
				"east": {"uv": [11.33333, 12.33334, 11.66666, 12.66667], "texture": "#0"},
				"south": {"uv": [14.66666, 12.33334, 11.33333, 12.66667], "texture": "#0"},
				"west": {"uv": [14.33333, 12.33333, 14.66666, 12.66667], "texture": "#0"},
				"up": {"uv": [14.66666, 12.33333, 11.33333, 12.66666], "texture": "#0"},
				"down": {"uv": [14.66666, 4.00001, 11.33333, 4.33334], "texture": "#0"}
			}
		},
		{
			"from": [-8, 1.5, 7.5],
			"to": [-1, 2.5, 8.5],
			"rotation": {"angle": 0, "axis": "y", "origin": [8, 4, 8]},
			"faces": {
				"north": {"uv": [12.33334, 12.66668, 14.66666, 13.00001], "texture": "#0"},
				"east": {"uv": [12.33334, 12.66668, 12.66667, 13.00001], "texture": "#0"},
				"south": {"uv": [14.66666, 12.66668, 12.33334, 13.00001], "texture": "#0"},
				"west": {"uv": [14.33333, 12.66667, 14.66666, 13.00001], "texture": "#0"},
				"up": {"uv": [14.66666, 12.66667, 12.33334, 13], "texture": "#0"},
				"down": {"uv": [14.66666, 4.33334, 12.00001, 4.66667], "texture": "#0"}
			}
		},
		{
			"from": [-8, 4.5, 7.5],
			"to": [-2, 5.5, 8.5],
			"rotation": {"angle": 0, "axis": "y", "origin": [8, 4, 8]},
			"faces": {
				"north": {"uv": [12.66667, 11.66668, 14.66666, 12.00001], "texture": "#0"},
				"east": {"uv": [12.66667, 11.66668, 13, 12.00001], "texture": "#0"},
				"south": {"uv": [14.66666, 11.66668, 12.66667, 12.00001], "texture": "#0"},
				"west": {"uv": [14.33333, 11.66667, 14.66666, 12.00001], "texture": "#0"},
				"up": {"uv": [14.66666, 11.66667, 12.66667, 12], "texture": "#0"},
				"down": {"uv": [14.66666, 5.66667, 12.66667, 6], "texture": "#0"}
			}
		},
		{
			"from": [3, 2.5, 7.5],
			"to": [5, 3.5, 8.5],
			"rotation": {"angle": 0, "axis": "y", "origin": [8, 4, 8]},
			"faces": {
				"north": {"uv": [10.33334, 12.33334, 11, 12.66667], "texture": "#0"},
				"east": {"uv": [10.33334, 12.33334, 10.66667, 12.66667], "texture": "#0"},
				"south": {"uv": [11, 12.33334, 10.33334, 12.66667], "texture": "#0"},
				"west": {"uv": [10.66667, 12.33333, 11, 12.66667], "texture": "#0"},
				"up": {"uv": [11, 12.33333, 10.33334, 12.66666], "texture": "#0"},
				"down": {"uv": [11, 4.00001, 10.33334, 4.33334], "texture": "#0"}
			}
		},
		{
			"from": [4, 1.5, 7.5],
			"to": [6, 2.5, 8.5],
			"rotation": {"angle": 0, "axis": "y", "origin": [8, 4, 8]},
			"faces": {
				"north": {"uv": [10.00001, 12.66667, 10.66667, 13], "texture": "#0"},
				"east": {"uv": [10.00001, 12.66667, 10.33334, 13], "texture": "#0"},
				"south": {"uv": [10.66667, 12.66667, 10.00001, 13], "texture": "#0"},
				"west": {"uv": [10.33334, 12.66666, 10.66667, 13], "texture": "#0"},
				"up": {"uv": [10.66667, 12.66666, 10.00001, 12.99999], "texture": "#0"},
				"down": {"uv": [10.66667, 12.66667, 10.00001, 13], "texture": "#0"}
			}
		},
		{
			"from": [8, -0.5, 7.5],
			"to": [11, 0.5, 8.5],
			"rotation": {"angle": 0, "axis": "y", "origin": [8, 4, 8]},
			"faces": {
				"north": {"uv": [8.33334, 13.33334, 9.33333, 13.66667], "texture": "#0"},
				"east": {"uv": [8.33334, 13.33334, 8.66667, 13.66667], "texture": "#0"},
				"south": {"uv": [9.33333, 13.33334, 8.33334, 13.66667], "texture": "#0"},
				"west": {"uv": [9, 13.33333, 9.33333, 13.66667], "texture": "#0"},
				"up": {"uv": [9.33333, 13.33333, 8.33334, 13.66666], "texture": "#0"},
				"down": {"uv": [9.33333, 13.33334, 8.33334, 13.66667], "texture": "#0"}
			}
		},
		{
			"from": [-4, 0.5, 7.5],
			"to": [-2, 1.5, 8.5],
			"rotation": {"angle": 0, "axis": "y", "origin": [8, 4, 8]},
			"faces": {
				"north": {"uv": [12.33334, 13, 13, 13.33333], "texture": "#0"},
				"east": {"uv": [12.33334, 13, 12.66667, 13.33333], "texture": "#0"},
				"south": {"uv": [13, 13, 12.33334, 13.33333], "texture": "#0"},
				"west": {"uv": [12.66667, 12.99999, 13, 13.33333], "texture": "#0"},
				"up": {"uv": [13, 12.99999, 12.33334, 13.33332], "texture": "#0"},
				"down": {"uv": [13, 13, 12.33334, 13.33333], "texture": "#0"}
			}
		},
		{
			"from": [8, 7.5, 7.5],
			"to": [11, 8.5, 8.5],
			"rotation": {"angle": 0, "axis": "y", "origin": [8, 4, 8]},
			"faces": {
				"north": {"uv": [7.66667, 10.66667, 8.66667, 11], "texture": "#0"},
				"east": {"uv": [7.66667, 10.66667, 8, 11], "texture": "#0"},
				"south": {"uv": [8.66667, 10.66667, 7.66667, 11], "texture": "#0"},
				"west": {"uv": [8.33334, 10.66666, 8.66667, 11], "texture": "#0"},
				"up": {"uv": [8.66667, 10.66666, 7.66667, 10.99999], "texture": "#0"},
				"down": {"uv": [8.66667, 10.66667, 7.66667, 11], "texture": "#0"}
			}
		},
		{
			"from": [4, 8.5, 7],
			"to": [14, 10.5, 9],
			"rotation": {"angle": 0, "axis": "y", "origin": [8, 4, 8]},
			"faces": {
				"north": {"uv": [6.66667, 10.00001, 10.66666, 10.66667], "texture": "#0"},
				"east": {"uv": [16, 0, 0, 16], "texture": "#2"},
				"south": {"uv": [10.66666, 10.00001, 6.66667, 10.66667], "texture": "#0"},
				"west": {"uv": [0, 0, 16, 16], "texture": "#3"},
				"up": {"uv": [10.66666, 10, 6.66667, 10.33333], "texture": "#0"},
				"down": {"uv": [10.66666, 10.33334, 6.66667, 10.66667], "texture": "#0"}
			}
		},
		{
			"from": [6, 2.5, 7.5],
			"to": [7, 3.5, 8.5],
			"rotation": {"angle": 0, "axis": "y", "origin": [8, 4, 8]},
			"faces": {
				"north": {"uv": [9.66668, 12.33334, 10, 12.66667], "texture": "#0"},
				"east": {"uv": [9.66668, 12.33334, 10.00001, 12.66667], "texture": "#0"},
				"south": {"uv": [10, 12.33334, 9.66668, 12.66667], "texture": "#0"},
				"west": {"uv": [9.66667, 12.33333, 10, 12.66667], "texture": "#0"},
				"up": {"uv": [10, 12.33333, 9.66668, 12.66666], "texture": "#0"},
				"down": {"uv": [10, 12.33334, 9.66668, 12.66667], "texture": "#0"}
			}
		},
		{
			"from": [9.6, 5.65, 8.2],
			"to": [9.9, 6.35, 8.95],
			"rotation": {"angle": 0, "axis": "y", "origin": [8, 4, 8]},
			"faces": {
				"north": {"uv": [8.66668, 15, 9, 15.33334], "texture": "#0"},
				"east": {"uv": [8.66668, 15, 9.00001, 15.33333], "texture": "#0"},
				"south": {"uv": [9, 15.00001, 8.66668, 15.33334], "texture": "#0"},
				"west": {"uv": [8.66667, 15.00001, 9, 15.33334], "texture": "#0"},
				"up": {"uv": [9, 15, 8.66668, 15.33334], "texture": "#0"},
				"down": {"uv": [9, 15, 8.66668, 15.33334], "texture": "#0"}
			}
		}
	],
	"gui_light": "front",
	"display": {
		"thirdperson_righthand": {
			"rotation": [0, 90, 0],
			"translation": [0, 3.65, -2.65],
			"scale": [0.8, 0.8, 0.8]
		},
		"thirdperson_lefthand": {
			"rotation": [0, -90, 0],
			"translation": [0, 3.65, -2.65],
			"scale": [0.8, 0.8, 0.8]
		},
		"firstperson_righthand": {
			"rotation": [0, 75, 0],
			"translation": [-1.5, 6.25, 0]
		},
		"firstperson_lefthand": {
			"rotation": [0, 75, 0],
			"translation": [-1.5, 6.25, 0],
			"scale": [-1, 1, -1]
		},
		"ground": {
			"translation": [0, 8, 0],
			"scale": [0.8, 0.8, 0.8]
		},
		"gui": {
			"rotation": [0, 0, -45],
			"translation": [2.5, 2.5, 0],
			"scale": [-1, 1, -1]
		},
		"head": {
			"rotation": [0, 90, 0],
			"translation": [0, 8.5, -2],
			"scale": [0.7, 0.7, 0.7]
		},
		"fixed": {
			"rotation": [0, 0, 45],
			"translation": [-2.5, 2.5, -1]
		}
	},
	"groups": [
		{
			"name": "m14",
			"origin": [0, 0, 0],
			"color": 0,
			"children": []
		},
		0,
		1,
		2,
		3,
		4,
		5,
		6,
		7,
		8,
		9,
		10,
		11,
		12,
		13,
		14,
		15,
		{
			"name": "reload",
			"origin": [8, 4, 8],
			"color": 0,
			"children": [16]
		}
	]
}