{
	"credit": "Daswaget",
	"texture_size": [32, 32],
	"textures": {
		"0": "dswg_weapons_plus/weapon_wall_plus/weapon_wall_plus",
		"1": "dswg_weapons_plus/m14/m14",
		"2": "dswg_weapons_plus/m14/m14_scope_2",
		"3": "dswg_weapons_plus/m14/m14_scope_3",
		"particle": "dswg_weapons_plus/weapon_wall_plus/weapon_wall_plus"
	},
	"elements": [
		{
			"from": [-10, 15, 7],
			"to": [11, 16, 8],
			"rotation": {"angle": 0, "axis": "y", "origin": [8, 4, 8]},
			"faces": {
				"north": {"uv": [7.66667, 12.00001, 14.66666, 12.33334], "texture": "#1"},
				"east": {"uv": [7.66667, 12.00001, 8, 12.33334], "texture": "#1"},
				"south": {"uv": [14.66666, 12.00001, 7.66667, 12.33334], "texture": "#1"},
				"west": {"uv": [14.33333, 12, 14.66666, 12.33334], "texture": "#1"},
				"up": {"uv": [14.66666, 3.66667, 7.66667, 4], "texture": "#1"},
				"down": {"uv": [14.66666, 3.66668, 7.66667, 4.00001], "texture": "#1"}
			}
		},
		{
			"from": [-2, 16, 7],
			"to": [19, 17, 8],
			"rotation": {"angle": 0, "axis": "y", "origin": [8, 4, 8]},
			"faces": {
				"north": {"uv": [5.00001, 11.66668, 11.99998, 12.00001], "texture": "#1"},
				"east": {"uv": [5.00001, 11.66668, 5.33334, 12.00001], "texture": "#1"},
				"south": {"uv": [11.99998, 11.66668, 5.00001, 12.00001], "texture": "#1"},
				"west": {"uv": [11.66665, 11.66667, 11.99998, 12.00001], "texture": "#1"},
				"up": {"uv": [11.99998, 3.33334, 5.00001, 3.66667], "texture": "#1"},
				"down": {"uv": [11.99998, 3.33334, 5.00001, 3.66667], "texture": "#1"}
			}
		},
		{
			"from": [6, 12, 7],
			"to": [10, 15, 8],
			"rotation": {"angle": 0, "axis": "y", "origin": [8, 4, 8]},
			"faces": {
				"north": {"uv": [8.00001, 12.33335, 9.33332, 13.33334], "texture": "#1"},
				"east": {"uv": [8.00001, 12.33335, 8.33334, 13.33334], "texture": "#1"},
				"south": {"uv": [9.33332, 12.33335, 8.00001, 13.33334], "texture": "#1"},
				"west": {"uv": [8.99999, 12.33334, 9.33332, 13.33334], "texture": "#1"},
				"up": {"uv": [9.33332, 12.33334, 8.00001, 12.66667], "texture": "#1"},
				"down": {"uv": [9.33332, 4.66667, 8.00001, 5], "texture": "#1"}
			}
		},
		{
			"from": [0, 17, 7],
			"to": [22, 18, 8],
			"rotation": {"angle": 0, "axis": "y", "origin": [8, 4, 8]},
			"faces": {
				"north": {"uv": [4.00001, 11.33334, 11.33333, 11.66667], "texture": "#1"},
				"east": {"uv": [4.00001, 11.33334, 4.33334, 11.66667], "texture": "#1"},
				"south": {"uv": [11.33332, 7.33334, 4.00001, 7.66667], "texture": "#1"},
				"west": {"uv": [10.99999, 11.33333, 11.33332, 11.66667], "texture": "#1"},
				"up": {"uv": [11.33332, 3, 4.00001, 3.33333], "texture": "#1"},
				"down": {"uv": [11.33332, 3.00001, 4.00001, 3.33334], "texture": "#1"}
			}
		},
		{
			"from": [2, 18, 7],
			"to": [29, 19, 8],
			"rotation": {"angle": 0, "axis": "y", "origin": [8, 4, 8]},
			"faces": {
				"north": {"uv": [1.66667, 11.00001, 10.66667, 11.33334], "texture": "#1"},
				"east": {"uv": [1.66667, 11.00001, 2, 11.33334], "texture": "#1"},
				"south": {"uv": [10.66667, 11.00001, 1.66667, 11.33334], "texture": "#1"},
				"west": {"uv": [10.33334, 11, 10.66667, 11.33334], "texture": "#1"},
				"up": {"uv": [10.66667, 11, 1.66667, 11.33333], "texture": "#1"},
				"down": {"uv": [10.66667, 11.00001, 1.66667, 11.33334], "texture": "#1"}
			}
		},
		{
			"from": [25.5, 18.85, 7.4],
			"to": [26.25, 19.85, 7.6],
			"rotation": {"angle": 0, "axis": "y", "origin": [8, 4, 8]},
			"faces": {
				"north": {"uv": [2.66667, 10.66668, 3, 11.00001], "texture": "#1"},
				"east": {"uv": [2.66667, 10.66668, 3, 11.00001], "texture": "#1"},
				"south": {"uv": [3, 10.66668, 2.66667, 11.00001], "texture": "#1"},
				"west": {"uv": [2.66667, 10.66667, 3, 11.00001], "texture": "#1"},
				"up": {"uv": [3, 10.66667, 2.66667, 11], "texture": "#1"},
				"down": {"uv": [3, 10.66668, 2.66667, 11.00001], "texture": "#1"}
			}
		},
		{
			"from": [-10, 14, 7],
			"to": [0, 15, 8],
			"rotation": {"angle": 0, "axis": "y", "origin": [8, 4, 8]},
			"faces": {
				"north": {"uv": [11.33333, 12.33334, 14.66666, 12.66667], "texture": "#1"},
				"east": {"uv": [11.33333, 12.33334, 11.66666, 12.66667], "texture": "#1"},
				"south": {"uv": [14.66666, 12.33334, 11.33333, 12.66667], "texture": "#1"},
				"west": {"uv": [14.33333, 12.33333, 14.66666, 12.66667], "texture": "#1"},
				"up": {"uv": [14.66666, 12.33333, 11.33333, 12.66666], "texture": "#1"},
				"down": {"uv": [14.66666, 4.00001, 11.33333, 4.33334], "texture": "#1"}
			}
		},
		{
			"from": [-10, 13, 7],
			"to": [-3, 14, 8],
			"rotation": {"angle": 0, "axis": "y", "origin": [8, 4, 8]},
			"faces": {
				"north": {"uv": [12.33334, 12.66668, 14.66666, 13.00001], "texture": "#1"},
				"east": {"uv": [12.33334, 12.66668, 12.66667, 13.00001], "texture": "#1"},
				"south": {"uv": [14.66666, 12.66668, 12.33334, 13.00001], "texture": "#1"},
				"west": {"uv": [14.33333, 12.66667, 14.66666, 13.00001], "texture": "#1"},
				"up": {"uv": [14.66666, 12.66667, 12.33334, 13], "texture": "#1"},
				"down": {"uv": [14.66666, 4.33334, 12.00001, 4.66667], "texture": "#1"}
			}
		},
		{
			"from": [-10, 16, 7],
			"to": [-4, 17, 8],
			"rotation": {"angle": 0, "axis": "y", "origin": [8, 4, 8]},
			"faces": {
				"north": {"uv": [12.66667, 11.66668, 14.66666, 12.00001], "texture": "#1"},
				"east": {"uv": [12.66667, 11.66668, 13, 12.00001], "texture": "#1"},
				"south": {"uv": [14.66666, 11.66668, 12.66667, 12.00001], "texture": "#1"},
				"west": {"uv": [14.33333, 11.66667, 14.66666, 12.00001], "texture": "#1"},
				"up": {"uv": [14.66666, 11.66667, 12.66667, 12], "texture": "#1"},
				"down": {"uv": [14.66666, 5.66667, 12.66667, 6], "texture": "#1"}
			}
		},
		{
			"from": [1, 14, 7],
			"to": [3, 15, 8],
			"rotation": {"angle": 0, "axis": "y", "origin": [8, 4, 8]},
			"faces": {
				"north": {"uv": [10.33334, 12.33334, 11, 12.66667], "texture": "#1"},
				"east": {"uv": [10.33334, 12.33334, 10.66667, 12.66667], "texture": "#1"},
				"south": {"uv": [11, 12.33334, 10.33334, 12.66667], "texture": "#1"},
				"west": {"uv": [10.66667, 12.33333, 11, 12.66667], "texture": "#1"},
				"up": {"uv": [11, 12.33333, 10.33334, 12.66666], "texture": "#1"},
				"down": {"uv": [11, 4.00001, 10.33334, 4.33334], "texture": "#1"}
			}
		},
		{
			"from": [2, 13, 7],
			"to": [4, 14, 8],
			"rotation": {"angle": 0, "axis": "y", "origin": [8, 4, 8]},
			"faces": {
				"north": {"uv": [10.00001, 12.66667, 10.66667, 13], "texture": "#1"},
				"east": {"uv": [10.00001, 12.66667, 10.33334, 13], "texture": "#1"},
				"south": {"uv": [10.66667, 12.66667, 10.00001, 13], "texture": "#1"},
				"west": {"uv": [10.33334, 12.66666, 10.66667, 13], "texture": "#1"},
				"up": {"uv": [10.66667, 12.66666, 10.00001, 12.99999], "texture": "#1"},
				"down": {"uv": [10.66667, 12.66667, 10.00001, 13], "texture": "#1"}
			}
		},
		{
			"from": [6, 11, 7],
			"to": [9, 12, 8],
			"rotation": {"angle": 0, "axis": "y", "origin": [8, 4, 8]},
			"faces": {
				"north": {"uv": [8.33334, 13.33334, 9.33333, 13.66667], "texture": "#1"},
				"east": {"uv": [8.33334, 13.33334, 8.66667, 13.66667], "texture": "#1"},
				"south": {"uv": [9.33333, 13.33334, 8.33334, 13.66667], "texture": "#1"},
				"west": {"uv": [9, 13.33333, 9.33333, 13.66667], "texture": "#1"},
				"up": {"uv": [9.33333, 13.33333, 8.33334, 13.66666], "texture": "#1"},
				"down": {"uv": [9.33333, 13.33334, 8.33334, 13.66667], "texture": "#1"}
			}
		},
		{
			"from": [-6, 12, 7],
			"to": [-4, 13, 8],
			"rotation": {"angle": 0, "axis": "y", "origin": [8, 4, 8]},
			"faces": {
				"north": {"uv": [12.33334, 13, 13, 13.33333], "texture": "#1"},
				"east": {"uv": [12.33334, 13, 12.66667, 13.33333], "texture": "#1"},
				"south": {"uv": [13, 13, 12.33334, 13.33333], "texture": "#1"},
				"west": {"uv": [12.66667, 12.99999, 13, 13.33333], "texture": "#1"},
				"up": {"uv": [13, 12.99999, 12.33334, 13.33332], "texture": "#1"},
				"down": {"uv": [13, 13, 12.33334, 13.33333], "texture": "#1"}
			}
		},
		{
			"from": [6, 19, 7],
			"to": [9, 20, 8],
			"rotation": {"angle": 0, "axis": "y", "origin": [8, 4, 8]},
			"faces": {
				"north": {"uv": [7.66667, 10.66667, 8.66667, 11], "texture": "#1"},
				"east": {"uv": [7.66667, 10.66667, 8, 11], "texture": "#1"},
				"south": {"uv": [8.66667, 10.66667, 7.66667, 11], "texture": "#1"},
				"west": {"uv": [8.33334, 10.66666, 8.66667, 11], "texture": "#1"},
				"up": {"uv": [8.66667, 10.66666, 7.66667, 10.99999], "texture": "#1"},
				"down": {"uv": [8.66667, 10.66667, 7.66667, 11], "texture": "#1"}
			}
		},
		{
			"from": [2, 20, 6.5],
			"to": [12, 22, 8.5],
			"rotation": {"angle": 0, "axis": "y", "origin": [8, 4, 8]},
			"faces": {
				"north": {"uv": [6.66667, 10.00001, 10.66666, 10.66667], "texture": "#1"},
				"east": {"uv": [16, 0, 0, 16], "texture": "#2"},
				"south": {"uv": [10.66666, 10.00001, 6.66667, 10.66667], "texture": "#1"},
				"west": {"uv": [0, 0, 16, 16], "texture": "#3"},
				"up": {"uv": [10.66666, 10, 6.66667, 10.33333], "texture": "#1"},
				"down": {"uv": [10.66666, 10.33334, 6.66667, 10.66667], "texture": "#1"}
			}
		},
		{
			"from": [4, 14, 7],
			"to": [5, 15, 8],
			"rotation": {"angle": 0, "axis": "y", "origin": [8, 4, 8]},
			"faces": {
				"north": {"uv": [9.66668, 12.33334, 10, 12.66667], "texture": "#1"},
				"east": {"uv": [9.66668, 12.33334, 10.00001, 12.66667], "texture": "#1"},
				"south": {"uv": [10, 12.33334, 9.66668, 12.66667], "texture": "#1"},
				"west": {"uv": [9.66667, 12.33333, 10, 12.66667], "texture": "#1"},
				"up": {"uv": [10, 12.33333, 9.66668, 12.66666], "texture": "#1"},
				"down": {"uv": [10, 12.33334, 9.66668, 12.66667], "texture": "#1"}
			}
		},
		{
			"from": [8.6, 17.15, 7.7],
			"to": [8.9, 17.85, 8.45],
			"rotation": {"angle": 0, "axis": "y", "origin": [8, 4, 8]},
			"faces": {
				"north": {"uv": [8.33334, 15, 8.66666, 15.33334], "texture": "#1"},
				"east": {"uv": [8.33334, 15, 8.66667, 15.33333], "texture": "#1"},
				"south": {"uv": [8.66666, 15.00001, 8.33334, 15.33334], "texture": "#1"},
				"west": {"uv": [8.33333, 15.00001, 8.66666, 15.33334], "texture": "#1"},
				"up": {"uv": [8.66666, 15, 8.33334, 15.33334], "texture": "#1"},
				"down": {"uv": [8.66666, 15, 8.33334, 15.33334], "texture": "#1"}
			}
		},
		{
			"from": [-8, 8, 8.5],
			"to": [24, 24, 9.5],
			"faces": {
				"north": {"uv": [0, 2.66667, 10.66667, 8], "texture": "#0"},
				"east": {"uv": [0, 2.66667, 0.33333, 8], "texture": "#0"},
				"south": {"uv": [10.66667, 2.66667, 0, 8], "texture": "#0"},
				"west": {"uv": [10.33333, 2.66667, 10.66667, 8], "texture": "#0"},
				"up": {"uv": [10.66667, 12.66667, 0, 12.33333], "texture": "#0"},
				"down": {"uv": [10.66667, 13, 0, 13.33333], "texture": "#0"}
			}
		},
		{
			"from": [-7, 5, 8.5],
			"to": [23, 8, 9.5],
			"faces": {
				"north": {"uv": [0.33333, 8, 10.33333, 9], "texture": "#0"},
				"east": {"uv": [0.33333, 8, 0.66667, 9], "texture": "#0"},
				"south": {"uv": [10.33333, 8, 0.33333, 9], "texture": "#0"},
				"west": {"uv": [10, 8, 10.33333, 9], "texture": "#0"},
				"down": {"uv": [10.33333, 13.33333, 0.33333, 13.66667], "texture": "#0"}
			}
		},
		{
			"from": [-7, 24, 8.5],
			"to": [23, 27, 9.5],
			"faces": {
				"north": {"uv": [0.33333, 1.66667, 10.33333, 2.66667], "texture": "#0"},
				"east": {"uv": [0.33333, 1.66667, 0.66667, 2.66667], "texture": "#0"},
				"south": {"uv": [10.33333, 1.66667, 0.33333, 2.66667], "texture": "#0"},
				"west": {"uv": [10, 1.66667, 10.33333, 2.66667], "texture": "#0"},
				"up": {"uv": [10.33333, 12.33333, 0.33333, 12], "texture": "#0"}
			}
		},
		{
			"from": [-6, 3, 8.5],
			"to": [22, 5, 9.5],
			"faces": {
				"north": {"uv": [0.66667, 9, 10, 9.66667], "texture": "#0"},
				"east": {"uv": [0.66667, 9, 1, 9.66667], "texture": "#0"},
				"south": {"uv": [10, 9, 0.66667, 9.66667], "texture": "#0"},
				"west": {"uv": [9.66667, 9, 10, 9.66667], "texture": "#0"},
				"down": {"uv": [10, 13.66667, 0.66667, 14], "texture": "#0"}
			}
		},
		{
			"from": [-6, 27, 8.5],
			"to": [22, 29, 9.5],
			"faces": {
				"north": {"uv": [0.66667, 1, 10, 1.66667], "texture": "#0"},
				"east": {"uv": [0.66667, 1, 1, 1.66667], "texture": "#0"},
				"south": {"uv": [10, 1, 0.66667, 1.66667], "texture": "#0"},
				"west": {"uv": [9.66667, 1, 10, 1.66667], "texture": "#0"},
				"up": {"uv": [10, 12, 0.66667, 11.66667], "texture": "#0"}
			}
		},
		{
			"from": [-5, 2, 8.5],
			"to": [21, 3, 9.5],
			"faces": {
				"north": {"uv": [1, 9.66667, 9.66667, 10], "texture": "#0"},
				"east": {"uv": [1, 9.66667, 1.33333, 10], "texture": "#0"},
				"south": {"uv": [9.66667, 9.66667, 1, 10], "texture": "#0"},
				"west": {"uv": [9.33333, 9.66667, 9.66667, 10], "texture": "#0"},
				"down": {"uv": [9.66667, 14, 1, 14.33333], "texture": "#0"}
			}
		},
		{
			"from": [-3, 1, 8.5],
			"to": [19, 2, 9.5],
			"faces": {
				"north": {"uv": [1.66667, 10, 9, 10.33333], "texture": "#0"},
				"east": {"uv": [1.66667, 10, 2, 10.33333], "texture": "#0"},
				"south": {"uv": [9, 10, 1.66667, 10.33333], "texture": "#0"},
				"west": {"uv": [8.66667, 10, 9, 10.33333], "texture": "#0"},
				"down": {"uv": [9, 14.33333, 1.66667, 14.66667], "texture": "#0"}
			}
		},
		{
			"from": [-3, 30, 8.5],
			"to": [19, 31, 9.5],
			"faces": {
				"north": {"uv": [1.66667, 0.33333, 9, 0.66667], "texture": "#0"},
				"east": {"uv": [1.66667, 0.33333, 2, 0.66667], "texture": "#0"},
				"south": {"uv": [9, 0.33333, 1.66667, 0.66667], "texture": "#0"},
				"west": {"uv": [8.66667, 0.33333, 9, 0.66667], "texture": "#0"},
				"up": {"uv": [9, 11.33333, 1.66667, 11], "texture": "#0"}
			}
		},
		{
			"from": [-5, 29, 8.5],
			"to": [21, 30, 9.5],
			"faces": {
				"north": {"uv": [1, 0.66667, 9.66667, 1], "texture": "#0"},
				"east": {"uv": [1, 0.66667, 1.33333, 1], "texture": "#0"},
				"south": {"uv": [9.66667, 0.66667, 1, 1], "texture": "#0"},
				"west": {"uv": [9.33333, 0.66667, 9.66667, 1], "texture": "#0"},
				"up": {"uv": [9.66667, 11.66667, 1, 11.33333], "texture": "#0"}
			}
		},
		{
			"from": [0, 0, 8.5],
			"to": [16, 1, 9.5],
			"faces": {
				"north": {"uv": [2.66667, 10.33333, 8, 10.66667], "texture": "#0"},
				"east": {"uv": [2.66667, 10.33333, 3, 10.66667], "texture": "#0"},
				"south": {"uv": [8, 10.33333, 2.66667, 10.66667], "texture": "#0"},
				"west": {"uv": [7.66667, 10.33333, 8, 10.66667], "texture": "#0"},
				"down": {"uv": [8, 10.33333, 2.66667, 10.66667], "texture": "#0"}
			}
		},
		{
			"from": [0, 31, 8.5],
			"to": [16, 32, 9.5],
			"faces": {
				"north": {"uv": [2.66667, 0, 8, 0.33333], "texture": "#0"},
				"east": {"uv": [2.66667, 0, 3, 0.33333], "texture": "#0"},
				"south": {"uv": [8, 0, 2.66667, 0.33333], "texture": "#0"},
				"west": {"uv": [7.66667, 0, 8, 0.33333], "texture": "#0"},
				"up": {"uv": [8, 0.33333, 2.66667, 0], "texture": "#0"}
			}
		},
		{
			"from": [16.5, 16, 6],
			"to": [17.5, 18, 7],
			"rotation": {"angle": 0, "axis": "y", "origin": [8, 27.5, 8]},
			"faces": {
				"north": {"uv": [14.66667, 6.66667, 15, 7.33333], "texture": "#0"},
				"east": {"uv": [14.66667, 6.66667, 15, 7.33333], "texture": "#0"},
				"south": {"uv": [14.66667, 6.66667, 15, 7.33333], "texture": "#0"},
				"west": {"uv": [15, 6.66667, 14.66667, 7.33333], "texture": "#0"},
				"up": {"uv": [14.66667, 6.66667, 15, 7], "texture": "#0"},
				"down": {"uv": [14.66667, 7.33333, 15, 7], "texture": "#0"}
			}
		},
		{
			"from": [16.5, 15, 6],
			"to": [17.5, 16, 9],
			"rotation": {"angle": 0, "axis": "y", "origin": [8, 27.5, 8]},
			"faces": {
				"north": {"uv": [14.66666, 7.33334, 14.99999, 7.66667], "texture": "#0"},
				"east": {"uv": [12.33333, 11.33333, 11.33333, 11.66666], "texture": "#0"},
				"south": {"uv": [14.66666, 6.66667, 14.99999, 7], "texture": "#0"},
				"west": {"uv": [11.33333, 11.33333, 12.33333, 11.66666], "texture": "#0"},
				"up": {"uv": [14.66666, 7.66667, 14.99999, 6.66667], "texture": "#0"},
				"down": {"uv": [14.66666, 6.66667, 14.99999, 7.66667], "texture": "#0"}
			}
		},
		{
			"from": [-2.5, 13, 6],
			"to": [-1.5, 14, 9],
			"rotation": {"angle": 0, "axis": "y", "origin": [8, 27.5, 8]},
			"faces": {
				"north": {"uv": [14.66666, 7.33334, 14.99999, 7.66667], "texture": "#0"},
				"east": {"uv": [12.33333, 11.33333, 11.33333, 11.66666], "texture": "#0"},
				"south": {"uv": [14.66666, 6.66667, 14.99999, 7], "texture": "#0"},
				"west": {"uv": [11.33333, 11.33333, 12.33333, 11.66666], "texture": "#0"},
				"up": {"uv": [14.66666, 7.66667, 14.99999, 6.66667], "texture": "#0"},
				"down": {"uv": [14.66666, 6.66667, 14.99999, 7.66667], "texture": "#0"}
			}
		},
		{
			"from": [-2.5, 14, 6],
			"to": [-1.5, 16, 7],
			"rotation": {"angle": 0, "axis": "y", "origin": [8, 27.5, 8]},
			"faces": {
				"north": {"uv": [14.66667, 6.66667, 15, 7.33333], "texture": "#0"},
				"east": {"uv": [14.66667, 6.66667, 15, 7.33333], "texture": "#0"},
				"south": {"uv": [14.66667, 6.66667, 15, 7.33333], "texture": "#0"},
				"west": {"uv": [15, 6.66667, 14.66667, 7.33333], "texture": "#0"},
				"up": {"uv": [14.66667, 6.66667, 15, 7], "texture": "#0"},
				"down": {"uv": [14.66667, 7.33333, 15, 7], "texture": "#0"}
			}
		}
	],
	"gui_light": "front",
	"display": {
		"thirdperson_righthand": {
			"rotation": [0, -180, 0],
			"translation": [0, 1.25, 1.25],
			"scale": [0.4, 0.4, 0.4]
		},
		"thirdperson_lefthand": {
			"rotation": [0, -180, 0],
			"translation": [0, 1.25, 1.25],
			"scale": [0.4, 0.4, 0.4]
		},
		"firstperson_righthand": {
			"rotation": [0, 135, 0],
			"translation": [2, -2, 0.5],
			"scale": [0.4, 0.4, 0.4]
		},
		"firstperson_lefthand": {
			"rotation": [0, 135, 0],
			"translation": [2, -2, 0.5],
			"scale": [0.4, 0.4, 0.4]
		},
		"ground": {
			"translation": [0, 1, 0],
			"scale": [0.4, 0.4, 0.4]
		},
		"gui": {
			"translation": [0, -4, 0],
			"scale": [-0.5, 0.5, -0.5]
		},
		"head": {
			"rotation": [90, 0, 0],
			"translation": [0, 7, -4],
			"scale": [0.5, 0.5, 0.5]
		},
		"fixed": {
			"translation": [0, -14.4, -1.9],
			"scale": [1.6, 1.6, 1.6]
		}
	},
	"groups": [
		{
			"name": "weapon",
			"origin": [8, 8, 8],
			"color": 0,
			"children": [0, 1, 2, 3, 4, 5, 6, 7, 8, 9, 10, 11, 12, 13, 14, 15, 16]
		},
		{
			"name": "wall",
			"origin": [0, 0, 0],
			"color": 0,
			"children": [17, 18, 19, 20, 21, 22, 23, 24, 25, 26, 27]
		},
		{
			"name": "wall2",
			"origin": [8, 27.5, 8],
			"color": 0,
			"children": [28, 29, 30, 31]
		}
	]
}