{
	"credit": "Daswaget",
	"texture_size": [32, 32],
	"textures": {
		"0": "dswg_weapons_plus/m1897/m1897"
	},
	"elements": [
		{
			"from": [8, 7, 7.5],
			"to": [25, 8, 8.5],
			"rotation": {"angle": 0, "axis": "y", "origin": [8, 4, 8]},
			"faces": {
				"north": {"uv": [14.66666, 12.00001, 9, 12.33334], "texture": "#0"},
				"east": {"uv": [14.33333, 12, 14.66666, 12.33334], "texture": "#0"},
				"south": {"uv": [9, 12.00001, 14.66666, 12.33334], "texture": "#0"},
				"west": {"uv": [9, 12.00001, 9.33333, 12.33334], "texture": "#0"},
				"up": {"uv": [14.66666, 5, 9, 5.33333], "rotation": 180, "texture": "#0"},
				"down": {"uv": [14.66666, 6.66668, 9, 7.00001], "rotation": 180, "texture": "#0"}
			}
		},
		{
			"from": [-10, 8, 7.5],
			"to": [17, 9, 8.5],
			"rotation": {"angle": 0, "axis": "y", "origin": [8, 4, 8]},
			"faces": {
				"north": {"uv": [11.99999, 11.66667, 3, 12.00001], "texture": "#0"},
				"east": {"uv": [11.66666, 11.66667, 11.99999, 12.00001], "texture": "#0"},
				"south": {"uv": [3, 11.66667, 12, 12], "texture": "#0"},
				"west": {"uv": [3.00001, 11.66668, 3.33334, 12.00001], "texture": "#0"},
				"up": {"uv": [11.99999, 6.33333, 3, 6.66667], "rotation": 180, "texture": "#0"},
				"down": {"uv": [11.99999, 6.33333, 3, 6.66667], "rotation": 180, "texture": "#0"}
			}
		},
		{
			"from": [-5, 7.6, 7.25],
			"to": [2, 9.4, 8.75],
			"rotation": {"angle": 0, "axis": "y", "origin": [8, 4, 8]},
			"faces": {
				"north": {"uv": [7.33333, 12.33335, 5.00001, 13], "texture": "#0"},
				"east": {"uv": [6.99999, 12.33334, 7.33333, 13], "texture": "#0"},
				"south": {"uv": [5.00001, 12.33335, 7.33333, 13], "texture": "#0"},
				"west": {"uv": [5.00001, 12.33335, 5.33333, 13], "texture": "#0"},
				"up": {"uv": [7.33333, 12.33334, 5.00001, 12.66667], "rotation": 180, "texture": "#0"},
				"down": {"uv": [7.33333, 12.66667, 5.00001, 13], "rotation": 180, "texture": "#0"}
			}
		},
		{
			"from": [-10, 9, 7.5],
			"to": [15, 10, 8.5],
			"rotation": {"angle": 0, "axis": "y", "origin": [8, 4, 8]},
			"faces": {
				"north": {"uv": [11.33333, 8.66667, 3.00001, 9], "texture": "#0"},
				"east": {"uv": [11, 11.33333, 11.33333, 11.66667], "texture": "#0"},
				"south": {"uv": [3.00001, 11.33334, 11.33333, 11.66667], "texture": "#0"},
				"west": {"uv": [3.00001, 11.33334, 3.33334, 11.66667], "texture": "#0"},
				"up": {"uv": [11.33333, 6, 3.00001, 6.33333], "rotation": 180, "texture": "#0"},
				"down": {"uv": [11.33333, 11.33334, 3.00001, 11.66667], "rotation": 180, "texture": "#0"}
			}
		},
		{
			"from": [-14, 10, 7.5],
			"to": [13, 11, 8.5],
			"rotation": {"angle": 0, "axis": "y", "origin": [8, 4, 8]},
			"faces": {
				"north": {"uv": [10.66667, 11.00001, 1.66667, 11.33334], "texture": "#0"},
				"east": {"uv": [10.33334, 11, 10.66667, 11.33334], "texture": "#0"},
				"south": {"uv": [1.66667, 11.00001, 10.66667, 11.33334], "texture": "#0"},
				"west": {"uv": [1.66667, 11.00001, 2, 11.33334], "texture": "#0"},
				"up": {"uv": [10.66667, 11, 1.66667, 11.33333], "rotation": 180, "texture": "#0"},
				"down": {"uv": [10.66667, 11.00001, 1.66667, 11.33334], "rotation": 180, "texture": "#0"}
			}
		},
		{
			"from": [-14, 9, 7.5],
			"to": [-10, 10, 8.5],
			"rotation": {"angle": 0, "axis": "y", "origin": [8, 4, 8]},
			"faces": {
				"north": {"uv": [3, 11.33334, 1.66667, 11.66667], "texture": "#0"},
				"east": {"uv": [2.66667, 11.33333, 3, 11.66667], "texture": "#0"},
				"south": {"uv": [1.66667, 11.33334, 3, 11.66667], "texture": "#0"},
				"west": {"uv": [1.66667, 11.33334, 2, 11.66667], "texture": "#0"},
				"up": {"uv": [3, 11.33333, 1.66667, 11.66666], "rotation": 180, "texture": "#0"},
				"down": {"uv": [3, 11.33334, 1.66667, 11.66667], "rotation": 180, "texture": "#0"}
			}
		},
		{
			"from": [16, 6, 7.5],
			"to": [25, 7, 8.5],
			"rotation": {"angle": 0, "axis": "y", "origin": [8, 4, 8]},
			"faces": {
				"north": {"uv": [14.66666, 12.33334, 11.66667, 12.66667], "texture": "#0"},
				"east": {"uv": [14.33333, 12.33333, 14.66666, 12.66667], "texture": "#0"},
				"south": {"uv": [11.66667, 12.33334, 14.66666, 12.66667], "texture": "#0"},
				"west": {"uv": [11.66667, 12.33334, 12, 12.66667], "texture": "#0"},
				"up": {"uv": [14.66666, 12.33333, 11.66667, 12.66666], "rotation": 180, "texture": "#0"},
				"down": {"uv": [14.66666, 7.00001, 11.66667, 7.33334], "rotation": 180, "texture": "#0"}
			}
		},
		{
			"from": [17, 5, 7.5],
			"to": [25, 6, 8.5],
			"rotation": {"angle": 0, "axis": "y", "origin": [8, 4, 8]},
			"faces": {
				"north": {"uv": [14.66666, 12.66668, 12.00001, 13.00001], "texture": "#0"},
				"east": {"uv": [14.33333, 12.66667, 14.66666, 13.00001], "texture": "#0"},
				"south": {"uv": [12.00001, 12.66668, 14.66666, 13.00001], "texture": "#0"},
				"west": {"uv": [12.00001, 12.66668, 12.33334, 13.00001], "texture": "#0"},
				"up": {"uv": [14.66666, 12.66667, 12.00001, 13], "rotation": 180, "texture": "#0"},
				"down": {"uv": [14.66666, 7.33334, 12.00001, 7.66667], "rotation": 180, "texture": "#0"}
			}
		},
		{
			"from": [20, 4, 7.5],
			"to": [25, 5, 8.5],
			"rotation": {"angle": 0, "axis": "y", "origin": [8, 4, 8]},
			"faces": {
				"north": {"uv": [14.66666, 13.00001, 13, 13.33334], "texture": "#0"},
				"east": {"uv": [14.33333, 13, 14.66666, 13.33334], "texture": "#0"},
				"south": {"uv": [13, 13.00001, 14.66666, 13.33334], "texture": "#0"},
				"west": {"uv": [13, 13.00001, 13.33333, 13.33334], "texture": "#0"},
				"up": {"uv": [14.66666, 13, 13, 13.33333], "rotation": 180, "texture": "#0"},
				"down": {"uv": [14.66666, 13.00001, 13, 13.33334], "rotation": 180, "texture": "#0"}
			}
		},
		{
			"from": [13, 6, 7.5],
			"to": [15, 7, 8.5],
			"rotation": {"angle": 0, "axis": "y", "origin": [8, 4, 8]},
			"faces": {
				"north": {"uv": [11.33333, 12.33334, 10.66667, 12.66667], "texture": "#0"},
				"east": {"uv": [11, 12.33333, 11.33333, 12.66667], "texture": "#0"},
				"south": {"uv": [10.66667, 12.33334, 11.33333, 12.66667], "texture": "#0"},
				"west": {"uv": [10.66667, 12.33334, 11, 12.66667], "texture": "#0"},
				"up": {"uv": [11.33333, 12.33333, 10.66667, 12.66666], "rotation": 180, "texture": "#0"},
				"down": {"uv": [11.33333, 7.00001, 10.66667, 7.33334], "rotation": 180, "texture": "#0"}
			}
		},
		{
			"from": [12, 5, 7.5],
			"to": [14, 6, 8.5],
			"rotation": {"angle": 0, "axis": "y", "origin": [8, 4, 8]},
			"faces": {
				"north": {"uv": [11, 12.66667, 10.33334, 13], "texture": "#0"},
				"east": {"uv": [10.66667, 12.66666, 11, 13], "texture": "#0"},
				"south": {"uv": [10.33334, 12.66667, 11, 13], "texture": "#0"},
				"west": {"uv": [10.33334, 12.66667, 10.66667, 13], "texture": "#0"},
				"up": {"uv": [11, 12.66666, 10.33334, 12.99999], "rotation": 180, "texture": "#0"},
				"down": {"uv": [11, 12.66667, 10.33334, 13], "rotation": 180, "texture": "#0"}
			}
		},
		{
			"from": [11, 6, 7.5],
			"to": [12, 7, 8.5],
			"rotation": {"angle": 0, "axis": "y", "origin": [8, 4, 8]},
			"faces": {
				"north": {"uv": [10.33333, 12.33334, 10.00001, 12.66667], "texture": "#0"},
				"east": {"uv": [10, 12.33333, 10.33333, 12.66667], "texture": "#0"},
				"south": {"uv": [10.00001, 12.33334, 10.33333, 12.66667], "texture": "#0"},
				"west": {"uv": [10.00001, 12.33334, 10.33334, 12.66667], "texture": "#0"},
				"up": {"uv": [10.33333, 12.33333, 10.00001, 12.66666], "rotation": 180, "texture": "#0"},
				"down": {"uv": [10.33333, 12.33334, 10.00001, 12.66667], "rotation": 180, "texture": "#0"}
			}
		}
	],
	"gui_light": "front",
	"display": {
		"thirdperson_righthand": {
			"rotation": [0, -90, 0],
			"translation": [0, 0.83, -4.3],
			"scale": [0.8, 0.8, 0.8]
		},
		"thirdperson_lefthand": {
			"rotation": [0, 90, 0],
			"translation": [0, 0.83, -4.3],
			"scale": [0.8, 0.8, 0.8]
		},
		"firstperson_righthand": {
			"rotation": [0, -100, 10],
			"translation": [1.127, 3.2, 1.13]
		},
		"firstperson_lefthand": {
			"rotation": [0, -90, 10],
			"translation": [-8.956, 3.2, 0.921],
			"scale": [-1, 1, -1]
		},
		"ground": {
			"translation": [0, 6, 0],
			"scale": [-0.8, 0.8, 0.8]
		},
		"gui": {
			"rotation": [0, 0, -45],
			"translation": [-1.5, 1.55, 0]
		},
		"head": {
			"rotation": [0, 90, 0],
			"translation": [0, 6, -2],
			"scale": [-0.7, 0.7, 0.7]
		},
		"fixed": {
			"rotation": [0, 0, 45],
			"translation": [1.5, 1.5, -1],
			"scale": [-1, 1, 1]
		}
	},
	"groups": [
		{
			"name": "m1897",
			"origin": [0, 0, 0],
			"color": 0,
			"children": []
		},
		0,
		1,
		2,
		3,
		4,
		5,
		6,
		7,
		8,
		9,
		10,
		11
	]
}