﻿{
	"credit": "Daswaget",
	"texture_size": [32, 32],
	"textures": {
		"0": "dswg_weapons_plus/m1897/m1897",
		"particle": "dswg_weapons_plus/m1897/m1897_particle"
	},
	"elements": [
		{
			"from": [-7, 3.5, 7.5],
			"to": [10, 4.5, 8.5],
			"rotation": {"angle": 0, "axis": "y", "origin": [8, 4, 8]},
			"faces": {
				"north": {"uv": [9, 12.00001, 14.66666, 12.33334], "texture": "#0"},
				"east": {"uv": [9, 12.00001, 9.33333, 12.33334], "texture": "#0"},
				"south": {"uv": [14.66666, 12.00001, 9, 12.33334], "texture": "#0"},
				"west": {"uv": [14.33333, 12, 14.66666, 12.33334], "texture": "#0"},
				"up": {"uv": [14.66666, 5, 9, 5.33333], "texture": "#0"},
				"down": {"uv": [14.66666, 6.66668, 9, 7.00001], "texture": "#0"}
			}
		},
		{
			"from": [1, 4.5, 7.5],
			"to": [28, 5.5, 8.5],
			"rotation": {"angle": 0, "axis": "y", "origin": [8, 4, 8]},
			"faces": {
				"north": {"uv": [3, 11.66667, 12, 12], "texture": "#0"},
				"east": {"uv": [3.00001, 11.66668, 3.33334, 12.00001], "texture": "#0"},
				"south": {"uv": [11.99999, 11.66667, 3, 12.00001], "texture": "#0"},
				"west": {"uv": [11.66666, 11.66667, 11.99999, 12.00001], "texture": "#0"},
				"up": {"uv": [11.99999, 6.33333, 3, 6.66667], "texture": "#0"},
				"down": {"uv": [11.99999, 6.33333, 3, 6.66667], "texture": "#0"}
			}
		},
		{
			"from": [16, 4.1, 7.25],
			"to": [23, 5.9, 8.75],
			"rotation": {"angle": 0, "axis": "y", "origin": [8, 4, 8]},
			"faces": {
				"north": {"uv": [5.00001, 12.33335, 7.33333, 13], "texture": "#0"},
				"east": {"uv": [5.00001, 12.33335, 5.33333, 13], "texture": "#0"},
				"south": {"uv": [7.33333, 12.33335, 5.00001, 13], "texture": "#0"},
				"west": {"uv": [6.99999, 12.33334, 7.33333, 13], "texture": "#0"},
				"up": {"uv": [7.33333, 12.33334, 5.00001, 12.66667], "texture": "#0"},
				"down": {"uv": [7.33333, 12.66667, 5.00001, 13], "texture": "#0"}
			}
		},
		{
			"from": [3, 5.5, 7.5],
			"to": [28, 6.5, 8.5],
			"rotation": {"angle": 0, "axis": "y", "origin": [8, 4, 8]},
			"faces": {
				"north": {"uv": [3.00001, 11.33334, 11.33333, 11.66667], "texture": "#0"},
				"east": {"uv": [3.00001, 11.33334, 3.33334, 11.66667], "texture": "#0"},
				"south": {"uv": [11.33333, 8.66667, 3.00001, 9], "texture": "#0"},
				"west": {"uv": [11, 11.33333, 11.33333, 11.66667], "texture": "#0"},
				"up": {"uv": [11.33333, 6, 3.00001, 6.33333], "texture": "#0"},
				"down": {"uv": [11.33333, 11.33334, 3.00001, 11.66667], "texture": "#0"}
			}
		},
		{
			"from": [5, 6.5, 7.5],
			"to": [32, 7.5, 8.5],
			"rotation": {"angle": 0, "axis": "y", "origin": [8, 4, 8]},
			"faces": {
				"north": {"uv": [1.66667, 11.00001, 10.66667, 11.33334], "texture": "#0"},
				"east": {"uv": [1.66667, 11.00001, 2, 11.33334], "texture": "#0"},
				"south": {"uv": [10.66667, 11.00001, 1.66667, 11.33334], "texture": "#0"},
				"west": {"uv": [10.33334, 11, 10.66667, 11.33334], "texture": "#0"},
				"up": {"uv": [10.66667, 11, 1.66667, 11.33333], "texture": "#0"},
				"down": {"uv": [10.66667, 11.00001, 1.66667, 11.33334], "texture": "#0"}
			}
		},
		{
			"from": [28, 5.5, 7.5],
			"to": [32, 6.5, 8.5],
			"rotation": {"angle": 0, "axis": "y", "origin": [8, 4, 8]},
			"faces": {
				"north": {"uv": [1.66667, 11.33334, 3, 11.66667], "texture": "#0"},
				"east": {"uv": [1.66667, 11.33334, 2, 11.66667], "texture": "#0"},
				"south": {"uv": [3, 11.33334, 1.66667, 11.66667], "texture": "#0"},
				"west": {"uv": [2.66667, 11.33333, 3, 11.66667], "texture": "#0"},
				"up": {"uv": [3, 11.33333, 1.66667, 11.66666], "texture": "#0"},
				"down": {"uv": [3, 11.33334, 1.66667, 11.66667], "texture": "#0"}
			}
		},
		{
			"from": [-7, 2.5, 7.5],
			"to": [2, 3.5, 8.5],
			"rotation": {"angle": 0, "axis": "y", "origin": [8, 4, 8]},
			"faces": {
				"north": {"uv": [11.66667, 12.33334, 14.66666, 12.66667], "texture": "#0"},
				"east": {"uv": [11.66667, 12.33334, 12, 12.66667], "texture": "#0"},
				"south": {"uv": [14.66666, 12.33334, 11.66667, 12.66667], "texture": "#0"},
				"west": {"uv": [14.33333, 12.33333, 14.66666, 12.66667], "texture": "#0"},
				"up": {"uv": [14.66666, 12.33333, 11.66667, 12.66666], "texture": "#0"},
				"down": {"uv": [14.66666, 7.00001, 11.66667, 7.33334], "texture": "#0"}
			}
		},
		{
			"from": [-7, 1.5, 7.5],
			"to": [1, 2.5, 8.5],
			"rotation": {"angle": 0, "axis": "y", "origin": [8, 4, 8]},
			"faces": {
				"north": {"uv": [12.00001, 12.66668, 14.66666, 13.00001], "texture": "#0"},
				"east": {"uv": [12.00001, 12.66668, 12.33334, 13.00001], "texture": "#0"},
				"south": {"uv": [14.66666, 12.66668, 12.00001, 13.00001], "texture": "#0"},
				"west": {"uv": [14.33333, 12.66667, 14.66666, 13.00001], "texture": "#0"},
				"up": {"uv": [14.66666, 12.66667, 12.00001, 13], "texture": "#0"},
				"down": {"uv": [14.66666, 7.33334, 12.00001, 7.66667], "texture": "#0"}
			}
		},
		{
			"from": [-7, 0.5, 7.5],
			"to": [-2, 1.5, 8.5],
			"rotation": {"angle": 0, "axis": "y", "origin": [8, 4, 8]},
			"faces": {
				"north": {"uv": [13, 13.00001, 14.66666, 13.33334], "texture": "#0"},
				"east": {"uv": [13, 13.00001, 13.33333, 13.33334], "texture": "#0"},
				"south": {"uv": [14.66666, 13.00001, 13, 13.33334], "texture": "#0"},
				"west": {"uv": [14.33333, 13, 14.66666, 13.33334], "texture": "#0"},
				"up": {"uv": [14.66666, 13, 13, 13.33333], "texture": "#0"},
				"down": {"uv": [14.66666, 13.00001, 13, 13.33334], "texture": "#0"}
			}
		},
		{
			"from": [3, 2.5, 7.5],
			"to": [5, 3.5, 8.5],
			"rotation": {"angle": 0, "axis": "y", "origin": [8, 4, 8]},
			"faces": {
				"north": {"uv": [10.66667, 12.33334, 11.33333, 12.66667], "texture": "#0"},
				"east": {"uv": [10.66667, 12.33334, 11, 12.66667], "texture": "#0"},
				"south": {"uv": [11.33333, 12.33334, 10.66667, 12.66667], "texture": "#0"},
				"west": {"uv": [11, 12.33333, 11.33333, 12.66667], "texture": "#0"},
				"up": {"uv": [11.33333, 12.33333, 10.66667, 12.66666], "texture": "#0"},
				"down": {"uv": [11.33333, 7.00001, 10.66667, 7.33334], "texture": "#0"}
			}
		},
		{
			"from": [4, 1.5, 7.5],
			"to": [6, 2.5, 8.5],
			"rotation": {"angle": 0, "axis": "y", "origin": [8, 4, 8]},
			"faces": {
				"north": {"uv": [10.33334, 12.66667, 11, 13], "texture": "#0"},
				"east": {"uv": [10.33334, 12.66667, 10.66667, 13], "texture": "#0"},
				"south": {"uv": [11, 12.66667, 10.33334, 13], "texture": "#0"},
				"west": {"uv": [10.66667, 12.66666, 11, 13], "texture": "#0"},
				"up": {"uv": [11, 12.66666, 10.33334, 12.99999], "texture": "#0"},
				"down": {"uv": [11, 12.66667, 10.33334, 13], "texture": "#0"}
			}
		},
		{
			"from": [6, 2.5, 7.5],
			"to": [7, 3.5, 8.5],
			"rotation": {"angle": 0, "axis": "y", "origin": [8, 4, 8]},
			"faces": {
				"north": {"uv": [10.00001, 12.33334, 10.33333, 12.66667], "texture": "#0"},
				"east": {"uv": [10.00001, 12.33334, 10.33334, 12.66667], "texture": "#0"},
				"south": {"uv": [10.33333, 12.33334, 10.00001, 12.66667], "texture": "#0"},
				"west": {"uv": [10, 12.33333, 10.33333, 12.66667], "texture": "#0"},
				"up": {"uv": [10.33333, 12.33333, 10.00001, 12.66666], "texture": "#0"},
				"down": {"uv": [10.33333, 12.33334, 10.00001, 12.66667], "texture": "#0"}
			}
		}
	],
	"gui_light": "front",
	"display": {
		"thirdperson_righthand": {
			"rotation": [0, 90, 0],
			"translation": [0, 3.65, -2.65],
			"scale": [0.8, 0.8, 0.8]
		},
		"thirdperson_lefthand": {
			"rotation": [0, -90, 0],
			"translation": [0, 3.65, -2.65],
			"scale": [0.8, 0.8, 0.8]
		},
		"firstperson_righthand": {
			"rotation": [0, 75, 0],
			"translation": [-1.5, 6.25, 0]
		},
		"firstperson_lefthand": {
			"rotation": [0, 75, 0],
			"translation": [-1.5, 6.25, 0],
			"scale": [-1, 1, -1]
		},
		"ground": {
			"translation": [0, 8, 0],
			"scale": [0.8, 0.8, 0.8]
		},
		"gui": {
			"rotation": [0, 0, -45],
			"translation": [2.5, 2.5, 0],
			"scale": [-1, 1, -1]
		},
		"head": {
			"rotation": [0, 90, 0],
			"translation": [0, 8.5, -2],
			"scale": [0.7, 0.7, 0.7]
		},
		"fixed": {
			"rotation": [0, 0, 45],
			"translation": [-2.5, 2.5, -1]
		}
	},
	"groups": [
		{
			"name": "m1897",
			"origin": [0, 0, 0],
			"color": 0,
			"children": []
		},
		0,
		1,
		2,
		3,
		4,
		5,
		6,
		7,
		8,
		9,
		10,
		11
	]
}