{
	"credit": "Daswaget",
	"texture_size": [32, 32],
	"textures": {
		"0": "dswg_weapons_plus/m4a4/m4a4"
	},
	"elements": [
		{
			"from": [1, 1.5, 7.5],
			"to": [11, 2.5, 8.5],
			"faces": {
				"north": {"uv": [8, 12.66667, 11.33333, 13], "texture": "#0"},
				"east": {"uv": [8, 12.66667, 8.33333, 13], "texture": "#0"},
				"south": {"uv": [11.33333, 12.66667, 8, 13], "texture": "#0"},
				"west": {"uv": [11, 12.66667, 11.33333, 13], "texture": "#0"},
				"up": {"uv": [11.33333, 12.66667, 8, 13], "texture": "#0"},
				"down": {"uv": [11.33333, 12.66667, 8, 13], "texture": "#0"}
			}
		},
		{
			"from": [1, 3.5, 7.5],
			"to": [11, 4.5, 8.5],
			"faces": {
				"north": {"uv": [8, 12, 11.33333, 12.33333], "texture": "#0"},
				"east": {"uv": [8, 12, 8.33333, 12.33333], "texture": "#0"},
				"south": {"uv": [11.33333, 12, 8, 12.33333], "texture": "#0"},
				"west": {"uv": [11, 12, 11.33333, 12.33333], "texture": "#0"},
				"up": {"uv": [11.33333, 12, 8, 12.33333], "texture": "#0"},
				"down": {"uv": [11.33333, 12, 8, 12.33333], "texture": "#0"}
			}
		},
		{
			"from": [-9, 4.5, 7.5],
			"to": [-2, 5.5, 8.5],
			"faces": {
				"north": {"uv": [12.33334, 11.66667, 14.66667, 12], "texture": "#0"},
				"east": {"uv": [12.33334, 11.66667, 12.66667, 12], "texture": "#0"},
				"south": {"uv": [14.66667, 11.66667, 12.33334, 12], "texture": "#0"},
				"west": {"uv": [14.33333, 11.66667, 14.66667, 12], "texture": "#0"},
				"up": {"uv": [14.66667, 11.66667, 12.33334, 12], "texture": "#0"},
				"down": {"uv": [14.66667, 4, 12.33334, 4.33333], "texture": "#0"}
			}
		},
		{
			"from": [-9, 3.5, 7.5],
			"to": [-4, 4.5, 8.5],
			"faces": {
				"north": {"uv": [13, 12, 14.66667, 12.33333], "texture": "#0"},
				"east": {"uv": [13, 12, 13.33333, 12.33333], "texture": "#0"},
				"south": {"uv": [14.66667, 12, 13, 12.33333], "texture": "#0"},
				"west": {"uv": [14.33333, 12, 14.66667, 12.33333], "texture": "#0"},
				"up": {"uv": [14.66667, 12, 13, 12.33333], "texture": "#0"},
				"down": {"uv": [14.66667, 4.33334, 13, 4.66667], "texture": "#0"}
			}
		},
		{
			"from": [-9, 2.5, 7.5],
			"to": [-5, 3.5, 8.5],
			"faces": {
				"north": {"uv": [13.33334, 12.33334, 14.66667, 12.66667], "texture": "#0"},
				"east": {"uv": [13.33334, 12.33334, 13.66667, 12.66667], "texture": "#0"},
				"south": {"uv": [14.66667, 12.33334, 13.33334, 12.66667], "texture": "#0"},
				"west": {"uv": [14.33333, 12.33333, 14.66667, 12.66667], "texture": "#0"},
				"up": {"uv": [14.66667, 12.33334, 13.33334, 12.66667], "texture": "#0"},
				"down": {"uv": [14.66667, 4.66667, 13.33334, 5], "texture": "#0"}
			}
		},
		{
			"from": [-9, 1.5, 7.5],
			"to": [-7, 2.5, 8.5],
			"faces": {
				"north": {"uv": [14, 12.66667, 14.66667, 13], "texture": "#0"},
				"east": {"uv": [14, 12.66667, 14.33333, 13], "texture": "#0"},
				"south": {"uv": [14.66667, 12.66667, 14, 13], "texture": "#0"},
				"west": {"uv": [14.33333, 12.66667, 14.66667, 13], "texture": "#0"},
				"up": {"uv": [14.66667, 12.66667, 14, 13], "texture": "#0"},
				"down": {"uv": [14.66667, 12.66667, 14, 13], "texture": "#0"}
			}
		},
		{
			"from": [12, 3.5, 7.5],
			"to": [21, 4.5, 8.5],
			"faces": {
				"north": {"uv": [4.66667, 12, 7.66667, 12.33333], "texture": "#0"},
				"east": {"uv": [4.66667, 12, 5, 12.33333], "texture": "#0"},
				"south": {"uv": [7.66667, 12, 4.66667, 12.33333], "texture": "#0"},
				"west": {"uv": [7.33333, 12, 7.66667, 12.33333], "texture": "#0"},
				"up": {"uv": [4.66667, 12, 7.66667, 12.33333], "texture": "#0"},
				"down": {"uv": [7.66667, 12, 4.66667, 12.33333], "texture": "#0"}
			}
		},
		{
			"from": [0, 4.5, 7.5],
			"to": [26, 5.5, 8.5],
			"faces": {
				"north": {"uv": [3, 11.66667, 11.66667, 12], "texture": "#0"},
				"east": {"uv": [3, 11.66667, 3.33333, 12], "texture": "#0"},
				"south": {"uv": [11.66667, 11.66667, 3, 12], "texture": "#0"},
				"west": {"uv": [11.33333, 11.66667, 11.66667, 12], "texture": "#0"},
				"up": {"uv": [11.66667, 11.66667, 3, 12], "texture": "#0"},
				"down": {"uv": [11.66667, 4, 3, 4.33333], "texture": "#0"}
			}
		},
		{
			"from": [0, 6.5, 7.5],
			"to": [20, 7.5, 8.5],
			"faces": {
				"north": {"uv": [5, 11, 11.66667, 11.33333], "texture": "#0"},
				"east": {"uv": [5, 11, 5.33333, 11.33333], "texture": "#0"},
				"south": {"uv": [11.66667, 11, 5, 11.33333], "texture": "#0"},
				"west": {"uv": [11.33333, 11, 11.66667, 11.33333], "texture": "#0"},
				"up": {"uv": [11.66667, 11, 5, 11.33333], "texture": "#0"},
				"down": {"uv": [5, 11, 11.66667, 11.33333], "texture": "#0"}
			}
		},
		{
			"from": [-1, 6.7, 7.6],
			"to": [1, 7.3, 8.4],
			"faces": {
				"north": {"uv": [10.33334, 14.66667, 11, 15], "texture": "#0"},
				"east": {"uv": [10.33334, 14.66667, 10.66667, 15], "texture": "#0"},
				"south": {"uv": [11, 14.66667, 10.33334, 15], "texture": "#0"},
				"west": {"uv": [10.66667, 14.66667, 11, 15], "texture": "#0"},
				"up": {"uv": [11, 14.66667, 10.33334, 15], "texture": "#0"},
				"down": {"uv": [10.33333, 14.66667, 11, 15], "texture": "#0"}
			}
		},
		{
			"from": [-1.55, 6.7, 7.1],
			"to": [-0.95, 7.4, 8.9],
			"faces": {
				"north": {"uv": [11.33334, 14.33334, 11.66667, 15], "texture": "#0"},
				"east": {"uv": [11.33334, 14.33334, 11.66667, 15], "texture": "#0"},
				"south": {"uv": [11.66667, 14.33334, 11.33334, 15], "texture": "#0"},
				"west": {"uv": [11.33333, 14.33333, 11.66667, 15], "texture": "#0"},
				"up": {"uv": [11.66667, 14.33334, 11.33334, 15], "texture": "#0"},
				"down": {"uv": [11.33333, 14.66667, 11.66667, 15], "texture": "#0"}
			}
		},
		{
			"from": [-9, 5.5, 7.5],
			"to": [21, 6.5, 8.5],
			"faces": {
				"north": {"uv": [4.66667, 11.33334, 14.66667, 11.66667], "texture": "#0"},
				"east": {"uv": [4.66667, 11.33334, 5, 11.66667], "texture": "#0"},
				"south": {"uv": [14.66667, 11.33334, 4.66667, 11.66667], "texture": "#0"},
				"west": {"uv": [14.33333, 11.33333, 14.66667, 11.66667], "texture": "#0"},
				"up": {"uv": [14.66667, 3.66667, 4.66667, 4], "texture": "#0"},
				"down": {"uv": [14.66667, 11.66667, 4.66667, 11.33333], "texture": "#0"}
			}
		},
		{
			"from": [5, 2.5, 7.5],
			"to": [11, 3.5, 8.5],
			"faces": {
				"north": {"uv": [8, 12.33334, 10, 12.66667], "texture": "#0"},
				"east": {"uv": [8, 12.33334, 8.33333, 12.66667], "texture": "#0"},
				"south": {"uv": [10, 12.33334, 8, 12.66667], "texture": "#0"},
				"west": {"uv": [9.66667, 12.33333, 10, 12.66667], "texture": "#0"},
				"up": {"uv": [10, 12.33334, 8, 12.66667], "texture": "#0"},
				"down": {"uv": [10, 12.33334, 8, 12.66667], "texture": "#0"}
			}
		},
		{
			"from": [2, 2.5, 7.5],
			"to": [4, 3.5, 8.5],
			"faces": {
				"north": {"uv": [10.33334, 12.33334, 11, 12.66667], "texture": "#0"},
				"east": {"uv": [10.33334, 12.33334, 10.66667, 12.66667], "texture": "#0"},
				"south": {"uv": [11, 12.33334, 10.33334, 12.66667], "texture": "#0"},
				"west": {"uv": [10.66667, 12.33333, 11, 12.66667], "texture": "#0"},
				"up": {"uv": [10.33333, 12.33333, 11, 12.66667], "texture": "#0"},
				"down": {"uv": [11, 12.33334, 10.33334, 12.66667], "texture": "#0"}
			}
		},
		{
			"from": [20.9, 5.35, 7.85],
			"to": [21.9, 9.35, 8.15],
			"faces": {
				"north": {"uv": [4, 9.66667, 4.33333, 11], "texture": "#0"},
				"east": {"uv": [4, 9.66667, 4.33333, 11], "texture": "#0"},
				"south": {"uv": [4.33333, 9.66667, 4, 11], "texture": "#0"},
				"west": {"uv": [4, 9.66667, 4.33333, 11], "texture": "#0"},
				"up": {"uv": [4.33333, 9.66667, 4, 10], "texture": "#0"},
				"down": {"uv": [0, 0, 0, 0], "texture": "#0"}
			}
		},
		{
			"from": [19.9, 7.35, 7.85],
			"to": [20.9, 8.35, 8.15],
			"faces": {
				"north": {"uv": [4.33334, 10, 4.66667, 10.33333], "texture": "#0"},
				"east": {"uv": [4.33334, 10, 4.66667, 10.33333], "texture": "#0"},
				"south": {"uv": [4.33334, 10, 4.66667, 10.33333], "texture": "#0"},
				"west": {"uv": [4.33334, 10, 4.66667, 10.33333], "texture": "#0"},
				"up": {"uv": [4.33334, 10, 4.66667, 10.33333], "texture": "#0"},
				"down": {"uv": [4.33334, 10, 4.66667, 10.33333], "texture": "#0"}
			}
		},
		{
			"from": [2, 7.3, 7.52],
			"to": [2.5, 8.3, 7.82],
			"faces": {
				"north": {"uv": [10.66667, 10.66667, 11, 11], "texture": "#0"},
				"east": {"uv": [10.66667, 10.66667, 11, 11], "texture": "#0"},
				"south": {"uv": [10.66667, 10.66667, 11, 11], "texture": "#0"},
				"west": {"uv": [10.66667, 10.66667, 11, 11], "texture": "#0"},
				"up": {"uv": [10.66667, 10.66667, 11, 11], "texture": "#0"},
				"down": {"uv": [0, 0, 0, 0], "texture": "#0"}
			}
		},
		{
			"from": [2, 7.3, 8.18],
			"to": [2.5, 8.3, 8.48],
			"faces": {
				"north": {"uv": [10.66667, 10.66667, 11, 11], "texture": "#0"},
				"east": {"uv": [10.66667, 10.66667, 11, 11], "texture": "#0"},
				"south": {"uv": [10.66667, 10.66667, 11, 11], "texture": "#0"},
				"west": {"uv": [10.66667, 10.66667, 11, 11], "texture": "#0"},
				"up": {"uv": [10.66667, 10.66667, 11, 11], "texture": "#0"},
				"down": {"uv": [0, 0, 0, 0], "texture": "#0"}
			}
		},
		{
			"from": [2.1, 7.01, 7.62],
			"to": [2.4, 8.01, 8.38],
			"faces": {
				"north": {"uv": [10.66667, 10.66667, 11, 11], "texture": "#0"},
				"east": {"uv": [10.66667, 10.66667, 11, 11], "texture": "#0"},
				"south": {"uv": [10.66667, 10.66667, 11, 11], "texture": "#0"},
				"west": {"uv": [10.66667, 10.66667, 11, 11], "texture": "#0"},
				"up": {"uv": [10.66667, 10.66667, 11, 11], "texture": "#0"},
				"down": {"uv": [0, 0, 0, 0], "texture": "#0"}
			}
		},
		{
			"from": [1, -0.5, 7.5],
			"to": [3, 1.5, 8.5],
			"faces": {
				"north": {"uv": [10.66667, 13, 11.33333, 13.66667], "texture": "#0"},
				"east": {"uv": [10.66667, 13, 11, 13.66667], "texture": "#0"},
				"south": {"uv": [11.33333, 13, 10.66667, 13.66667], "texture": "#0"},
				"west": {"uv": [11, 13, 11.33333, 13.66667], "texture": "#0"},
				"up": {"uv": [11.33333, 13, 10.66667, 13.33333], "texture": "#0"},
				"down": {"uv": [11.33333, 13.33334, 10.66667, 13.66667], "texture": "#0"}
			}
		},
		{
			"from": [7, -0.5, 7.5],
			"to": [11, 1.5, 8.5],
			"faces": {
				"north": {"uv": [8, 12.66667, 9.33333, 13.33333], "texture": "#0"},
				"east": {"uv": [8, 12.66667, 8.33333, 13.33333], "texture": "#0"},
				"south": {"uv": [9.33333, 12.66667, 8, 13.33333], "texture": "#0"},
				"west": {"uv": [9, 12.66667, 9.33333, 13.33333], "texture": "#0"},
				"up": {"uv": [9.33333, 12.66667, 8, 13], "texture": "#0"},
				"down": {"uv": [9.33333, 5.33334, 8, 5.66667], "texture": "#0"}
			}
		},
		{
			"from": [8, -3.5, 7.5],
			"to": [12, -0.5, 8.5],
			"faces": {
				"north": {"uv": [7.66667, 13.33334, 9, 14.33333], "texture": "#0"},
				"east": {"uv": [7.66667, 13.33334, 8, 14.33333], "texture": "#0"},
				"south": {"uv": [9, 13.33334, 7.66667, 14.33333], "texture": "#0"},
				"west": {"uv": [8.66667, 13.33333, 9, 14.33333], "texture": "#0"},
				"up": {"uv": [9, 5.66667, 7.66667, 6], "texture": "#0"},
				"down": {"uv": [9, 14, 7.66667, 14.33333], "texture": "#0"}
			}
		}
	],
	"gui_light": "front",
	"display": {
		"thirdperson_righthand": {
			"rotation": [0, 90, 0],
			"translation": [0, 3.65, -3.35],
			"scale": [0.8, 0.8, 0.8]
		},
		"thirdperson_lefthand": {
			"rotation": [0, -90, 0],
			"translation": [0, 3.65, -3.35],
			"scale": [0.8, 0.8, 0.8]
		},
		"firstperson_righthand": {
			"rotation": [-118.86, 81.25, 132.25],
			"translation": [-5.2, 4, -1]
		},
		"firstperson_lefthand": {
			"rotation": [-118.86, 81.25, 132.25],
			"translation": [-5.2, 4, -1],
			"scale": [-1, 1, -1]
		},
		"ground": {
			"translation": [0, 6, 0],
			"scale": [0.8, 0.8, 0.8]
		},
		"gui": {
			"rotation": [0, 0, -45],
			"translation": [2.5, 3, 0],
			"scale": [-1, 1, -1]
		},
		"head": {
			"rotation": [0, 90, 0],
			"translation": [0, 12, -2],
			"scale": [0.7, 0.7, 0.7]
		},
		"fixed": {
			"rotation": [0, 0, 45],
			"translation": [-2.5, 3, -1]
		}
	},
	"groups": [
		{
			"name": "m4a4",
			"origin": [0, 0, 0],
			"color": 0,
			"children": []
		},
		0,
		1,
		2,
		3,
		4,
		5,
		6,
		7,
		8,
		9,
		10,
		11,
		12,
		13,
		14,
		15,
		16,
		17,
		18,
		19,
		20,
		21
	]
}