{
	"credit": "Daswaget",
	"texture_size": [32, 32],
	"textures": {
		"0": "dswg_weapons_plus/baseball_bat/metal_baseball_bat",
		"particle": "dswg_weapons_plus/baseball_bat/metal_baseball_bat_particle"
	},
	"elements": [
		{
			"from": [7, 0, 7],
			"to": [9, 10, 9],
			"faces": {
				"north": {"uv": [7.5, 9, 8.5, 14], "texture": "#0"},
				"east": {"uv": [8.5, 9, 7.5, 14], "texture": "#0"},
				"south": {"uv": [7.5, 9, 8.5, 14], "texture": "#0"},
				"west": {"uv": [8.5, 9, 7.5, 14], "texture": "#0"},
				"up": {"uv": [11, 9.5, 10, 10.5], "texture": "#0"},
				"down": {"uv": [11, 11, 10, 12], "texture": "#0"}
			}
		},
		{
			"from": [6, 13, 6],
			"to": [10, 26, 10],
			"faces": {
				"north": {"uv": [7, 1, 9, 7.5], "texture": "#0"},
				"east": {"uv": [9, 1, 7, 7.5], "texture": "#0"},
				"south": {"uv": [7, 1, 9, 7.5], "texture": "#0"},
				"west": {"uv": [9, 1, 7, 7.5], "texture": "#0"},
				"up": {"uv": [11.5, 5.5, 13.5, 7.5], "texture": "#0"},
				"down": {"uv": [13.5, 8, 11.5, 10], "texture": "#0"}
			}
		},
		{
			"from": [6.5, 10, 6.5],
			"to": [9.5, 13, 9.5],
			"faces": {
				"north": {"uv": [7, 7.5, 8.5, 9], "texture": "#0"},
				"east": {"uv": [7, 7.5, 8.5, 9], "texture": "#0"},
				"south": {"uv": [8.5, 7.5, 7, 9], "texture": "#0"},
				"west": {"uv": [7, 7.5, 8.5, 9], "texture": "#0"},
				"up": {"uv": [13, 10.5, 11.5, 12], "texture": "#0"},
				"down": {"uv": [13, 10.5, 11.5, 12], "texture": "#0"}
			}
		},
		{
			"from": [6.75, -2, 6.75],
			"to": [9.25, 0, 9.25],
			"faces": {
				"north": {"uv": [7, 14, 8.5, 15], "texture": "#0"},
				"east": {"uv": [7, 14, 8.5, 15], "texture": "#0"},
				"south": {"uv": [8.5, 14, 7, 15], "texture": "#0"},
				"west": {"uv": [7, 14, 8.5, 15], "texture": "#0"},
				"up": {"uv": [13, 10.5, 11.5, 12], "texture": "#0"},
				"down": {"uv": [13, 12.5, 11.5, 14], "texture": "#0"}
			}
		},
		{
			"from": [6.5, 26, 6.5],
			"to": [9.5, 27, 9.5],
			"faces": {
				"north": {"uv": [7, 0.5, 8.5, 1], "texture": "#0"},
				"east": {"uv": [7, 0.5, 8.5, 1], "texture": "#0"},
				"south": {"uv": [8.5, 0.5, 7, 1], "texture": "#0"},
				"west": {"uv": [7, 0.5, 8.5, 1], "texture": "#0"},
				"up": {"uv": [13, 3.5, 11.5, 5], "texture": "#0"},
				"down": {"uv": [13, 3.5, 11.5, 5], "texture": "#0"}
			}
		}
	],
	"gui_light": "front",
	"display": {
		"thirdperson_righthand": {
			"rotation": [0, 90, 0],
			"translation": [0, 2, 1.25],
			"scale": [0.8, 0.8, 0.8]
		},
		"thirdperson_lefthand": {
			"rotation": [0, -90, 0],
			"translation": [0, 2, 1.25],
			"scale": [0.8, 0.8, 0.8]
		},
		"firstperson_righthand": {
			"rotation": [0, 97, 19],
			"translation": [1, -0.5, 0],
			"scale": [0.8, 0.8, 0.8]
		},
		"firstperson_lefthand": {
			"rotation": [0, 97, 19],
			"translation": [1, -0.5, 0],
			"scale": [-0.8, 0.8, -0.8]
		},
		"ground": {
			"rotation": [0, 0, 45],
			"translation": [1, 6, 0],
			"scale": [0.8, 0.8, 0.8]
		},
		"gui": {
			"rotation": [0, 0, -45],
			"translation": [-3, -3, 0],
			"scale": [-0.8, 0.8, -0.8]
		},
		"head": {
			"rotation": [0, 90, 0],
			"translation": [0, 2, 0],
			"scale": [0.8, 0.8, 0.8]
		},
		"fixed": {
			"rotation": [0, 0, 45],
			"translation": [3.5, -3.5, -0.9]
		}
	},
	"groups": [
		{
			"name": "metall_baseball_bat",
			"origin": [0, 0, 0],
			"color": 0,
			"children": []
		},
		0,
		1,
		2,
		3,
		4
	]
}