{
	"credit": "Daswaget",
	"texture_size": [32, 32],
	"textures": {
		"0": "dswg_weapons_plus/molotov/molotov",
		"particle": "dswg_weapons_plus/molotov/molotov_particle"
	},
	"elements": [
		{
			"from": [7, 12.5, 6],
			"to": [9, 17.5, 8],
			"faces": {
				"north": {"uv": [7.5, 11.5, 8.5, 14], "texture": "#0"},
				"east": {"uv": [7.5, 11.5, 8, 14], "texture": "#0"},
				"south": {"uv": [8.5, 11.5, 7.5, 14], "texture": "#0"},
				"west": {"uv": [8, 11.5, 8.5, 14], "texture": "#0"},
				"up": {"uv": [7, 12, 5, 14], "texture": "#0"},
				"down": {"uv": [6, 4, 5, 5], "texture": "#0"}
			}
		},
		{
			"from": [5, 15.5, 6],
			"to": [7, 17.5, 8],
			"faces": {
				"north": {"uv": [10, 5.5, 11, 6.5], "texture": "#0"},
				"east": {"uv": [10, 5.5, 10.5, 6.5], "texture": "#0"},
				"south": {"uv": [11, 5.5, 10, 6.5], "texture": "#0"},
				"west": {"uv": [10.5, 5.5, 11, 6.5], "texture": "#0"},
				"up": {"uv": [10, 7, 9, 8], "texture": "#0"},
				"down": {"uv": [11.5, 7, 10.5, 8], "texture": "#0"}
			}
		},
		{
			"from": [4, 13.5, 6],
			"to": [6, 15.5, 8],
			"faces": {
				"north": {"uv": [11.5, 5.5, 12.5, 6.5], "texture": "#0"},
				"east": {"uv": [11.5, 5.5, 12, 6.5], "texture": "#0"},
				"south": {"uv": [12.5, 5.5, 11.5, 6.5], "texture": "#0"},
				"west": {"uv": [12, 5.5, 12.5, 6.5], "texture": "#0"},
				"up": {"uv": [13, 7, 12, 8], "texture": "#0"},
				"down": {"uv": [14.5, 7, 13.5, 8], "texture": "#0"}
			}
		},
		{
			"from": [7, 17.5, 6],
			"to": [9, 18.5, 8],
			"faces": {
				"north": {"uv": [10, 4.5, 11, 5], "texture": "#0"},
				"east": {"uv": [10, 4.5, 10.5, 5], "texture": "#0"},
				"south": {"uv": [11, 4.5, 10, 5], "texture": "#0"},
				"west": {"uv": [10.5, 4.5, 11, 5], "texture": "#0"},
				"up": {"uv": [11, 4.5, 10, 5], "texture": "#0"},
				"down": {"uv": [11, 4.5, 10, 5], "texture": "#0"}
			}
		},
		{
			"from": [4, 12.5, 6],
			"to": [5, 13.5, 8],
			"faces": {
				"north": {"uv": [11.5, 4.5, 12, 5], "texture": "#0"},
				"east": {"uv": [11.5, 4.5, 12, 5], "texture": "#0"},
				"south": {"uv": [12, 4.5, 11.5, 5], "texture": "#0"},
				"west": {"uv": [11.5, 4.5, 12, 5], "texture": "#0"},
				"up": {"uv": [12, 4.5, 11.5, 5], "texture": "#0"},
				"down": {"uv": [12, 4.5, 11.5, 5], "texture": "#0"}
			}
		},
		{
			"from": [6.5, 11.5, 5.5],
			"to": [9.5, 12.5, 8.5],
			"faces": {
				"north": {"uv": [11, 10, 12.5, 10.5], "texture": "#0"},
				"east": {"uv": [11, 9, 12.5, 9.5], "texture": "#0"},
				"south": {"uv": [12.5, 9, 11, 9.5], "texture": "#0"},
				"west": {"uv": [11, 9, 12.5, 9.5], "texture": "#0"},
				"up": {"uv": [11, 9, 12.5, 10.5], "texture": "#0"},
				"down": {"uv": [4.5, 3.5, 3, 5], "texture": "#0"}
			}
		},
		{
			"from": [6, 10.5, 5.5],
			"to": [7, 11.5, 8.5],
			"faces": {
				"north": {"uv": [9, 10, 9.5, 10.5], "texture": "#0"},
				"east": {"uv": [10.5, 10, 9, 10.5], "texture": "#0"},
				"south": {"uv": [10, 10, 10.5, 10.5], "texture": "#0"},
				"west": {"uv": [9, 10, 10.5, 10.5], "texture": "#0"},
				"up": {"uv": [12.5, 10.5, 12, 9], "texture": "#0"},
				"down": {"uv": [12.5, 9, 12, 10.5], "texture": "#0"}
			}
		},
		{
			"from": [9, 10.5, 5.5],
			"to": [10, 11.5, 8.5],
			"faces": {
				"north": {"uv": [10, 10, 10.5, 10.5], "texture": "#0"},
				"east": {"uv": [9, 10, 10.5, 10.5], "texture": "#0"},
				"south": {"uv": [9, 10, 9.5, 10.5], "texture": "#0"},
				"west": {"uv": [10.5, 10, 9, 10.5], "texture": "#0"},
				"up": {"uv": [11.5, 10.5, 11, 9], "texture": "#0"},
				"down": {"uv": [11.5, 9, 11, 10.5], "texture": "#0"}
			}
		},
		{
			"from": [6.5, 10.5, 5],
			"to": [9.5, 11.5, 6],
			"faces": {
				"north": {"uv": [10.5, 10, 9, 10.5], "texture": "#0"},
				"east": {"uv": [10.5, 10, 10, 10.5], "texture": "#0"},
				"south": {"uv": [9, 10, 10.5, 10.5], "texture": "#0"},
				"west": {"uv": [9.5, 10, 9, 10.5], "texture": "#0"},
				"up": {"uv": [12.5, 10, 11, 10.5], "texture": "#0"},
				"down": {"uv": [12.5, 10, 11, 10.5], "texture": "#0"}
			}
		},
		{
			"from": [6.5, 10.5, 8],
			"to": [9.5, 11.5, 9],
			"faces": {
				"north": {"uv": [9, 10, 10.5, 10.5], "texture": "#0"},
				"east": {"uv": [9.5, 10, 9, 10.5], "texture": "#0"},
				"south": {"uv": [10.5, 10, 9, 10.5], "texture": "#0"},
				"west": {"uv": [10.5, 10, 10, 10.5], "texture": "#0"},
				"up": {"uv": [12.5, 9, 11, 9.5], "texture": "#0"},
				"down": {"uv": [12.5, 9, 11, 9.5], "texture": "#0"}
			}
		},
		{
			"from": [6.5, 0, 5.5],
			"to": [9.5, 0.75, 8.5],
			"faces": {
				"north": {"uv": [6.5, 4.5, 9, 5], "texture": "#0"},
				"east": {"uv": [6.5, 2.5, 7, 5], "texture": "#0"},
				"south": {"uv": [9, 2.5, 6.5, 3], "texture": "#0"},
				"west": {"uv": [8.5, 2.5, 9, 5], "texture": "#0"},
				"up": {"uv": [9, 2.5, 6.5, 5], "texture": "#0"},
				"down": {"uv": [9, 2.5, 6.5, 5], "texture": "#0"}
			}
		},
		{
			"from": [5.5, 0.5, 5.5],
			"to": [10.5, 10.5, 8.5],
			"faces": {
				"north": {"uv": [15.5, 10.5, 13, 15.5], "texture": "#0"},
				"east": {"uv": [1, 5.5, 2.5, 10.5], "texture": "#0"},
				"south": {"uv": [13, 1, 15.5, 6], "texture": "#0"},
				"west": {"uv": [3, 5.5, 4.5, 10.5], "texture": "#0"},
				"up": {"uv": [9.5, 14, 12, 15.5], "texture": "#0"},
				"down": {"uv": [12, 12, 9.5, 13.5], "texture": "#0"}
			}
		},
		{
			"from": [6.5, 0.5, 4.5],
			"to": [9.5, 10.5, 5.5],
			"faces": {
				"north": {"uv": [8.5, 5.5, 7, 10.5], "texture": "#0"},
				"east": {"uv": [8.5, 5.5, 8, 10.5], "texture": "#0"},
				"south": {"uv": [7, 5.5, 8.5, 10.5], "texture": "#0"},
				"west": {"uv": [7.5, 5.5, 7, 10.5], "texture": "#0"},
				"up": {"uv": [7, 5.5, 8.5, 6], "texture": "#0"},
				"down": {"uv": [8.5, 10, 7, 10.5], "texture": "#0"}
			}
		},
		{
			"from": [6.5, 0.5, 8.5],
			"to": [9.5, 10.5, 9.5],
			"faces": {
				"north": {"uv": [5, 5.5, 6.5, 10.5], "texture": "#0"},
				"east": {"uv": [5.5, 5.5, 5, 10.5], "texture": "#0"},
				"south": {"uv": [6.5, 5.5, 5, 10.5], "texture": "#0"},
				"west": {"uv": [6.5, 5.5, 6, 10.5], "texture": "#0"},
				"up": {"uv": [6.5, 5.5, 5, 6], "texture": "#0"},
				"down": {"uv": [6.5, 10, 5, 10.5], "texture": "#0"}
			}
		}
	],
	"gui_light": "front",
	"display": {
		"thirdperson_righthand": {
			"rotation": [0, -90, 0],
			"translation": [-0.6, 1, 0.25],
			"scale": [0.6, 0.6, 0.6]
		},
		"thirdperson_lefthand": {
			"rotation": [0, 90, 0],
			"translation": [0.6, 1, 0.25],
			"scale": [0.6, 0.6, 0.6]
		},
		"firstperson_righthand": {
			"rotation": [0, -90, 26],
			"translation": [0.5, 1, 0],
			"scale": [0.6, 0.6, 0.6]
		},
		"firstperson_lefthand": {
			"rotation": [0, -90, 26],
			"translation": [1.5, 1, 0],
			"scale": [-0.6, 0.6, -0.6]
		},
		"ground": {
			"rotation": [0, 0, 45],
			"translation": [0, 1.5, 0],
			"scale": [0.6, 0.6, 0.6]
		},
		"gui": {
			"rotation": [0, 0, -45],
			"translation": [-1, -1, 0],
			"scale": [-0.8, 0.8, -0.8]
		},
		"head": {
			"rotation": [45, 90, 0],
			"translation": [0, 8.25, 0],
			"scale": [0.6, 0.6, 0.6]
		},
		"fixed": {
			"rotation": [0, 0, 45],
			"translation": [1, -1, -0.9],
			"scale": [0.9, 0.9, 0.9]
		}
	},
	"groups": [
		{
			"name": "molotov",
			"origin": [0, 0, 0],
			"color": 0,
			"children": []
		},
		0,
		1,
		2,
		3,
		4,
		5,
		6,
		7,
		8,
		9,
		10,
		11,
		12,
		13
	]
}