{
	"credit": "Daswaget",
	"texture_size": [32, 32],
	"textures": {
		"0": "dswg_weapons_plus/mp5/mp5"
	},
	"elements": [
		{
			"from": [5, 2.5, 7.5],
			"to": [6, 3.5, 8.5],
			"faces": {
				"north": {"uv": [9.66666, 12.33334, 10, 12.66667], "texture": "#0"},
				"east": {"uv": [9.66666, 12.33334, 10, 12.66667], "texture": "#0"},
				"south": {"uv": [9.66666, 12.33334, 10, 12.66667], "texture": "#0"},
				"west": {"uv": [9.66666, 12.33334, 10, 12.66667], "texture": "#0"},
				"up": {"uv": [9.66666, 12.33334, 10, 12.66667], "texture": "#0"},
				"down": {"uv": [9.66666, 12.33334, 10, 12.66667], "texture": "#0"}
			}
		},
		{
			"from": [9, 6, 7.2],
			"to": [10, 6.75, 8.2],
			"faces": {
				"north": {"uv": [8.33333, 14.66667, 8.66667, 15], "texture": "#0"},
				"east": {"uv": [8.33333, 14.66667, 8.66667, 15], "texture": "#0"},
				"south": {"uv": [8.33333, 14.66667, 8.66667, 15], "texture": "#0"},
				"west": {"uv": [8.33333, 14.66667, 8.66667, 15], "texture": "#0"},
				"up": {"uv": [8.33333, 14.66667, 8.66667, 15], "texture": "#0"},
				"down": {"uv": [8.33333, 14.66667, 8.66667, 15], "texture": "#0"}
			}
		},
		{
			"from": [-6, 4.5, 7.5],
			"to": [-5, 5.5, 8.5],
			"faces": {
				"north": {"uv": [13.33333, 11.66667, 13.66667, 12], "texture": "#0"},
				"east": {"uv": [13.33333, 11.66667, 13.66667, 12], "texture": "#0"},
				"south": {"uv": [13.33333, 11.66667, 13.66667, 12], "texture": "#0"},
				"west": {"uv": [13.33333, 11.66667, 13.66667, 12], "texture": "#0"},
				"up": {"uv": [13.33333, 11.66667, 13.66667, 12], "texture": "#0"},
				"down": {"uv": [13.33333, 11.66667, 13.66667, 12], "texture": "#0"}
			}
		},
		{
			"from": [-6, 3.5, 7.5],
			"to": [-4, 4.5, 8.5],
			"faces": {
				"north": {"uv": [13, 12.00001, 13.66667, 12.33334], "texture": "#0"},
				"east": {"uv": [13, 12.00001, 13.33333, 12.33334], "texture": "#0"},
				"south": {"uv": [13, 12.00001, 13.66667, 12.33334], "texture": "#0"},
				"west": {"uv": [13.33333, 12.00001, 13.66667, 12.33334], "texture": "#0"},
				"up": {"uv": [13, 12.00001, 13.66667, 12.33334], "texture": "#0"},
				"down": {"uv": [13, 12.00001, 13.66667, 12.33334], "texture": "#0"}
			}
		},
		{
			"from": [-4, 4.5, 7.5],
			"to": [-3, 5.5, 8.5],
			"faces": {
				"north": {"uv": [12.66666, 11.66667, 13, 12], "texture": "#0"},
				"east": {"uv": [12.66666, 11.66667, 13, 12], "texture": "#0"},
				"south": {"uv": [12.66666, 11.66667, 13, 12], "texture": "#0"},
				"west": {"uv": [12.66666, 11.66667, 13, 12], "texture": "#0"},
				"up": {"uv": [12.66666, 11.66667, 13, 12], "texture": "#0"},
				"down": {"uv": [12.66666, 11.66667, 13, 12], "texture": "#0"}
			}
		},
		{
			"from": [2, 7.5, 7.5],
			"to": [3, 7.95, 8.5],
			"faces": {
				"north": {"uv": [12.66666, 11.66667, 13, 12], "texture": "#0"},
				"east": {"uv": [12.66666, 11.66667, 13, 12], "texture": "#0"},
				"south": {"uv": [12.66666, 11.66667, 13, 12], "texture": "#0"},
				"west": {"uv": [12.66666, 11.66667, 13, 12], "texture": "#0"},
				"up": {"uv": [12.66666, 11.66667, 13, 12], "texture": "#0"},
				"down": {"uv": [12.66666, 11.66667, 13, 12], "texture": "#0"}
			}
		},
		{
			"from": [2.45, 7.8, 8.08],
			"to": [2.95, 8.1, 8.38],
			"faces": {
				"north": {"uv": [12.66666, 11.66667, 13, 12], "texture": "#0"},
				"east": {"uv": [12.66666, 11.66667, 13, 12], "texture": "#0"},
				"south": {"uv": [12.66666, 11.66667, 13, 12], "texture": "#0"},
				"west": {"uv": [12.66666, 11.66667, 13, 12], "texture": "#0"},
				"up": {"uv": [12.66666, 11.66667, 13, 12], "texture": "#0"},
				"down": {"uv": [12.66666, 11.66667, 13, 12], "texture": "#0"}
			}
		},
		{
			"from": [2.45, 7.8, 7.62],
			"to": [2.95, 8.1, 7.92],
			"faces": {
				"north": {"uv": [12.66666, 11.66667, 13, 12], "texture": "#0"},
				"east": {"uv": [12.66666, 11.66667, 13, 12], "texture": "#0"},
				"south": {"uv": [12.66666, 11.66667, 13, 12], "texture": "#0"},
				"west": {"uv": [12.66666, 11.66667, 13, 12], "texture": "#0"},
				"up": {"uv": [12.66666, 11.66667, 13, 12], "texture": "#0"},
				"down": {"uv": [12.66666, 11.66667, 13, 12], "texture": "#0"}
			}
		},
		{
			"from": [14.5, 7.5, 7.85],
			"to": [15, 8.5, 8.15],
			"faces": {
				"north": {"uv": [6.66666, 10.66667, 7, 11], "texture": "#0"},
				"east": {"uv": [6.66666, 10.66667, 7, 11], "texture": "#0"},
				"south": {"uv": [6.66666, 10.66667, 7, 11], "texture": "#0"},
				"west": {"uv": [6.66666, 10.66667, 7, 11], "texture": "#0"},
				"up": {"uv": [6.66666, 10.66667, 7, 11], "texture": "#0"},
				"down": {"uv": [6.66666, 10.66667, 7, 11], "texture": "#0"}
			}
		},
		{
			"from": [2, 2.5, 7.5],
			"to": [4, 3.5, 8.5],
			"faces": {
				"north": {"uv": [10.33334, 12.33334, 11, 12.66667], "texture": "#0"},
				"east": {"uv": [10.33334, 12.33334, 10.66667, 12.66667], "texture": "#0"},
				"south": {"uv": [11, 12.33334, 10.33334, 12.66667], "texture": "#0"},
				"west": {"uv": [10.66667, 12.33333, 11, 12.66667], "texture": "#0"},
				"up": {"uv": [11, 12.33334, 10.33334, 12.66667], "texture": "#0"},
				"down": {"uv": [11, 12.33334, 10.33334, 12.66667], "texture": "#0"}
			}
		},
		{
			"from": [1, 3.5, 7.5],
			"to": [9, 4.5, 8.5],
			"faces": {
				"north": {"uv": [8.66667, 12.00001, 11.33333, 12.33334], "texture": "#0"},
				"east": {"uv": [8.66667, 12.00001, 9, 12.33334], "texture": "#0"},
				"south": {"uv": [11.33333, 12.00001, 8.66667, 12.33334], "texture": "#0"},
				"west": {"uv": [11, 12, 11.33333, 12.33334], "texture": "#0"},
				"up": {"uv": [11.33333, 12.00001, 8.66667, 12.33334], "texture": "#0"},
				"down": {"uv": [11.33333, 12.00001, 8.66667, 12.33334], "texture": "#0"}
			}
		},
		{
			"from": [0, 4.5, 7.5],
			"to": [15, 5.5, 8.5],
			"faces": {
				"north": {"uv": [6.66667, 11.66667, 11.66666, 12], "texture": "#0"},
				"east": {"uv": [6.66667, 11.66667, 7, 12], "texture": "#0"},
				"south": {"uv": [11.66666, 11.66667, 6.66667, 12], "texture": "#0"},
				"west": {"uv": [11.33333, 11.66666, 11.66666, 12], "texture": "#0"},
				"up": {"uv": [11.66666, 11.66667, 6.66667, 12], "texture": "#0"},
				"down": {"uv": [11.66666, 5.33334, 6.66667, 5.66667], "texture": "#0"}
			}
		},
		{
			"from": [1, 6.5, 7.5],
			"to": [15, 7.5, 8.5],
			"faces": {
				"north": {"uv": [6.66667, 11.00001, 11.33333, 11.33334], "texture": "#0"},
				"east": {"uv": [6.66667, 11.00001, 7, 11.33334], "texture": "#0"},
				"south": {"uv": [11.33333, 11.00001, 6.66667, 11.33334], "texture": "#0"},
				"west": {"uv": [11, 11, 11.33333, 11.33334], "texture": "#0"},
				"up": {"uv": [11.33333, 11.00001, 6.66667, 11.33334], "texture": "#0"},
				"down": {"uv": [11.66666, 5.33334, 6.66667, 5.66667], "texture": "#0"}
			}
		},
		{
			"from": [-6, 5.5, 7.5],
			"to": [17, 6.5, 8.5],
			"faces": {
				"north": {"uv": [6.00001, 11.33334, 13.66666, 11.66667], "texture": "#0"},
				"east": {"uv": [6.00001, 11.33334, 6.33334, 11.66667], "texture": "#0"},
				"south": {"uv": [13.66666, 11.33334, 6.00001, 11.66667], "texture": "#0"},
				"west": {"uv": [13.33333, 11.33333, 13.66666, 11.66667], "texture": "#0"},
				"up": {"uv": [13.66666, 5.00001, 6.00001, 5.33334], "texture": "#0"},
				"down": {"uv": [13.66666, 11.33334, 6.00001, 11.66667], "texture": "#0"}
			}
		},
		{
			"from": [1, -0.5, 7.5],
			"to": [3, 1.5, 8.5],
			"faces": {
				"north": {"uv": [10.66667, 13.00001, 11.33333, 13.66667], "texture": "#0"},
				"east": {"uv": [10.66667, 13.00001, 11, 13.66667], "texture": "#0"},
				"south": {"uv": [11.33333, 13.00001, 10.66667, 13.66667], "texture": "#0"},
				"west": {"uv": [11, 13, 11.33333, 13.66667], "texture": "#0"},
				"up": {"uv": [11.33333, 13.00001, 10.66667, 13.33334], "texture": "#0"},
				"down": {"uv": [11.33333, 13.33334, 10.66667, 13.66667], "texture": "#0"}
			}
		},
		{
			"from": [2, 1.5, 7.5],
			"to": [5, 2.5, 8.5],
			"faces": {
				"north": {"uv": [10.00001, 12.66667, 11, 13], "texture": "#0"},
				"east": {"uv": [10.00001, 12.66667, 10.33334, 13], "texture": "#0"},
				"south": {"uv": [11, 12.66667, 10.00001, 13], "texture": "#0"},
				"west": {"uv": [10.66667, 12.66666, 11, 13], "texture": "#0"},
				"up": {"uv": [11, 12.66667, 10.00001, 13], "texture": "#0"},
				"down": {"uv": [11, 12.66667, 10.00001, 13], "texture": "#0"}
			}
		},
		{
			"from": [7, 0.5, 7.5],
			"to": [9, 3.5, 8.5],
			"faces": {
				"north": {"uv": [8.66667, 12.33334, 9.33333, 13.33334], "texture": "#0"},
				"east": {"uv": [8.66667, 12.33334, 9, 13.33334], "texture": "#0"},
				"south": {"uv": [9.33333, 12.33334, 8.66667, 13.33334], "texture": "#0"},
				"west": {"uv": [9, 12.33333, 9.33333, 13.33334], "texture": "#0"},
				"up": {"uv": [9, 6.00001, 8.33334, 6.33334], "texture": "#0"},
				"down": {"uv": [9.33333, 13.00001, 8.66667, 13.33334], "texture": "#0"}
			}
		},
		{
			"from": [8, -2.5, 7.5],
			"to": [10, 0.5, 8.5],
			"faces": {
				"north": {"uv": [8.33334, 13.33334, 9, 14.33334], "texture": "#0"},
				"east": {"uv": [8.33334, 13.33334, 8.66667, 14.33334], "texture": "#0"},
				"south": {"uv": [9, 13.33334, 8.33334, 14.33334], "texture": "#0"},
				"west": {"uv": [8.66667, 13.33333, 9, 14.33334], "texture": "#0"},
				"up": {"uv": [9, 6.00001, 8.33334, 6.33334], "texture": "#0"},
				"down": {"uv": [9, 14.00001, 8.33334, 14.33334], "texture": "#0"}
			}
		}
	],
	"gui_light": "front",
	"display": {
		"thirdperson_righthand": {
			"rotation": [0, 90, 0],
			"translation": [0, 3.65, -3.35],
			"scale": [0.8, 0.8, 0.8]
		},
		"thirdperson_lefthand": {
			"rotation": [0, -90, 0],
			"translation": [0, 3.65, -3.35],
			"scale": [0.8, 0.8, 0.8]
		},
		"firstperson_righthand": {
			"rotation": [-118.86, 81.25, 132.25],
			"translation": [-5.2, 4, -1]
		},
		"firstperson_lefthand": {
			"rotation": [-118.86, 81.25, 132.25],
			"translation": [-5.2, 4, -1],
			"scale": [-1, 1, -1]
		},
		"ground": {
			"translation": [0, 6.5, 0],
			"scale": [0.8, 0.8, 0.8]
		},
		"gui": {
			"rotation": [0, 0, -45],
			"translation": [0.5, 4, 0],
			"scale": [-1, 1, -1]
		},
		"head": {
			"rotation": [0, 90, 0],
			"translation": [0, 12.5, -2],
			"scale": [0.7, 0.7, 0.7]
		},
		"fixed": {
			"rotation": [0, 0, 45],
			"translation": [-1, 3.5, -1]
		}
	},
	"groups": [
		{
			"name": "mp5",
			"origin": [0, 0, 0],
			"color": 0,
			"children": []
		},
		0,
		1,
		2,
		3,
		4,
		5,
		6,
		7,
		8,
		9,
		10,
		11,
		12,
		13,
		14,
		15,
		16,
		17
	]
}