{
	"credit": "Daswaget",
	"texture_size": [32, 32],
	"textures": {
		"0": "dswg_weapons_plus/sharp_stick/oak_sharp_stick",
		"particle": "dswg_weapons_plus/sharp_stick/oak_sharp_stick_particle"
	},
	"elements": [
		{
			"from": [7, 0, 7],
			"to": [9, 27, 9],
			"faces": {
				"north": {"uv": [7.5, 0.5, 8.5, 14], "texture": "#0"},
				"east": {"uv": [6.5, 0.5, 7.5, 14], "texture": "#0"},
				"south": {"uv": [5, 0.5, 6, 14], "texture": "#0"},
				"west": {"uv": [4, 0.5, 5, 14], "texture": "#0"},
				"up": {"uv": [9, 10.5, 10, 11.5], "texture": "#0"},
				"down": {"uv": [10, 13, 9, 14], "texture": "#0"}
			}
		},
		{
			"from": [7.1, -0.25, 7.1],
			"to": [8.9, 0, 8.9],
			"faces": {
				"north": {"uv": [7.5, 14.5, 8.5, 15], "texture": "#0"},
				"east": {"uv": [8.5, 14.5, 7.5, 15], "texture": "#0"},
				"south": {"uv": [7.5, 14.5, 8.5, 15], "texture": "#0"},
				"west": {"uv": [8.5, 14.5, 7.5, 15], "texture": "#0"},
				"up": {"uv": [9, 10.5, 10, 11.5], "texture": "#0"},
				"down": {"uv": [10, 13, 9, 14], "texture": "#0"}
			}
		},
		{
			"from": [7.2, 27, 7.2],
			"to": [8.8, 28.25, 8.8],
			"faces": {
				"north": {"uv": [9, 9, 10, 10], "texture": "#0"},
				"east": {"uv": [10, 9, 9, 10], "texture": "#0"},
				"south": {"uv": [9, 9, 10, 10], "texture": "#0"},
				"west": {"uv": [10, 9, 9, 10], "texture": "#0"},
				"up": {"uv": [9, 10.5, 10, 11.5], "texture": "#0"},
				"down": {"uv": [10, 13, 9, 14], "texture": "#0"}
			}
		},
		{
			"from": [7.4, 28.25, 7.4],
			"to": [8.6, 29.5, 8.6],
			"faces": {
				"north": {"uv": [9, 7.5, 10, 8.5], "texture": "#0"},
				"east": {"uv": [10, 7.5, 9, 8.5], "texture": "#0"},
				"south": {"uv": [9, 7.5, 10, 8.5], "texture": "#0"},
				"west": {"uv": [10, 7.5, 9, 8.5], "texture": "#0"},
				"up": {"uv": [9, 10.5, 10, 11.5], "texture": "#0"},
				"down": {"uv": [10, 13, 9, 14], "texture": "#0"}
			}
		},
		{
			"from": [7.6, 29.5, 7.6],
			"to": [8.4, 30.75, 8.4],
			"faces": {
				"north": {"uv": [9, 6, 10, 7], "texture": "#0"},
				"east": {"uv": [10, 6, 9, 7], "texture": "#0"},
				"south": {"uv": [9, 6, 10, 7], "texture": "#0"},
				"west": {"uv": [10, 6, 9, 7], "texture": "#0"},
				"up": {"uv": [9, 10.5, 10, 11.5], "texture": "#0"},
				"down": {"uv": [10, 13, 9, 14], "texture": "#0"}
			}
		}
	],
	"gui_light": "front",
	"display": {
		"thirdperson_righthand": {
			"rotation": [0, 90, -28],
			"translation": [0, -1.75, 1],
			"scale": [0.8, 0.8, 0.8]
		},
		"thirdperson_lefthand": {
			"rotation": [0, 90, -28],
			"translation": [0, -1.75, 1],
			"scale": [0.8, 0.8, 0.8]
		},
		"firstperson_righthand": {
			"rotation": [0, 97, -67],
			"translation": [0.75, 0.75, 0],
			"scale": [0.8, 0.8, 0.8]
		},
		"firstperson_lefthand": {
			"rotation": [0, 97, -67],
			"translation": [0.75, 0.75, 0],
			"scale": [0.8, 0.8, 0.8]
		},
		"ground": {
			"rotation": [0, 0, 45],
			"translation": [1.75, 2.5, 0],
			"scale": [0.8, 0.8, 0.8]
		},
		"gui": {
			"rotation": [0, 0, -45],
			"translation": [-3, -3, 0],
			"scale": [-0.8, 0.8, -0.8]
		},
		"head": {
			"rotation": [0, 90, -45],
			"translation": [0, 8.5, -8.5],
			"scale": [0.8, 0.8, 0.8]
		},
		"fixed": {
			"rotation": [0, 0, 45],
			"translation": [3.5, -3.5, -0.9]
		}
	},
	"groups": [
		{
			"name": "oak_sharp_stick",
			"origin": [0, 0, 0],
			"color": 0,
			"children": []
		},
		0,
		1,
		2,
		3,
		4
	]
}