{
	"credit": "Daswaget",
	"texture_size": [32, 32],
	"textures": {
		"0": "dswg_weapons_plus/pg7vl/pg7vl",
		"particle": "dswg_weapons_plus/pg7vl/pg7vl_particle"
	},
	"elements": [
		{
			"from": [6.5, 22, 6.5],
			"to": [9.5, 28, 9.5],
			"rotation": {"angle": 0, "axis": "y", "origin": [8, 4, 8]},
			"faces": {
				"north": {"uv": [7.66668, 6.33334, 8.66667, 8.33333], "texture": "#0"},
				"east": {"uv": [8.66667, 6.33334, 7.66667, 8.33334], "texture": "#0"},
				"south": {"uv": [7.66668, 6.33334, 8.66667, 8.33333], "texture": "#0"},
				"west": {"uv": [8.66666, 6.33333, 7.66666, 8.33334], "texture": "#0"},
				"up": {"uv": [4.00002, 14.66666, 5, 15.66666], "texture": "#0"},
				"down": {"uv": [5, 14.66668, 4.00002, 15.66667], "texture": "#0"}
			}
		},
		{
			"from": [7.5, 30, 7.5],
			"to": [8.5, 31, 8.5],
			"rotation": {"angle": 0, "axis": "y", "origin": [8, 4, 8]},
			"faces": {
				"north": {"uv": [8.00002, 5.33335, 8.33334, 5.66668], "texture": "#0"},
				"east": {"uv": [8.00001, 5.33334, 8.33334, 5.66667], "texture": "#0"},
				"south": {"uv": [8.33334, 5.33334, 8.00002, 5.66667], "texture": "#0"},
				"west": {"uv": [7.99999, 5.33333, 8.33333, 5.66667], "texture": "#0"},
				"up": {"uv": [8.33333, 5.33334, 8.00002, 5.66667], "texture": "#0"},
				"down": {"uv": [8.33333, 5.33335, 8.00002, 5.66668], "texture": "#0"}
			}
		},
		{
			"from": [6.15, 24, 6.15],
			"to": [9.85, 26, 9.85],
			"rotation": {"angle": 0, "axis": "y", "origin": [8, 4, 8]},
			"faces": {
				"north": {"uv": [7.33334, 7.00001, 8.66667, 7.66667], "texture": "#0"},
				"east": {"uv": [8.66667, 7.00001, 7.33334, 7.66667], "texture": "#0"},
				"south": {"uv": [7.33334, 7.00001, 8.66667, 7.66667], "texture": "#0"},
				"west": {"uv": [8.66666, 7, 7.33332, 7.66667], "texture": "#0"},
				"up": {"uv": [3.66666, 12.66666, 2.33334, 13.99999], "texture": "#0"},
				"down": {"uv": [3.66666, 14.33335, 2.33334, 15.66668], "texture": "#0"}
			}
		},
		{
			"from": [7, 0, 7],
			"to": [9, 30, 9],
			"rotation": {"angle": 0, "axis": "y", "origin": [8, 4, 8]},
			"faces": {
				"north": {"uv": [7.66668, 5.66668, 8.33333, 15.66667], "texture": "#0"},
				"east": {"uv": [8.33333, 5.66667, 7.66667, 15.66667], "texture": "#0"},
				"south": {"uv": [7.66668, 5.66667, 8.33333, 15.66667], "texture": "#0"},
				"west": {"uv": [8.33333, 5.66666, 7.66665, 15.66667], "texture": "#0"},
				"up": {"uv": [5.33335, 14, 5.99999, 14.66666], "texture": "#0"},
				"down": {"uv": [5.99999, 15.00001, 5.33335, 15.66667], "texture": "#0"}
			}
		}
	],
	"gui_light": "front",
	"display": {
		"thirdperson_righthand": {
			"rotation": [0, 90, 0],
			"translation": [0, -3.5, 1.25],
			"scale": [0.8, 0.8, 0.8]
		},
		"thirdperson_lefthand": {
			"rotation": [0, -90, 0],
			"translation": [0, -3.5, 1.25],
			"scale": [0.8, 0.8, 0.8]
		},
		"firstperson_righthand": {
			"rotation": [0, 97, 11.5],
			"translation": [1, -5, -1],
			"scale": [0.8, 0.8, 0.8]
		},
		"firstperson_lefthand": {
			"rotation": [0, 97, 11.5],
			"translation": [1, -5, -1],
			"scale": [-0.8, 0.8, -0.8]
		},
		"ground": {
			"translation": [0, 2, 0],
			"scale": [0.6, 0.6, 0.6]
		},
		"gui": {
			"rotation": [0, 0, -45],
			"translation": [-4, -4, 0],
			"scale": [-0.8, 0.8, -0.8]
		},
		"head": {
			"rotation": [0, 90, -45],
			"translation": [0, 6, -6],
			"scale": [0.8, 0.8, 0.8]
		},
		"fixed": {
			"rotation": [0, 0, 45],
			"translation": [4, -4, -0.9],
			"scale": [0.8, 0.8, 0.8]
		}
	},
	"groups": [
		{
			"name": "pg7vl",
			"origin": [0, 0, 0],
			"color": 0,
			"children": []
		},
		0,
		1,
		2,
		3
	]
}