﻿{
	"credit": "Daswaget",
	"texture_size": [32, 32],
	"textures": {
		"0": "dswg_weapons_plus/pitchfork/pitchfork",
		"particle": "dswg_weapons_plus/pitchfork/pitchfork_particle"
	},
	"elements": [
		{
			"from": [7, 0, 7.5],
			"to": [9, 24, 8.5],
			"faces": {
				"north": {"uv": [7.5, 3, 8.5, 15], "texture": "#0"},
				"east": {"uv": [7.5, 3, 8, 15], "texture": "#0"},
				"south": {"uv": [8.5, 3, 7.5, 15], "texture": "#0"},
				"west": {"uv": [8, 3, 8.5, 15], "texture": "#0"},
				"up": {"uv": [8.5, 3, 7.5, 3.5], "texture": "#0"},
				"down": {"uv": [8.5, 14.5, 7.5, 15], "texture": "#0"}
			}
		},
		{
			"from": [6, 24, 7.5],
			"to": [10, 25, 8.5],
			"faces": {
				"north": {"uv": [7, 2.5, 9, 3], "texture": "#0"},
				"east": {"uv": [7, 2.5, 7.5, 3], "texture": "#0"},
				"south": {"uv": [9, 2.5, 7, 3], "texture": "#0"},
				"west": {"uv": [8.5, 2.5, 9, 3], "texture": "#0"},
				"up": {"uv": [9, 2.5, 7, 3], "texture": "#0"},
				"down": {"uv": [12.5, 2.5, 10.5, 3], "texture": "#0"}
			}
		},
		{
			"from": [9.75, 25, 7.5],
			"to": [10.75, 30, 8.5],
			"faces": {
				"north": {"uv": [6.5, 0, 7, 2.5], "texture": "#0"},
				"east": {"uv": [6.5, 0, 7, 2.5], "texture": "#0"},
				"south": {"uv": [7, 0, 6.5, 2.5], "texture": "#0"},
				"west": {"uv": [6.5, 0, 7, 2.5], "texture": "#0"},
				"up": {"uv": [7, 0, 6.5, 0.5], "texture": "#0"},
				"down": {"uv": [7, 2, 6.5, 2.5], "texture": "#0"}
			}
		},
		{
			"from": [7.5, 25, 7.5],
			"to": [8.5, 30, 8.5],
			"faces": {
				"north": {"uv": [7.5, 0, 8, 2.5], "texture": "#0"},
				"east": {"uv": [7.5, 0, 8, 2.5], "texture": "#0"},
				"south": {"uv": [8, 0, 7.5, 2.5], "texture": "#0"},
				"west": {"uv": [7.5, 0, 8, 2.5], "texture": "#0"},
				"up": {"uv": [8, 0, 7.5, 0.5], "texture": "#0"},
				"down": {"uv": [8, 2, 7.5, 2.5], "texture": "#0"}
			}
		},
		{
			"from": [5.25, 25, 7.5],
			"to": [6.25, 30, 8.5],
			"faces": {
				"north": {"uv": [9, 0, 9.5, 2.5], "texture": "#0"},
				"east": {"uv": [9, 0, 9.5, 2.5], "texture": "#0"},
				"south": {"uv": [9.5, 0, 9, 2.5], "texture": "#0"},
				"west": {"uv": [9, 0, 9.5, 2.5], "texture": "#0"},
				"up": {"uv": [9.5, 0, 9, 0.5], "texture": "#0"},
				"down": {"uv": [9.5, 2, 9, 2.5], "texture": "#0"}
			}
		}
	],
	"gui_light": "front",
	"display": {
		"thirdperson_righthand": {
			"translation": [0, 0.5, 1.25],
			"scale": [0.8, 0.8, 0.8]
		},
		"thirdperson_lefthand": {
			"translation": [0, 0.5, 1.25],
			"scale": [0.8, 0.8, 0.8]
		},
		"firstperson_righthand": {
			"rotation": [-70, 0, 0],
			"translation": [1, 0.75, 5.75],
			"scale": [0.8, 0.8, 0.8]
		},
		"firstperson_lefthand": {
			"rotation": [-70, 0, 0],
			"translation": [1, 0.75, 5.75],
			"scale": [0.8, 0.8, 0.8]
		},
		"ground": {
			"rotation": [0, 0, 45],
			"translation": [2.5, 4, 0],
			"scale": [0.8, 0.8, 0.8]
		},
		"gui": {
			"rotation": [0, 0, -45],
			"translation": [-3, -3, 0],
			"scale": [-0.8, 0.8, -0.8]
		},
		"head": {
			"rotation": [0, 90, 0],
			"translation": [0, 4.5, 0],
			"scale": [0.8, 0.8, 0.8]
		},
		"fixed": {
			"rotation": [0, 0, 45],
			"translation": [3.5, -3.5, -0.9]
		}
	},
	"groups": [
		{
			"name": "pitchfork",
			"origin": [0, 0, 0],
			"color": 0,
			"children": []
		},
		0,
		1,
		2,
		3,
		4
	]
}