﻿{
	"credit": "Daswaget",
	"texture_size": [32, 32],
	"textures": {
		"0": "dswg_weapons_plus/police_baton/police_baton",
		"particle": "dswg_weapons_plus/police_baton/police_baton_particle"
	},
	"elements": [
		{
			"from": [7, 0, 7.5],
			"to": [9, 24, 8.5],
			"faces": {
				"north": {"uv": [7.5, 2, 8.5, 14], "texture": "#0"},
				"east": {"uv": [7.5, 2, 8, 14], "texture": "#0"},
				"south": {"uv": [8.5, 2, 7.5, 14], "texture": "#0"},
				"west": {"uv": [8, 2, 8.5, 14], "texture": "#0"},
				"up": {"uv": [8.5, 2, 7.5, 2.5], "texture": "#0"},
				"down": {"uv": [8.5, 13.5, 7.5, 14], "texture": "#0"}
			}
		},
		{
			"from": [9, 7, 7.5],
			"to": [14, 9, 8.5],
			"faces": {
				"north": {"uv": [5, 9.5, 7.5, 10.5], "texture": "#0"},
				"east": {"uv": [5, 9.5, 5.5, 10.5], "texture": "#0"},
				"south": {"uv": [7.5, 9.5, 5, 10.5], "texture": "#0"},
				"west": {"uv": [7, 9.5, 7.5, 10.5], "texture": "#0"},
				"up": {"uv": [7.5, 9.5, 5, 10], "texture": "#0"},
				"down": {"uv": [7.5, 10, 5, 10.5], "texture": "#0"}
			}
		}
	],
	"gui_light": "front",
	"display": {
		"thirdperson_righthand": {
			"rotation": [0, -90, 0],
			"translation": [0, 1.5, 1.25],
			"scale": [0.8, 0.8, 0.8]
		},
		"thirdperson_lefthand": {
			"rotation": [0, 90, 0],
			"translation": [0, 1.5, 1.25],
			"scale": [0.8, 0.8, 0.8]
		},
		"firstperson_righthand": {
			"rotation": [0, 97, 19],
			"translation": [1, -0.5, 0],
			"scale": [-0.8, 0.8, 0.8]
		},
		"firstperson_lefthand": {
			"rotation": [0, 97, 19],
			"translation": [1, -0.5, 0],
			"scale": [0.8, 0.8, -0.8]
		},
		"ground": {
			"rotation": [0, 0, 45],
			"translation": [1, 3.5, 0],
			"scale": [0.8, 0.8, 0.8]
		},
		"gui": {
			"rotation": [0, 0, -45],
			"translation": [-3, -3, 0],
			"scale": [-0.8, 0.8, -0.8]
		},
		"head": {
			"rotation": [0, 90, 0],
			"translation": [0, 7.25, 0],
			"scale": [0.8, 0.8, 0.8]
		},
		"fixed": {
			"rotation": [0, 0, 45],
			"translation": [3.5, -3.5, -0.9]
		}
	},
	"groups": [
		{
			"name": "cane",
			"origin": [0, 0, 0],
			"color": 0,
			"children": []
		},
		0,
		1
	]
}