{
	"credit": "Daswaget",
	"texture_size": [32, 32],
	"textures": {
		"0": "dswg_weapons_plus/rgd5_grenade/rgd5_grenade",
		"particle": "dswg_weapons_plus/rgd5_grenade/rgd5_grenade_particle"
	},
	"elements": [
		{
			"from": [5, 1, 6],
			"to": [11, 7, 10],
			"faces": {
				"north": {"uv": [6.33333, 11, 8.33333, 13], "texture": "#0"},
				"east": {"uv": [8, 11, 6.66667, 13], "texture": "#0"},
				"south": {"uv": [6.33333, 11, 8.33333, 13], "texture": "#0"},
				"west": {"uv": [8, 11, 6.66667, 13], "texture": "#0"},
				"up": {"uv": [4, 8, 6, 9.33333], "texture": "#0"},
				"down": {"uv": [8.33333, 8, 6.33333, 9.33333], "texture": "#0"}
			}
		},
		{
			"from": [6, 0, 6],
			"to": [10, 1, 10],
			"faces": {
				"north": {"uv": [6.66667, 13, 8, 13.33333], "texture": "#0"},
				"east": {"uv": [8, 13, 6.66667, 13.33333], "texture": "#0"},
				"south": {"uv": [6.66667, 13, 8, 13.33333], "texture": "#0"},
				"west": {"uv": [8, 13, 6.66667, 13.33333], "texture": "#0"},
				"up": {"uv": [10.33333, 8.33333, 11.66667, 9.66667], "texture": "#0"},
				"down": {"uv": [11.66667, 8.33333, 10.33333, 9.66667], "texture": "#0"}
			}
		},
		{
			"from": [6, 7, 6],
			"to": [10, 8, 10],
			"faces": {
				"north": {"uv": [6.66667, 10.66666, 8, 11], "texture": "#0"},
				"east": {"uv": [8, 10.66666, 6.66667, 11], "texture": "#0"},
				"south": {"uv": [6.66667, 10.66666, 8, 11], "texture": "#0"},
				"west": {"uv": [8, 10.66666, 6.66667, 11], "texture": "#0"},
				"up": {"uv": [8.66667, 8.33333, 10, 9.66667], "texture": "#0"},
				"down": {"uv": [10, 8.33333, 8.66667, 9.66667], "texture": "#0"}
			}
		},
		{
			"from": [7, 8, 7],
			"to": [9, 12, 9],
			"faces": {
				"north": {"uv": [8.66667, 11.33333, 9.33333, 12.66667], "texture": "#0"},
				"east": {"uv": [9.33333, 11.33333, 8.66667, 12.66667], "texture": "#0"},
				"south": {"uv": [8.66667, 11.33333, 9.33333, 12.66667], "texture": "#0"},
				"west": {"uv": [9.33333, 11.33333, 8.66667, 12.66667], "texture": "#0"},
				"up": {"uv": [10.33333, 12.33333, 9.66667, 11.66667], "texture": "#0"},
				"down": {"uv": [9.33333, 12.33333, 8.66667, 12.66667], "texture": "#0"}
			}
		},
		{
			"from": [7, 10, 6],
			"to": [8, 11, 7],
			"faces": {
				"north": {"uv": [5.33333, 11.66667, 5.66667, 12], "texture": "#0"},
				"east": {"uv": [5.33333, 11.66667, 5.66667, 12], "texture": "#0"},
				"south": {"uv": [5.66667, 11.66667, 5.33333, 12], "texture": "#0"},
				"west": {"uv": [5.33333, 11.66667, 5.66667, 12], "texture": "#0"},
				"up": {"uv": [5.66667, 11.66667, 5.33333, 12], "texture": "#0"},
				"down": {"uv": [5.66667, 11.66667, 5.33333, 12], "texture": "#0"}
			}
		},
		{
			"from": [7, 8, 6],
			"to": [8, 9, 7],
			"faces": {
				"north": {"uv": [5.33333, 12.33333, 5.66667, 12.66667], "texture": "#0"},
				"east": {"uv": [5.33333, 12.33333, 5.66667, 12.66667], "texture": "#0"},
				"south": {"uv": [5.66667, 12.33333, 5.33333, 12.66667], "texture": "#0"},
				"west": {"uv": [5.33333, 12.33333, 5.66667, 12.66667], "texture": "#0"},
				"up": {"uv": [5.66667, 12.33333, 5.33333, 12.66667], "texture": "#0"},
				"down": {"uv": [5.66667, 12.33333, 5.33333, 12.66667], "texture": "#0"}
			}
		},
		{
			"from": [6, 9, 6],
			"to": [7, 10, 7],
			"faces": {
				"north": {"uv": [5.66667, 12, 6, 12.33333], "texture": "#0"},
				"east": {"uv": [5.66667, 12, 6, 12.33333], "texture": "#0"},
				"south": {"uv": [6, 12, 5.66667, 12.33333], "texture": "#0"},
				"west": {"uv": [5.66667, 12, 6, 12.33333], "texture": "#0"},
				"up": {"uv": [6, 12, 5.66667, 12.33333], "texture": "#0"},
				"down": {"uv": [6, 12, 5.66667, 12.33333], "texture": "#0"}
			}
		},
		{
			"from": [8, 9, 6],
			"to": [9, 10, 7],
			"faces": {
				"north": {"uv": [5, 12, 5.33333, 12.33333], "texture": "#0"},
				"east": {"uv": [5, 12, 5.33333, 12.33333], "texture": "#0"},
				"south": {"uv": [5.33333, 12, 5, 12.33333], "texture": "#0"},
				"west": {"uv": [5, 12, 5.33333, 12.33333], "texture": "#0"},
				"up": {"uv": [5.33333, 12, 5, 12.33333], "texture": "#0"},
				"down": {"uv": [5.33333, 12, 5, 12.33333], "texture": "#0"}
			}
		},
		{
			"from": [9, 9, 7.5],
			"to": [10, 10, 8.5],
			"faces": {
				"north": {"uv": [4.66667, 10.33333, 5, 10.66667], "texture": "#0"},
				"east": {"uv": [4.66667, 10.33333, 5, 10.66667], "texture": "#0"},
				"south": {"uv": [5, 10.33333, 4.66667, 10.66667], "texture": "#0"},
				"west": {"uv": [4.66667, 10.33333, 5, 10.66667], "texture": "#0"},
				"up": {"uv": [5, 10.33333, 4.66667, 10.66667], "texture": "#0"},
				"down": {"uv": [5, 10.33333, 4.66667, 10.66667], "texture": "#0"}
			}
		},
		{
			"from": [10, 8, 7.5],
			"to": [11, 9, 8.5],
			"faces": {
				"north": {"uv": [4.33333, 10.66667, 4.66667, 11], "texture": "#0"},
				"east": {"uv": [4.33333, 10.66667, 4.66667, 11], "texture": "#0"},
				"south": {"uv": [4.66667, 10.66667, 4.33333, 11], "texture": "#0"},
				"west": {"uv": [4.33333, 10.66667, 4.66667, 11], "texture": "#0"},
				"up": {"uv": [4.66667, 10.66667, 4.33333, 11], "texture": "#0"},
				"down": {"uv": [4.66667, 10.66667, 4.33333, 11], "texture": "#0"}
			}
		},
		{
			"from": [11, 4, 7.5],
			"to": [12, 8, 8.5],
			"faces": {
				"north": {"uv": [4, 11, 4.33333, 12.33334], "texture": "#0"},
				"east": {"uv": [4, 11, 4.33333, 12.33334], "texture": "#0"},
				"south": {"uv": [4.33333, 11, 4, 12.33334], "texture": "#0"},
				"west": {"uv": [4, 11, 4.33333, 12.33334], "texture": "#0"},
				"up": {"uv": [4.33333, 11, 4, 11.33333], "texture": "#0"},
				"down": {"uv": [4.33333, 12, 4, 12.33334], "texture": "#0"}
			}
		},
		{
			"from": [6, 1, 5],
			"to": [10, 7, 6],
			"faces": {
				"north": {"uv": [6.66667, 11, 8, 13], "texture": "#0"},
				"east": {"uv": [6.66667, 11, 7, 13], "texture": "#0"},
				"south": {"uv": [8, 11, 6.66667, 13], "texture": "#0"},
				"west": {"uv": [7.66667, 11, 8, 13], "texture": "#0"},
				"up": {"uv": [8, 11, 6.66667, 11.33333], "texture": "#0"},
				"down": {"uv": [8, 12.66667, 6.66667, 13], "texture": "#0"}
			}
		},
		{
			"from": [6, 1, 10],
			"to": [10, 7, 11],
			"faces": {
				"north": {"uv": [6.66667, 10.66667, 8, 13], "texture": "#0"},
				"east": {"uv": [7.66667, 10.66667, 8, 13], "texture": "#0"},
				"south": {"uv": [6.66667, 10.66667, 8, 13], "texture": "#0"},
				"west": {"uv": [6.66667, 10.66667, 7, 13], "texture": "#0"},
				"up": {"uv": [6.66667, 10.66667, 8, 11], "texture": "#0"},
				"down": {"uv": [6.66667, 12.66667, 8, 13], "texture": "#0"}
			}
		}
	],
	"gui_light": "front",
	"display": {
		"thirdperson_righthand": {
			"rotation": [0, 90, 0],
			"translation": [0, 0.75, 0],
			"scale": [0.5, 0.5, 0.5]
		},
		"thirdperson_lefthand": {
			"rotation": [0, -90, 0],
			"translation": [0, 0.75, 0],
			"scale": [-0.5, 0.5, -0.5]
		},
		"firstperson_righthand": {
			"rotation": [0, 97, 19],
			"translation": [1, 2, 0],
			"scale": [0.6, 0.6, 0.6]
		},
		"firstperson_lefthand": {
			"rotation": [0, 97, 19],
			"translation": [1, 2, 0],
			"scale": [0.6, 0.6, 0.6]
		},
		"ground": {
			"rotation": [0, 0, 45],
			"translation": [-0.75, 2.5, 0],
			"scale": [0.5, 0.5, 0.5]
		},
		"gui": {
			"rotation": [0, 0, -45],
			"translation": [1, 1, 0],
			"scale": [-0.9, 0.9, -0.9]
		},
		"head": {
			"rotation": [0, 90, 0],
			"translation": [0, 9.75, 0],
			"scale": [0.5, 0.5, 0.5]
		},
		"fixed": {
			"rotation": [0, 0, 45],
			"translation": [-1, 1, -0.9],
			"scale": [0.9, 0.9, 0.9]
		}
	},
	"groups": [
		{
			"name": "rgd5_grenade",
			"origin": [0, 0, 0],
			"color": 0,
			"children": []
		},
		0,
		1,
		2,
		3,
		4,
		5,
		6,
		7,
		8,
		9,
		10,
		11,
		12
	]
}