{
	"credit": "Daswaget",
	"texture_size": [32, 32],
	"textures": {
		"0": "dswg_weapons_plus/rpg7/rpg7"
	},
	"elements": [
		{
			"from": [4, 4, 6.5],
			"to": [22, 7, 9.5],
			"rotation": {"angle": 0, "axis": "y", "origin": [8, 4, 8]},
			"faces": {
				"north": {"uv": [3.00001, 11.00001, 9, 12.00001], "texture": "#0"},
				"east": {"uv": [6.00001, 2.33334, 8.00001, 4.33334], "texture": "#0"},
				"south": {"uv": [9, 5.00001, 3.00001, 6], "texture": "#0"},
				"west": {"uv": [5.99999, 2.33333, 8, 4.33334], "texture": "#0"},
				"up": {"uv": [8.99999, 9, 3.00001, 10], "texture": "#0"},
				"down": {"uv": [8.99999, 7.00001, 3.00001, 8.00001], "texture": "#0"}
			}
		},
		{
			"from": [1, 4.5, 7],
			"to": [31, 6.5, 9],
			"rotation": {"angle": 0, "axis": "y", "origin": [8, 4, 8]},
			"faces": {
				"north": {"uv": [5.66668, 15.33334, 15.66667, 14.66668], "texture": "#0"},
				"east": {"uv": [14.66667, 13.66667, 14, 14.33334], "texture": "#0"},
				"south": {"uv": [15.66667, 14.66667, 5.66668, 15.33334], "texture": "#0"},
				"west": {"uv": [14.99999, 13.66666, 15.66666, 14.33334], "texture": "#0"},
				"up": {"uv": [15.66666, 15.33333, 5.66668, 14.66667], "texture": "#0"},
				"down": {"uv": [15.66666, 15.33334, 5.66668, 14.66668], "texture": "#0"}
			}
		},
		{
			"from": [25, 3.65, 6.15],
			"to": [27, 7.35, 9.85],
			"rotation": {"angle": 0, "axis": "y", "origin": [8, 4, 8]},
			"faces": {
				"north": {"uv": [7.00001, 15.66667, 7.66667, 14.33334], "texture": "#0"},
				"east": {"uv": [12.00001, 13.00001, 10.66668, 14.33334], "texture": "#0"},
				"south": {"uv": [7.66667, 14.33334, 7.00001, 15.66667], "texture": "#0"},
				"west": {"uv": [12.33332, 13, 13.66666, 14.33334], "texture": "#0"},
				"up": {"uv": [7.66666, 15.66666, 7.00001, 14.33333], "texture": "#0"},
				"down": {"uv": [7.66666, 15.66668, 7.00001, 14.33335], "texture": "#0"}
			}
		},
		{
			"from": [31, 5, 7.5],
			"to": [32, 6, 8.5],
			"rotation": {"angle": 0, "axis": "y", "origin": [8, 4, 8]},
			"faces": {
				"north": {"uv": [5.33335, 14.66668, 5.66667, 15.00001], "texture": "#0"},
				"east": {"uv": [5.33334, 14.66667, 5.66667, 15], "texture": "#0"},
				"south": {"uv": [5.66667, 14.66667, 5.33335, 15], "texture": "#0"},
				"west": {"uv": [5.33332, 14.66666, 5.66666, 15], "texture": "#0"},
				"up": {"uv": [5.66666, 14.66667, 5.33335, 15], "texture": "#0"},
				"down": {"uv": [5.66666, 14.66668, 5.33335, 15.00001], "texture": "#0"}
			}
		},
		{
			"from": [23, 4, 6.5],
			"to": [29, 7, 9.5],
			"rotation": {"angle": 0, "axis": "y", "origin": [8, 4, 8]},
			"faces": {
				"north": {"uv": [6.33335, 15.33334, 8.33333, 14.33334], "texture": "#0"},
				"east": {"uv": [15.66667, 12.33334, 14.66667, 13.33334], "texture": "#0"},
				"south": {"uv": [8.33333, 14.33334, 6.33335, 15.33334], "texture": "#0"},
				"west": {"uv": [14.66666, 12.33333, 15.66666, 13.33334], "texture": "#0"},
				"up": {"uv": [8.33332, 15.33333, 6.33335, 14.33333], "texture": "#0"},
				"down": {"uv": [8.33332, 15.33334, 6.33335, 14.33335], "texture": "#0"}
			}
		},
		{
			"from": [-13, 4, 6.5],
			"to": [-4, 7, 9.5],
			"rotation": {"angle": 0, "axis": "y", "origin": [8, 4, 8]},
			"faces": {
				"north": {"uv": [11.66668, 11.00001, 14.66667, 12.00001], "texture": "#0"},
				"east": {"uv": [4.66667, 3.33334, 5.66667, 4.33334], "texture": "#0"},
				"south": {"uv": [14.66667, 5.00001, 11.66668, 6], "texture": "#0"},
				"west": {"uv": [5.99999, 2.33333, 8, 4.33334], "texture": "#0"},
				"up": {"uv": [14.66666, 9, 11.66668, 10], "texture": "#0"},
				"down": {"uv": [14.66666, 7.00001, 11.66668, 8.00001], "texture": "#0"}
			}
		},
		{
			"from": [-4, 3.5, 6],
			"to": [4, 7.5, 10],
			"rotation": {"angle": 0, "axis": "y", "origin": [8, 4, 8]},
			"faces": {
				"north": {"uv": [9.00001, 10.66668, 11.66667, 12.00001], "texture": "#0"},
				"east": {"uv": [3.00001, 3.00001, 4.33334, 4.33334], "texture": "#0"},
				"south": {"uv": [11.66667, 4.66667, 9.00001, 6], "texture": "#0"},
				"west": {"uv": [2.99999, 3, 4.33333, 4.33334], "texture": "#0"},
				"up": {"uv": [11.66666, 8.66667, 9.00001, 10], "texture": "#0"},
				"down": {"uv": [11.66666, 6.66668, 9.00001, 8.00001], "texture": "#0"}
			}
		},
		{
			"from": [-16, 3.5, 6],
			"to": [-13, 7.5, 10],
			"rotation": {"angle": 0, "axis": "y", "origin": [8, 4, 8]},
			"faces": {
				"north": {"uv": [14.66668, 10.66668, 15.66667, 12.00001], "texture": "#0"},
				"east": {"uv": [8.33334, 1.66668, 11, 4.33334], "texture": "#0"},
				"south": {"uv": [15.66667, 4.66667, 14.66668, 6], "texture": "#0"},
				"west": {"uv": [8.33333, 1.66667, 11, 4.33334], "texture": "#0"},
				"up": {"uv": [15.66666, 8.66667, 14.66668, 10], "texture": "#0"},
				"down": {"uv": [15.66666, 6.66668, 14.66668, 8.00001], "texture": "#0"}
			}
		},
		{
			"from": [13, -1, 7.5],
			"to": [15, 4, 8.5],
			"rotation": {"angle": 0, "axis": "y", "origin": [8, 4, 8]},
			"faces": {
				"north": {"uv": [5.33333, 12.00001, 5.99999, 13.66667], "texture": "#0"},
				"east": {"uv": [3.33333, 13.33334, 3.66666, 15], "texture": "#0"},
				"south": {"uv": [5.99999, 12.00001, 5.33333, 13.66667], "texture": "#0"},
				"west": {"uv": [5.66666, 12, 5.99999, 13.66667], "texture": "#0"},
				"up": {"uv": [5.99999, 12, 5.33333, 12.33333], "texture": "#0"},
				"down": {"uv": [6, 13.33334, 5.33334, 13.66667], "texture": "#0"}
			}
		},
		{
			"from": [4, 1, 7.5],
			"to": [6, 4, 8.5],
			"rotation": {"angle": 0, "axis": "y", "origin": [8, 4, 8]},
			"faces": {
				"north": {"uv": [8.33333, 12.00001, 8.99999, 13], "texture": "#0"},
				"east": {"uv": [8.33333, 12.00001, 8.66666, 13], "texture": "#0"},
				"south": {"uv": [8.99999, 12.00001, 8.33333, 13], "texture": "#0"},
				"west": {"uv": [8.66666, 12, 8.99999, 13], "texture": "#0"},
				"up": {"uv": [8.99999, 12, 8.33333, 12.33333], "texture": "#0"},
				"down": {"uv": [9, 12.66667, 8.33334, 13], "texture": "#0"}
			}
		},
		{
			"from": [16, 2, 7.5],
			"to": [17, 4, 8.5],
			"rotation": {"angle": 0, "axis": "y", "origin": [8, 4, 8]},
			"faces": {
				"north": {"uv": [4.66667, 12.00001, 4.99999, 12.66667], "texture": "#0"},
				"east": {"uv": [4.66667, 12.00001, 5, 12.66667], "texture": "#0"},
				"south": {"uv": [4.99999, 12.00001, 4.66667, 12.66667], "texture": "#0"},
				"west": {"uv": [4.66666, 12, 4.99999, 12.66667], "texture": "#0"},
				"up": {"uv": [4.99999, 12, 4.66667, 12.33333], "texture": "#0"},
				"down": {"uv": [5, 12.33334, 4.66668, 12.66667], "texture": "#0"}
			}
		},
		{
			"from": [15, 1, 7.5],
			"to": [16, 2, 8.5],
			"rotation": {"angle": 0, "axis": "y", "origin": [8, 4, 8]},
			"faces": {
				"north": {"uv": [5, 12.66667, 5.33333, 13.00001], "texture": "#0"},
				"east": {"uv": [5, 12.66667, 5.33333, 13.00001], "texture": "#0"},
				"south": {"uv": [5.33333, 12.66667, 5, 13.00001], "texture": "#0"},
				"west": {"uv": [5, 12.66666, 5.33333, 13.00001], "texture": "#0"},
				"up": {"uv": [5.33333, 12.66666, 5, 13], "texture": "#0"},
				"down": {"uv": [5.33334, 12.66668, 5.00001, 13.00001], "texture": "#0"}
			}
		},
		{
			"from": [5, 7, 7.5],
			"to": [7, 8.4, 7.75],
			"rotation": {"angle": 0, "axis": "y", "origin": [8, 4, 8]},
			"faces": {
				"north": {"uv": [8, 10.66667, 8.66666, 11.00001], "texture": "#0"},
				"east": {"uv": [8, 10.66667, 8.66666, 11.00001], "texture": "#0"},
				"south": {"uv": [8.66666, 10.66667, 8, 11.00001], "texture": "#0"},
				"west": {"uv": [8, 10.66666, 8.66666, 11.00001], "texture": "#0"},
				"up": {"uv": [8.33333, 10.66666, 8, 11], "texture": "#0"},
				"down": {"uv": [8.66667, 10.66668, 8.33334, 11.00001], "texture": "#0"}
			}
		},
		{
			"from": [5, 7, 7.5],
			"to": [7, 7.5, 8.5],
			"rotation": {"angle": 0, "axis": "y", "origin": [8, 4, 8]},
			"faces": {
				"north": {"uv": [8, 10.66667, 8.66666, 11.00001], "texture": "#0"},
				"east": {"uv": [8, 10.66667, 8.66666, 11.00001], "texture": "#0"},
				"south": {"uv": [8.66666, 10.66667, 8, 11.00001], "texture": "#0"},
				"west": {"uv": [8, 10.66666, 8.66666, 11.00001], "texture": "#0"},
				"up": {"uv": [8.33333, 10.66666, 8, 11], "texture": "#0"},
				"down": {"uv": [8.66667, 10.66668, 8.33334, 11.00001], "texture": "#0"}
			}
		},
		{
			"from": [19, 7, 7.5],
			"to": [21, 8.4, 7.75],
			"rotation": {"angle": 0, "axis": "y", "origin": [8, 4, 8]},
			"faces": {
				"north": {"uv": [3.33333, 10.66667, 4, 11.00001], "texture": "#0"},
				"east": {"uv": [3.33333, 10.66667, 4, 11.00001], "texture": "#0"},
				"south": {"uv": [4, 10.66667, 3.33333, 11.00001], "texture": "#0"},
				"west": {"uv": [3.33333, 10.66666, 4, 11.00001], "texture": "#0"},
				"up": {"uv": [3.66666, 10.66666, 3.33333, 11], "texture": "#0"},
				"down": {"uv": [4.00001, 10.66668, 3.66668, 11.00001], "texture": "#0"}
			}
		},
		{
			"from": [19, 7, 7.5],
			"to": [21, 7.5, 8.5],
			"rotation": {"angle": 0, "axis": "y", "origin": [8, 4, 8]},
			"faces": {
				"north": {"uv": [3.33333, 10.66667, 4, 11.00001], "texture": "#0"},
				"east": {"uv": [3.33333, 10.66667, 4, 11.00001], "texture": "#0"},
				"south": {"uv": [4, 10.66667, 3.33333, 11.00001], "texture": "#0"},
				"west": {"uv": [3.33333, 10.66666, 4, 11.00001], "texture": "#0"},
				"up": {"uv": [3.66666, 10.66666, 3.33333, 11], "texture": "#0"},
				"down": {"uv": [4.00001, 10.66668, 3.66668, 11.00001], "texture": "#0"}
			}
		},
		{
			"from": [5, 7, 8.25],
			"to": [7, 8.4, 8.5],
			"rotation": {"angle": 0, "axis": "y", "origin": [8, 4, 8]},
			"faces": {
				"north": {"uv": [8, 10.66667, 8.66666, 11.00001], "texture": "#0"},
				"east": {"uv": [8, 10.66667, 8.66666, 11.00001], "texture": "#0"},
				"south": {"uv": [8.66666, 10.66667, 8, 11.00001], "texture": "#0"},
				"west": {"uv": [8, 10.66666, 8.66666, 11.00001], "texture": "#0"},
				"up": {"uv": [8.33333, 10.66666, 8, 11], "texture": "#0"},
				"down": {"uv": [8.66667, 10.66668, 8.33334, 11.00001], "texture": "#0"}
			}
		},
		{
			"from": [19, 7, 8.25],
			"to": [21, 8.4, 8.5],
			"rotation": {"angle": 0, "axis": "y", "origin": [8, 4, 8]},
			"faces": {
				"north": {"uv": [3.33333, 10.66667, 4, 11.00001], "texture": "#0"},
				"east": {"uv": [3.33333, 10.66667, 4, 11.00001], "texture": "#0"},
				"south": {"uv": [4, 10.66667, 3.33333, 11.00001], "texture": "#0"},
				"west": {"uv": [3.33333, 10.66666, 4, 11.00001], "texture": "#0"},
				"up": {"uv": [3.66666, 10.66666, 3.33333, 11], "texture": "#0"},
				"down": {"uv": [4.00001, 10.66668, 3.66668, 11.00001], "texture": "#0"}
			}
		}
	],
	"gui_light": "front",
	"display": {
		"thirdperson_righthand": {
			"rotation": [0, 90, 0],
			"translation": [0, 3.28, 5.35],
			"scale": [0.8, 0.8, 0.8]
		},
		"thirdperson_lefthand": {
			"rotation": [0, -90, 0],
			"translation": [0, 3.28, 5.35],
			"scale": [0.8, 0.8, 0.8]
		},
		"firstperson_righthand": {
			"rotation": [0, 75, 0],
			"translation": [1.5, 6.25, 0]
		},
		"firstperson_lefthand": {
			"rotation": [0, 75, 0],
			"translation": [1.5, 6.25, 0],
			"scale": [-1, 1, -1]
		},
		"ground": {
			"translation": [0.5, 9.5, 0],
			"scale": [0.8, 0.8, 0.8]
		},
		"gui": {
			"rotation": [0, 0, -45],
			"translation": [-1, 4.5, 0],
			"scale": [-1, 1, -1]
		},
		"head": {
			"rotation": [0, 90, 0],
			"translation": [0, 9, -4.25],
			"scale": [0.7, 0.7, 0.7]
		},
		"fixed": {
			"rotation": [0, 0, 45],
			"translation": [1, 4.5, -1]
		}
	},
	"groups": [
		{
			"name": "rpg7",
			"origin": [0, 0, 0],
			"color": 0,
			"children": []
		},
		0,
		1,
		2,
		3,
		4,
		5,
		6,
		7,
		8,
		9,
		10,
		11,
		12,
		13,
		14,
		15,
		16,
		17
	]
}