{
	"credit": "Daswaget",
	"texture_size": [32, 32],
	"textures": {
		"0": "dswg_weapons_plus/weapon_wall_plus/weapon_wall_plus",
		"1": "dswg_weapons_plus/rpg7/rpg7",
		"particle": "dswg_weapons_plus/weapon_wall_plus/weapon_wall_plus"
	},
	"elements": [
		{
			"from": [4, 17, 5],
			"to": [22, 20, 8],
			"rotation": {"angle": 0, "axis": "y", "origin": [8, 4, 8]},
			"faces": {
				"north": {"uv": [3.00001, 11.00001, 9, 12.00001], "texture": "#1"},
				"east": {"uv": [6.00001, 2.33334, 8.00001, 4.33334], "texture": "#1"},
				"south": {"uv": [9, 5.00001, 3.00001, 6], "texture": "#1"},
				"west": {"uv": [5.99999, 2.33333, 8, 4.33334], "texture": "#1"},
				"up": {"uv": [8.99999, 9, 3.00001, 10], "texture": "#1"},
				"down": {"uv": [8.99999, 7.00001, 3.00001, 8.00001], "texture": "#1"}
			}
		},
		{
			"from": [1, 17.5, 5.5],
			"to": [31, 19.5, 7.5],
			"rotation": {"angle": 0, "axis": "y", "origin": [8, 4, 8]},
			"faces": {
				"north": {"uv": [5.66668, 15.33334, 15.66667, 14.66668], "texture": "#1"},
				"east": {"uv": [14.66667, 13.66667, 14, 14.33334], "texture": "#1"},
				"south": {"uv": [15.66667, 14.66667, 5.66668, 15.33334], "texture": "#1"},
				"west": {"uv": [14.99999, 13.66666, 15.66666, 14.33334], "texture": "#1"},
				"up": {"uv": [15.66666, 15.33333, 5.66668, 14.66667], "texture": "#1"},
				"down": {"uv": [15.66666, 15.33334, 5.66668, 14.66668], "texture": "#1"}
			}
		},
		{
			"from": [25, 16.65, 4.65],
			"to": [27, 20.35, 8.35],
			"rotation": {"angle": 0, "axis": "y", "origin": [8, 4, 8]},
			"faces": {
				"north": {"uv": [7.00001, 15.66667, 7.66667, 14.33334], "texture": "#1"},
				"east": {"uv": [12.00001, 13.00001, 10.66668, 14.33334], "texture": "#1"},
				"south": {"uv": [7.66667, 14.33334, 7.00001, 15.66667], "texture": "#1"},
				"west": {"uv": [12.33332, 13, 13.66666, 14.33334], "texture": "#1"},
				"up": {"uv": [7.66666, 15.66666, 7.00001, 14.33333], "texture": "#1"},
				"down": {"uv": [7.66666, 15.66668, 7.00001, 14.33335], "texture": "#1"}
			}
		},
		{
			"from": [31, 18, 6],
			"to": [32, 19, 7],
			"rotation": {"angle": 0, "axis": "y", "origin": [8, 4, 8]},
			"faces": {
				"north": {"uv": [5.33335, 14.66668, 5.66667, 15.00001], "texture": "#1"},
				"east": {"uv": [5.33334, 14.66667, 5.66667, 15], "texture": "#1"},
				"south": {"uv": [5.66667, 14.66667, 5.33335, 15], "texture": "#1"},
				"west": {"uv": [5.33332, 14.66666, 5.66666, 15], "texture": "#1"},
				"up": {"uv": [5.66666, 14.66667, 5.33335, 15], "texture": "#1"},
				"down": {"uv": [5.66666, 14.66668, 5.33335, 15.00001], "texture": "#1"}
			}
		},
		{
			"from": [23, 17, 5],
			"to": [29, 20, 8],
			"rotation": {"angle": 0, "axis": "y", "origin": [8, 4, 8]},
			"faces": {
				"north": {"uv": [6.33335, 15.33334, 8.33333, 14.33334], "texture": "#1"},
				"east": {"uv": [15.66667, 12.33334, 14.66667, 13.33334], "texture": "#1"},
				"south": {"uv": [8.33333, 14.33334, 6.33335, 15.33334], "texture": "#1"},
				"west": {"uv": [14.66666, 12.33333, 15.66666, 13.33334], "texture": "#1"},
				"up": {"uv": [8.33332, 15.33333, 6.33335, 14.33333], "texture": "#1"},
				"down": {"uv": [8.33332, 15.33334, 6.33335, 14.33335], "texture": "#1"}
			}
		},
		{
			"from": [-13, 17, 5],
			"to": [-4, 20, 8],
			"rotation": {"angle": 0, "axis": "y", "origin": [8, 4, 8]},
			"faces": {
				"north": {"uv": [11.66668, 11.00001, 14.66667, 12.00001], "texture": "#1"},
				"east": {"uv": [4.66667, 3.33334, 5.66667, 4.33334], "texture": "#1"},
				"south": {"uv": [14.66667, 5.00001, 11.66668, 6], "texture": "#1"},
				"west": {"uv": [5.99999, 2.33333, 8, 4.33334], "texture": "#1"},
				"up": {"uv": [14.66666, 9, 11.66668, 10], "texture": "#1"},
				"down": {"uv": [14.66666, 7.00001, 11.66668, 8.00001], "texture": "#1"}
			}
		},
		{
			"from": [-4, 16.5, 4.5],
			"to": [4, 20.5, 8.5],
			"rotation": {"angle": 0, "axis": "y", "origin": [8, 4, 8]},
			"faces": {
				"north": {"uv": [9.00001, 10.66668, 11.66667, 12.00001], "texture": "#1"},
				"east": {"uv": [3.00001, 3.00001, 4.33334, 4.33334], "texture": "#1"},
				"south": {"uv": [11.66667, 4.66667, 9.00001, 6], "texture": "#1"},
				"west": {"uv": [2.99999, 3, 4.33333, 4.33334], "texture": "#1"},
				"up": {"uv": [11.66666, 8.66667, 9.00001, 10], "texture": "#1"},
				"down": {"uv": [11.66666, 6.66668, 9.00001, 8.00001], "texture": "#1"}
			}
		},
		{
			"from": [-16, 16.5, 4.5],
			"to": [-13, 20.5, 8.5],
			"rotation": {"angle": 0, "axis": "y", "origin": [8, 4, 8]},
			"faces": {
				"north": {"uv": [14.66668, 10.66668, 15.66667, 12.00001], "texture": "#1"},
				"east": {"uv": [8.33334, 1.66668, 11, 4.33334], "texture": "#1"},
				"south": {"uv": [15.66667, 4.66667, 14.66668, 6], "texture": "#1"},
				"west": {"uv": [8.33333, 1.66667, 11, 4.33334], "texture": "#1"},
				"up": {"uv": [15.66666, 8.66667, 14.66668, 10], "texture": "#1"},
				"down": {"uv": [15.66666, 6.66668, 14.66668, 8.00001], "texture": "#1"}
			}
		},
		{
			"from": [13, 12, 6],
			"to": [15, 17, 7],
			"rotation": {"angle": 0, "axis": "y", "origin": [8, 4, 8]},
			"faces": {
				"north": {"uv": [5.33333, 12.00001, 5.99999, 13.66667], "texture": "#1"},
				"east": {"uv": [3.33333, 13.33334, 3.66666, 15], "texture": "#1"},
				"south": {"uv": [5.99999, 12.00001, 5.33333, 13.66667], "texture": "#1"},
				"west": {"uv": [5.66666, 12, 5.99999, 13.66667], "texture": "#1"},
				"up": {"uv": [5.99999, 12, 5.33333, 12.33333], "texture": "#1"},
				"down": {"uv": [6, 13.33334, 5.33334, 13.66667], "texture": "#1"}
			}
		},
		{
			"from": [4, 14, 6],
			"to": [6, 17, 7],
			"rotation": {"angle": 0, "axis": "y", "origin": [8, 4, 8]},
			"faces": {
				"north": {"uv": [8.33333, 12.00001, 8.99999, 13], "texture": "#1"},
				"east": {"uv": [8.33333, 12.00001, 8.66666, 13], "texture": "#1"},
				"south": {"uv": [8.99999, 12.00001, 8.33333, 13], "texture": "#1"},
				"west": {"uv": [8.66666, 12, 8.99999, 13], "texture": "#1"},
				"up": {"uv": [8.99999, 12, 8.33333, 12.33333], "texture": "#1"},
				"down": {"uv": [9, 12.66667, 8.33334, 13], "texture": "#1"}
			}
		},
		{
			"from": [16, 15, 6],
			"to": [17, 17, 7],
			"rotation": {"angle": 0, "axis": "y", "origin": [8, 4, 8]},
			"faces": {
				"north": {"uv": [4.66667, 12.00001, 4.99999, 12.66667], "texture": "#1"},
				"east": {"uv": [4.66667, 12.00001, 5, 12.66667], "texture": "#1"},
				"south": {"uv": [4.99999, 12.00001, 4.66667, 12.66667], "texture": "#1"},
				"west": {"uv": [4.66666, 12, 4.99999, 12.66667], "texture": "#1"},
				"up": {"uv": [4.99999, 12, 4.66667, 12.33333], "texture": "#1"},
				"down": {"uv": [5, 12.33334, 4.66668, 12.66667], "texture": "#1"}
			}
		},
		{
			"from": [15, 14, 6],
			"to": [16, 15, 7],
			"rotation": {"angle": 0, "axis": "y", "origin": [8, 4, 8]},
			"faces": {
				"north": {"uv": [5, 12.66667, 5.33333, 13.00001], "texture": "#1"},
				"east": {"uv": [5, 12.66667, 5.33333, 13.00001], "texture": "#1"},
				"south": {"uv": [5.33333, 12.66667, 5, 13.00001], "texture": "#1"},
				"west": {"uv": [5, 12.66666, 5.33333, 13.00001], "texture": "#1"},
				"up": {"uv": [5.33333, 12.66666, 5, 13], "texture": "#1"},
				"down": {"uv": [5.33334, 12.66668, 5.00001, 13.00001], "texture": "#1"}
			}
		},
		{
			"from": [5, 20, 6],
			"to": [7, 21.4, 6.25],
			"rotation": {"angle": 0, "axis": "y", "origin": [8, 4, 8]},
			"faces": {
				"north": {"uv": [8, 10.66667, 8.66666, 11.00001], "texture": "#1"},
				"east": {"uv": [8, 10.66667, 8.66666, 11.00001], "texture": "#1"},
				"south": {"uv": [8.66666, 10.66667, 8, 11.00001], "texture": "#1"},
				"west": {"uv": [8, 10.66666, 8.66666, 11.00001], "texture": "#1"},
				"up": {"uv": [8.33333, 10.66666, 8, 11], "texture": "#1"},
				"down": {"uv": [8.66667, 10.66668, 8.33334, 11.00001], "texture": "#1"}
			}
		},
		{
			"from": [5, 20, 6],
			"to": [7, 20.5, 7],
			"rotation": {"angle": 0, "axis": "y", "origin": [8, 4, 8]},
			"faces": {
				"north": {"uv": [8, 10.66667, 8.66666, 11.00001], "texture": "#1"},
				"east": {"uv": [8, 10.66667, 8.66666, 11.00001], "texture": "#1"},
				"south": {"uv": [8.66666, 10.66667, 8, 11.00001], "texture": "#1"},
				"west": {"uv": [8, 10.66666, 8.66666, 11.00001], "texture": "#1"},
				"up": {"uv": [8.33333, 10.66666, 8, 11], "texture": "#1"},
				"down": {"uv": [8.66667, 10.66668, 8.33334, 11.00001], "texture": "#1"}
			}
		},
		{
			"from": [19, 20, 6],
			"to": [21, 21.4, 6.25],
			"rotation": {"angle": 0, "axis": "y", "origin": [8, 4, 8]},
			"faces": {
				"north": {"uv": [3.33333, 10.66667, 4, 11.00001], "texture": "#1"},
				"east": {"uv": [3.33333, 10.66667, 4, 11.00001], "texture": "#1"},
				"south": {"uv": [4, 10.66667, 3.33333, 11.00001], "texture": "#1"},
				"west": {"uv": [3.33333, 10.66666, 4, 11.00001], "texture": "#1"},
				"up": {"uv": [3.66666, 10.66666, 3.33333, 11], "texture": "#1"},
				"down": {"uv": [4.00001, 10.66668, 3.66668, 11.00001], "texture": "#1"}
			}
		},
		{
			"from": [19, 20, 6],
			"to": [21, 20.5, 7],
			"rotation": {"angle": 0, "axis": "y", "origin": [8, 4, 8]},
			"faces": {
				"north": {"uv": [3.33333, 10.66667, 4, 11.00001], "texture": "#1"},
				"east": {"uv": [3.33333, 10.66667, 4, 11.00001], "texture": "#1"},
				"south": {"uv": [4, 10.66667, 3.33333, 11.00001], "texture": "#1"},
				"west": {"uv": [3.33333, 10.66666, 4, 11.00001], "texture": "#1"},
				"up": {"uv": [3.66666, 10.66666, 3.33333, 11], "texture": "#1"},
				"down": {"uv": [4.00001, 10.66668, 3.66668, 11.00001], "texture": "#1"}
			}
		},
		{
			"from": [5, 20, 6.75],
			"to": [7, 21.4, 7],
			"rotation": {"angle": 0, "axis": "y", "origin": [8, 4, 8]},
			"faces": {
				"north": {"uv": [8, 10.66667, 8.66666, 11.00001], "texture": "#1"},
				"east": {"uv": [8, 10.66667, 8.66666, 11.00001], "texture": "#1"},
				"south": {"uv": [8.66666, 10.66667, 8, 11.00001], "texture": "#1"},
				"west": {"uv": [8, 10.66666, 8.66666, 11.00001], "texture": "#1"},
				"up": {"uv": [8.33333, 10.66666, 8, 11], "texture": "#1"},
				"down": {"uv": [8.66667, 10.66668, 8.33334, 11.00001], "texture": "#1"}
			}
		},
		{
			"from": [19, 20, 6.75],
			"to": [21, 21.4, 7],
			"rotation": {"angle": 0, "axis": "y", "origin": [8, 4, 8]},
			"faces": {
				"north": {"uv": [3.33333, 10.66667, 4, 11.00001], "texture": "#1"},
				"east": {"uv": [3.33333, 10.66667, 4, 11.00001], "texture": "#1"},
				"south": {"uv": [4, 10.66667, 3.33333, 11.00001], "texture": "#1"},
				"west": {"uv": [3.33333, 10.66666, 4, 11.00001], "texture": "#1"},
				"up": {"uv": [3.66666, 10.66666, 3.33333, 11], "texture": "#1"},
				"down": {"uv": [4.00001, 10.66668, 3.66668, 11.00001], "texture": "#1"}
			}
		},
		{
			"from": [-8, 8, 8.5],
			"to": [24, 24, 9.5],
			"faces": {
				"north": {"uv": [0, 2.66667, 10.66667, 8], "texture": "#0"},
				"east": {"uv": [0, 2.66667, 0.33333, 8], "texture": "#0"},
				"south": {"uv": [10.66667, 2.66667, 0, 8], "texture": "#0"},
				"west": {"uv": [10.33333, 2.66667, 10.66667, 8], "texture": "#0"},
				"up": {"uv": [10.66667, 12.66667, 0, 12.33333], "texture": "#0"},
				"down": {"uv": [10.66667, 13, 0, 13.33333], "texture": "#0"}
			}
		},
		{
			"from": [-7, 5, 8.5],
			"to": [23, 8, 9.5],
			"faces": {
				"north": {"uv": [0.33333, 8, 10.33333, 9], "texture": "#0"},
				"east": {"uv": [0.33333, 8, 0.66667, 9], "texture": "#0"},
				"south": {"uv": [10.33333, 8, 0.33333, 9], "texture": "#0"},
				"west": {"uv": [10, 8, 10.33333, 9], "texture": "#0"},
				"down": {"uv": [10.33333, 13.33333, 0.33333, 13.66667], "texture": "#0"}
			}
		},
		{
			"from": [-7, 24, 8.5],
			"to": [23, 27, 9.5],
			"faces": {
				"north": {"uv": [0.33333, 1.66667, 10.33333, 2.66667], "texture": "#0"},
				"east": {"uv": [0.33333, 1.66667, 0.66667, 2.66667], "texture": "#0"},
				"south": {"uv": [10.33333, 1.66667, 0.33333, 2.66667], "texture": "#0"},
				"west": {"uv": [10, 1.66667, 10.33333, 2.66667], "texture": "#0"},
				"up": {"uv": [10.33333, 12.33333, 0.33333, 12], "texture": "#0"}
			}
		},
		{
			"from": [-6, 3, 8.5],
			"to": [22, 5, 9.5],
			"faces": {
				"north": {"uv": [0.66667, 9, 10, 9.66667], "texture": "#0"},
				"east": {"uv": [0.66667, 9, 1, 9.66667], "texture": "#0"},
				"south": {"uv": [10, 9, 0.66667, 9.66667], "texture": "#0"},
				"west": {"uv": [9.66667, 9, 10, 9.66667], "texture": "#0"},
				"down": {"uv": [10, 13.66667, 0.66667, 14], "texture": "#0"}
			}
		},
		{
			"from": [-6, 27, 8.5],
			"to": [22, 29, 9.5],
			"faces": {
				"north": {"uv": [0.66667, 1, 10, 1.66667], "texture": "#0"},
				"east": {"uv": [0.66667, 1, 1, 1.66667], "texture": "#0"},
				"south": {"uv": [10, 1, 0.66667, 1.66667], "texture": "#0"},
				"west": {"uv": [9.66667, 1, 10, 1.66667], "texture": "#0"},
				"up": {"uv": [10, 12, 0.66667, 11.66667], "texture": "#0"}
			}
		},
		{
			"from": [-5, 2, 8.5],
			"to": [21, 3, 9.5],
			"faces": {
				"north": {"uv": [1, 9.66667, 9.66667, 10], "texture": "#0"},
				"east": {"uv": [1, 9.66667, 1.33333, 10], "texture": "#0"},
				"south": {"uv": [9.66667, 9.66667, 1, 10], "texture": "#0"},
				"west": {"uv": [9.33333, 9.66667, 9.66667, 10], "texture": "#0"},
				"down": {"uv": [9.66667, 14, 1, 14.33333], "texture": "#0"}
			}
		},
		{
			"from": [-3, 1, 8.5],
			"to": [19, 2, 9.5],
			"faces": {
				"north": {"uv": [1.66667, 10, 9, 10.33333], "texture": "#0"},
				"east": {"uv": [1.66667, 10, 2, 10.33333], "texture": "#0"},
				"south": {"uv": [9, 10, 1.66667, 10.33333], "texture": "#0"},
				"west": {"uv": [8.66667, 10, 9, 10.33333], "texture": "#0"},
				"down": {"uv": [9, 14.33333, 1.66667, 14.66667], "texture": "#0"}
			}
		},
		{
			"from": [-3, 30, 8.5],
			"to": [19, 31, 9.5],
			"faces": {
				"north": {"uv": [1.66667, 0.33333, 9, 0.66667], "texture": "#0"},
				"east": {"uv": [1.66667, 0.33333, 2, 0.66667], "texture": "#0"},
				"south": {"uv": [9, 0.33333, 1.66667, 0.66667], "texture": "#0"},
				"west": {"uv": [8.66667, 0.33333, 9, 0.66667], "texture": "#0"},
				"up": {"uv": [9, 11.33333, 1.66667, 11], "texture": "#0"}
			}
		},
		{
			"from": [-5, 29, 8.5],
			"to": [21, 30, 9.5],
			"faces": {
				"north": {"uv": [1, 0.66667, 9.66667, 1], "texture": "#0"},
				"east": {"uv": [1, 0.66667, 1.33333, 1], "texture": "#0"},
				"south": {"uv": [9.66667, 0.66667, 1, 1], "texture": "#0"},
				"west": {"uv": [9.33333, 0.66667, 9.66667, 1], "texture": "#0"},
				"up": {"uv": [9.66667, 11.66667, 1, 11.33333], "texture": "#0"}
			}
		},
		{
			"from": [0, 0, 8.5],
			"to": [16, 1, 9.5],
			"faces": {
				"north": {"uv": [2.66667, 10.33333, 8, 10.66667], "texture": "#0"},
				"east": {"uv": [2.66667, 10.33333, 3, 10.66667], "texture": "#0"},
				"south": {"uv": [8, 10.33333, 2.66667, 10.66667], "texture": "#0"},
				"west": {"uv": [7.66667, 10.33333, 8, 10.66667], "texture": "#0"},
				"down": {"uv": [8, 10.33333, 2.66667, 10.66667], "texture": "#0"}
			}
		},
		{
			"from": [0, 31, 8.5],
			"to": [16, 32, 9.5],
			"faces": {
				"north": {"uv": [2.66667, 0, 8, 0.33333], "texture": "#0"},
				"east": {"uv": [2.66667, 0, 3, 0.33333], "texture": "#0"},
				"south": {"uv": [8, 0, 2.66667, 0.33333], "texture": "#0"},
				"west": {"uv": [7.66667, 0, 8, 0.33333], "texture": "#0"},
				"up": {"uv": [8, 0.33333, 2.66667, 0], "texture": "#0"}
			}
		},
		{
			"from": [18.5, 16, 4],
			"to": [19.5, 17, 9],
			"rotation": {"angle": 0, "axis": "y", "origin": [8, 27.5, 8]},
			"faces": {
				"north": {"uv": [13.33333, 7.33334, 13.66666, 7.66667], "texture": "#0"},
				"east": {"uv": [13, 10, 11.33333, 10.33333], "texture": "#0"},
				"south": {"uv": [13.33333, 6, 13.66666, 6.33333], "texture": "#0"},
				"west": {"uv": [11.33333, 10, 13, 10.33333], "texture": "#0"},
				"up": {"uv": [13.33333, 7.66667, 13.66666, 6], "texture": "#0"},
				"down": {"uv": [13.33333, 6, 13.66666, 7.66667], "texture": "#0"}
			}
		},
		{
			"from": [18.5, 17, 4],
			"to": [19.5, 19, 5],
			"rotation": {"angle": 0, "axis": "y", "origin": [8, 27.5, 8]},
			"faces": {
				"north": {"uv": [14.66667, 6.66667, 15, 7.33333], "texture": "#0"},
				"east": {"uv": [14.66667, 6.66667, 15, 7.33333], "texture": "#0"},
				"south": {"uv": [14.66667, 6.66667, 15, 7.33333], "texture": "#0"},
				"west": {"uv": [15, 6.66667, 14.66667, 7.33333], "texture": "#0"},
				"up": {"uv": [14.66667, 6.66667, 15, 7], "texture": "#0"},
				"down": {"uv": [14.66667, 7.33333, 15, 7], "texture": "#0"}
			}
		},
		{
			"from": [-3.5, 15.5, 3.5],
			"to": [-2.5, 16.5, 8.5],
			"rotation": {"angle": 0, "axis": "y", "origin": [8, 27.5, 8]},
			"faces": {
				"north": {"uv": [13.33333, 7.33334, 13.66666, 7.66667], "texture": "#0"},
				"east": {"uv": [13, 10, 11.33333, 10.33333], "texture": "#0"},
				"south": {"uv": [13.33333, 6, 13.66666, 6.33333], "texture": "#0"},
				"west": {"uv": [11.33333, 10, 13, 10.33333], "texture": "#0"},
				"up": {"uv": [13.33333, 7.66667, 13.66666, 6], "texture": "#0"},
				"down": {"uv": [13.33333, 6, 13.66666, 7.66667], "texture": "#0"}
			}
		},
		{
			"from": [-3.5, 16.5, 3.5],
			"to": [-2.5, 18.5, 4.5],
			"rotation": {"angle": 0, "axis": "y", "origin": [8, 27.5, 8]},
			"faces": {
				"north": {"uv": [14.66667, 6.66667, 15, 7.33333], "texture": "#0"},
				"east": {"uv": [14.66667, 6.66667, 15, 7.33333], "texture": "#0"},
				"south": {"uv": [14.66667, 6.66667, 15, 7.33333], "texture": "#0"},
				"west": {"uv": [15, 6.66667, 14.66667, 7.33333], "texture": "#0"},
				"up": {"uv": [14.66667, 6.66667, 15, 7], "texture": "#0"},
				"down": {"uv": [14.66667, 7.33333, 15, 7], "texture": "#0"}
			}
		}
	],
	"gui_light": "front",
	"display": {
		"thirdperson_righthand": {
			"rotation": [0, -180, 0],
			"translation": [0, 1.25, 1.25],
			"scale": [0.4, 0.4, 0.4]
		},
		"thirdperson_lefthand": {
			"rotation": [0, -180, 0],
			"translation": [0, 1.25, 1.25],
			"scale": [0.4, 0.4, 0.4]
		},
		"firstperson_righthand": {
			"rotation": [0, 135, 0],
			"translation": [2, -2, 0.5],
			"scale": [0.4, 0.4, 0.4]
		},
		"firstperson_lefthand": {
			"rotation": [0, 135, 0],
			"translation": [2, -2, 0.5],
			"scale": [0.4, 0.4, 0.4]
		},
		"ground": {
			"translation": [0, 1, 0],
			"scale": [0.4, 0.4, 0.4]
		},
		"gui": {
			"translation": [0, -4, 0],
			"scale": [-0.5, 0.5, -0.5]
		},
		"head": {
			"rotation": [90, 0, 0],
			"translation": [0, 7, -4],
			"scale": [0.5, 0.5, 0.5]
		},
		"fixed": {
			"translation": [0, -14.4, -1.9],
			"scale": [1.6, 1.6, 1.6]
		}
	},
	"groups": [
		{
			"name": "weapon",
			"origin": [0, 0, 0],
			"color": 0,
			"children": [0, 1, 2, 3, 4, 5, 6, 7, 8, 9, 10, 11, 12, 13, 14, 15, 16, 17]
		},
		{
			"name": "wall",
			"origin": [0, 0, 0],
			"color": 0,
			"children": [18, 19, 20, 21, 22, 23, 24, 25, 26, 27, 28]
		},
		{
			"name": "wall2",
			"origin": [8, 27.5, 8],
			"color": 0,
			"children": [29, 30, 31, 32]
		}
	]
}