{
	"credit": "Daswaget",
	"texture_size": [32, 32],
	"textures": {
		"0": "dswg_weapons_plus/scar/scar"
	},
	"elements": [
		{
			"from": [5, 2, 7.5],
			"to": [10, 3, 8.5],
			"faces": {
				"north": {"uv": [8.33333, 12.33334, 10, 12.66667], "texture": "#0"},
				"east": {"uv": [8.33333, 12.33334, 8.66666, 12.66667], "texture": "#0"},
				"south": {"uv": [10, 12.33334, 8.33333, 12.66667], "texture": "#0"},
				"west": {"uv": [9.66667, 12.33333, 10, 12.66667], "texture": "#0"},
				"up": {"uv": [10, 12.33334, 8.33333, 12.66667], "texture": "#0"},
				"down": {"uv": [10, 12.33334, 8.33333, 12.66667], "texture": "#0"}
			}
		},
		{
			"from": [-9, 3, 7.5],
			"to": [20, 4, 8.5],
			"faces": {
				"north": {"uv": [5, 12.00001, 14.66667, 12.33334], "texture": "#0"},
				"east": {"uv": [5, 12.00001, 5.33333, 12.33334], "texture": "#0"},
				"south": {"uv": [14.66667, 12.00001, 5, 12.33334], "texture": "#0"},
				"west": {"uv": [14.33333, 12.00001, 14.66667, 12.33334], "texture": "#0"},
				"up": {"uv": [14.66667, 12.00001, 5, 12.33334], "texture": "#0"},
				"down": {"uv": [14.66667, 5.33334, 5, 5.66667], "texture": "#0"}
			}
		},
		{
			"from": [-9, 5, 7.5],
			"to": [20, 6, 8.5],
			"faces": {
				"north": {"uv": [5, 11.33334, 14.66667, 11.66667], "texture": "#0"},
				"east": {"uv": [5, 11.33334, 5.33333, 11.66667], "texture": "#0"},
				"south": {"uv": [14.66667, 11.33334, 5, 11.66667], "texture": "#0"},
				"west": {"uv": [14.33333, 11.33334, 14.66667, 11.66667], "texture": "#0"},
				"up": {"uv": [14.66667, 4.66667, 5, 5], "texture": "#0"},
				"down": {"uv": [14.66667, 11.33334, 5, 11.66667], "texture": "#0"}
			}
		},
		{
			"from": [-4, 6, 7.5],
			"to": [20, 7, 8.5],
			"faces": {
				"north": {"uv": [5, 11.00001, 13, 11.33334], "texture": "#0"},
				"east": {"uv": [5, 11.00001, 5.33333, 11.33334], "texture": "#0"},
				"south": {"uv": [13, 11.00001, 5, 11.33334], "texture": "#0"},
				"west": {"uv": [12.66667, 11.00001, 13, 11.33334], "texture": "#0"},
				"up": {"uv": [13, 11.00001, 5, 11.33334], "texture": "#0"},
				"down": {"uv": [13, 11.00001, 5, 11.33334], "texture": "#0"}
			}
		},
		{
			"from": [-9, 4, 7.5],
			"to": [28, 5, 8.5],
			"faces": {
				"north": {"uv": [2.33333, 11.66667, 14.66667, 12], "texture": "#0"},
				"east": {"uv": [2.33333, 11.66667, 2.66667, 12], "texture": "#0"},
				"south": {"uv": [14.66667, 7.66667, 2.33333, 8], "texture": "#0"},
				"west": {"uv": [14.33333, 11.66667, 14.66667, 12], "texture": "#0"},
				"up": {"uv": [14.66667, 11.66667, 2.33333, 12], "texture": "#0"},
				"down": {"uv": [14.66667, 11.66667, 2.33333, 12], "texture": "#0"}
			}
		},
		{
			"from": [1, 2, 7.5],
			"to": [4, 3, 8.5],
			"faces": {
				"north": {"uv": [10.33334, 12.33334, 11.33333, 12.66667], "texture": "#0"},
				"east": {"uv": [10.33334, 12.33334, 10.66667, 12.66667], "texture": "#0"},
				"south": {"uv": [11.33333, 12.33334, 10.33334, 12.66667], "texture": "#0"},
				"west": {"uv": [11, 12.33333, 11.33333, 12.66667], "texture": "#0"},
				"up": {"uv": [11.33333, 12.33334, 10.33334, 12.66667], "texture": "#0"},
				"down": {"uv": [11.33333, 12.33334, 10.33334, 12.66667], "texture": "#0"}
			}
		},
		{
			"from": [-9, 2, 7.5],
			"to": [-5, 3, 8.5],
			"faces": {
				"north": {"uv": [13.33334, 12.33334, 14.66667, 12.66667], "texture": "#0"},
				"east": {"uv": [13.33334, 12.33334, 13.66667, 12.66667], "texture": "#0"},
				"south": {"uv": [14.66667, 12.33334, 13.33334, 12.66667], "texture": "#0"},
				"west": {"uv": [14.33334, 12.33333, 14.66667, 12.66667], "texture": "#0"},
				"up": {"uv": [14.66667, 12.33334, 13.33334, 12.66667], "texture": "#0"},
				"down": {"uv": [14.66667, 12.33334, 13.33334, 12.66667], "texture": "#0"}
			}
		},
		{
			"from": [-9, 1, 7.5],
			"to": [-7, 2, 8.5],
			"faces": {
				"north": {"uv": [14.00001, 12.66667, 14.66667, 13], "texture": "#0"},
				"east": {"uv": [14.00001, 12.66667, 14.33334, 13], "texture": "#0"},
				"south": {"uv": [14.66667, 12.66667, 14.00001, 13], "texture": "#0"},
				"west": {"uv": [14.33334, 12.66666, 14.66667, 13], "texture": "#0"},
				"up": {"uv": [14.66667, 12.66667, 14.00001, 13], "texture": "#0"},
				"down": {"uv": [14.66667, 12.66667, 14.00001, 13], "texture": "#0"}
			}
		},
		{
			"from": [-9, 0, 7.5],
			"to": [-8, 1, 8.5],
			"faces": {
				"north": {"uv": [14.33334, 13.00001, 14.66667, 13.33334], "texture": "#0"},
				"east": {"uv": [14.33334, 13.00001, 14.66667, 13.33334], "texture": "#0"},
				"south": {"uv": [14.33334, 13.00001, 14.66667, 13.33334], "texture": "#0"},
				"west": {"uv": [14.33334, 13.00001, 14.66667, 13.33334], "texture": "#0"},
				"up": {"uv": [14.33334, 13.00001, 14.66667, 13.33334], "texture": "#0"},
				"down": {"uv": [14.33334, 13.00001, 14.66667, 13.33334], "texture": "#0"}
			}
		},
		{
			"from": [20, 4.8, 7.85],
			"to": [21, 8.8, 8.15],
			"faces": {
				"north": {"uv": [4.66667, 10.33334, 5, 11.66667], "texture": "#0"},
				"east": {"uv": [4.66667, 10.33334, 5, 11.66667], "texture": "#0"},
				"south": {"uv": [4.66667, 10.33334, 5, 11.66667], "texture": "#0"},
				"west": {"uv": [4.66667, 10.33334, 5, 11.66667], "texture": "#0"},
				"up": {"uv": [4.66667, 10.33334, 5, 10.66667], "texture": "#0"},
				"down": {"uv": [4.66667, 11.33334, 5, 11.66667], "texture": "#0"}
			}
		},
		{
			"from": [21, 4.8, 7.85],
			"to": [22, 5.8, 8.15],
			"faces": {
				"north": {"uv": [4.33334, 11.33334, 4.66667, 11.66667], "texture": "#0"},
				"east": {"uv": [4.33334, 11.33334, 4.66667, 11.66667], "texture": "#0"},
				"south": {"uv": [4.33334, 11.33334, 4.66667, 11.66667], "texture": "#0"},
				"west": {"uv": [4.33334, 11.33334, 4.66667, 11.66667], "texture": "#0"},
				"up": {"uv": [4.33334, 11.33334, 4.66667, 11.66667], "texture": "#0"},
				"down": {"uv": [4.33334, 11.33334, 4.66667, 11.66667], "texture": "#0"}
			}
		},
		{
			"from": [0, 7, 7.7],
			"to": [1, 8, 7.9],
			"faces": {
				"north": {"uv": [11.33334, 10.66667, 11.66667, 11], "texture": "#0"},
				"east": {"uv": [11.33334, 10.66667, 11.66667, 11], "texture": "#0"},
				"south": {"uv": [11.33334, 10.66667, 11.66667, 11], "texture": "#0"},
				"west": {"uv": [11.33334, 10.66667, 11.66667, 11], "texture": "#0"},
				"up": {"uv": [11.33334, 10.66667, 11.66667, 11], "texture": "#0"},
				"down": {"uv": [11.33334, 10.66667, 11.66667, 11], "texture": "#0"}
			}
		},
		{
			"from": [0, 7, 8.1],
			"to": [1, 8, 8.3],
			"faces": {
				"north": {"uv": [11.33334, 10.66667, 11.66667, 11], "texture": "#0"},
				"east": {"uv": [11.33334, 10.66667, 11.66667, 11], "texture": "#0"},
				"south": {"uv": [11.33334, 10.66667, 11.66667, 11], "texture": "#0"},
				"west": {"uv": [11.33334, 10.66667, 11.66667, 11], "texture": "#0"},
				"up": {"uv": [11.33334, 10.66667, 11.66667, 11], "texture": "#0"},
				"down": {"uv": [11.33334, 10.66667, 11.66667, 11], "texture": "#0"}
			}
		},
		{
			"from": [7, 4, 7.7],
			"to": [8, 5, 8.7],
			"faces": {
				"north": {"uv": [9.00001, 6.33334, 9.33333, 6.66667], "texture": "#0"},
				"east": {"uv": [9.00001, 6.33334, 9.33333, 6.66667], "texture": "#0"},
				"south": {"uv": [9.00001, 6.33334, 9.33333, 6.66667], "texture": "#0"},
				"west": {"uv": [9.00001, 6.33334, 9.33333, 6.66667], "texture": "#0"},
				"up": {"uv": [9.00001, 6.33334, 9.33333, 6.66667], "texture": "#0"},
				"down": {"uv": [9.00001, 6.33334, 9.33333, 6.66667], "texture": "#0"}
			}
		},
		{
			"from": [1, 1, 7.5],
			"to": [5, 2, 8.5],
			"faces": {
				"north": {"uv": [10.00001, 12.66667, 11.33333, 13], "texture": "#0"},
				"east": {"uv": [10.00001, 12.66667, 10.33334, 13], "texture": "#0"},
				"south": {"uv": [11.33333, 12.66667, 10.00001, 13], "texture": "#0"},
				"west": {"uv": [11, 12.66666, 11.33333, 13], "texture": "#0"},
				"up": {"uv": [11.33333, 12.66667, 10.00001, 13], "texture": "#0"},
				"down": {"uv": [11.33333, 12.66667, 10.00001, 13], "texture": "#0"}
			}
		},
		{
			"from": [6, -2, 7.5],
			"to": [10, 2, 8.5],
			"faces": {
				"north": {"uv": [8.33334, 12.66667, 9.66667, 14], "texture": "#0"},
				"east": {"uv": [8.33334, 12.66667, 8.66667, 14], "texture": "#0"},
				"south": {"uv": [8.33334, 12.66667, 9.66667, 14], "texture": "#0"},
				"west": {"uv": [9.33334, 12.66667, 9.66667, 14], "texture": "#0"},
				"up": {"uv": [8.33334, 12.66667, 9.66667, 13], "texture": "#0"},
				"down": {"uv": [8.33334, 13.66667, 9.66667, 14], "texture": "#0"}
			}
		},
		{
			"from": [1, -1, 7.5],
			"to": [3, 1, 8.5],
			"faces": {
				"north": {"uv": [10.66667, 13.00001, 11.33333, 13.66667], "texture": "#0"},
				"east": {"uv": [10.66667, 13.00001, 11, 13.66667], "texture": "#0"},
				"south": {"uv": [11.33333, 13.00001, 10.66667, 13.66667], "texture": "#0"},
				"west": {"uv": [11, 13, 11.33333, 13.66667], "texture": "#0"},
				"up": {"uv": [11.33333, 13.00001, 10.66667, 13.33334], "texture": "#0"},
				"down": {"uv": [11.33333, 13.33334, 10.66667, 13.66667], "texture": "#0"}
			}
		}
	],
	"gui_light": "front",
	"display": {
		"thirdperson_righthand": {
			"rotation": [0, 90, 0],
			"translation": [0, 4.05, -3.35],
			"scale": [0.8, 0.8, 0.8]
		},
		"thirdperson_lefthand": {
			"rotation": [0, -90, 0],
			"translation": [0, 4.05, -3.35],
			"scale": [0.8, 0.8, 0.8]
		},
		"firstperson_righthand": {
			"rotation": [-118.86, 81.25, 132.25],
			"translation": [-5.2, 4, -1]
		},
		"firstperson_lefthand": {
			"rotation": [-118.86, 81.25, 132.25],
			"translation": [-5.2, 4, -1],
			"scale": [-1, 1, -1]
		},
		"ground": {
			"translation": [0, 7, 0],
			"scale": [0.8, 0.8, 0.8]
		},
		"gui": {
			"rotation": [0, 0, -45],
			"translation": [3.5, 3.5, 0],
			"scale": [-1, 1, -1]
		},
		"head": {
			"rotation": [0, 90, 0],
			"translation": [0, 12.5, -2],
			"scale": [0.7, 0.7, 0.7]
		},
		"fixed": {
			"rotation": [0, 0, 45],
			"translation": [-3, 3, -1]
		}
	},
	"groups": [
		{
			"name": "scar",
			"origin": [0, 0, 0],
			"color": 0,
			"children": []
		},
		0,
		1,
		2,
		3,
		4,
		5,
		6,
		7,
		8,
		9,
		10,
		11,
		12,
		13,
		14,
		15,
		16
	]
}