﻿{
	"credit": "Daswaget",
	"texture_size": [32, 32],
	"textures": {
		"0": "dswg_weapons_plus/sickle/sickle",
		"particle": "dswg_weapons_plus/sickle/sickle_particle"
	},
	"elements": [
		{
			"from": [7, 0, 7.5],
			"to": [9, 8, 8.5],
			"faces": {
				"north": {"uv": [7.5, 10, 8.5, 14], "texture": "#0"},
				"east": {"uv": [7.5, 10, 8, 14], "texture": "#0"},
				"south": {"uv": [8.5, 10, 7.5, 14], "texture": "#0"},
				"west": {"uv": [8, 10, 8.5, 14], "texture": "#0"},
				"up": {"uv": [8.5, 10, 7.5, 10.5], "texture": "#0"},
				"down": {"uv": [8.5, 13.5, 7.5, 14], "texture": "#0"}
			}
		},
		{
			"from": [3, 10, 7.5],
			"to": [5, 12, 8.5],
			"faces": {
				"north": {"uv": [9.5, 8, 10.5, 9], "texture": "#0"},
				"east": {"uv": [9.5, 8, 10, 9], "texture": "#0"},
				"south": {"uv": [10.5, 8, 9.5, 9], "texture": "#0"},
				"west": {"uv": [10, 8, 10.5, 9], "texture": "#0"},
				"up": {"uv": [6, 11.5, 5, 12], "texture": "#0"},
				"down": {"uv": [15.5, 14, 14.5, 14.5], "texture": "#0"}
			}
		},
		{
			"from": [3, 15, 7.5],
			"to": [5, 17, 8.5],
			"faces": {
				"north": {"uv": [9.5, 5.5, 10.5, 6.5], "texture": "#0"},
				"east": {"uv": [9.5, 5.5, 10, 6.5], "texture": "#0"},
				"south": {"uv": [10.5, 5.5, 9.5, 6.5], "texture": "#0"},
				"west": {"uv": [10, 5.5, 10.5, 6.5], "texture": "#0"},
				"up": {"uv": [6, 9, 5, 9.5], "texture": "#0"},
				"down": {"uv": [15.5, 11.5, 14.5, 12], "texture": "#0"}
			}
		},
		{
			"from": [2, 12, 7.5],
			"to": [4, 15, 8.5],
			"faces": {
				"north": {"uv": [10, 6.5, 11, 8], "texture": "#0"},
				"east": {"uv": [10, 6.5, 10.5, 8], "texture": "#0"},
				"south": {"uv": [11, 6.5, 10, 8], "texture": "#0"},
				"west": {"uv": [10.5, 6.5, 11, 8], "texture": "#0"},
				"up": {"uv": [6.5, 10, 5.5, 10.5], "texture": "#0"},
				"down": {"uv": [16, 13, 15, 13.5], "texture": "#0"}
			}
		},
		{
			"from": [5, 8, 7.5],
			"to": [9, 9, 8.5],
			"faces": {
				"north": {"uv": [7.5, 9.5, 9.5, 10], "texture": "#0"},
				"east": {"uv": [7.5, 9.5, 8, 10], "texture": "#0"},
				"south": {"uv": [9.5, 9.5, 7.5, 10], "texture": "#0"},
				"west": {"uv": [9, 9.5, 9.5, 10], "texture": "#0"},
				"up": {"uv": [5, 13, 3, 13.5], "texture": "#0"},
				"down": {"uv": [14.5, 15, 12.5, 15.5], "texture": "#0"}
			}
		},
		{
			"from": [4, 9, 7.5],
			"to": [7, 10, 8.5],
			"faces": {
				"north": {"uv": [8.5, 9, 10, 9.5], "texture": "#0"},
				"east": {"uv": [8.5, 9, 9, 9.5], "texture": "#0"},
				"south": {"uv": [10, 9, 8.5, 9.5], "texture": "#0"},
				"west": {"uv": [9.5, 9, 10, 9.5], "texture": "#0"},
				"up": {"uv": [5.5, 12.5, 4, 13], "texture": "#0"},
				"down": {"uv": [15, 14.5, 13.5, 15], "texture": "#0"}
			}
		},
		{
			"from": [4, 17, 7.5],
			"to": [7, 18, 8.5],
			"faces": {
				"north": {"uv": [8.5, 5, 10, 5.5], "texture": "#0"},
				"east": {"uv": [8.5, 5, 9, 5.5], "texture": "#0"},
				"south": {"uv": [10, 5, 8.5, 5.5], "texture": "#0"},
				"west": {"uv": [9.5, 5, 10, 5.5], "texture": "#0"},
				"up": {"uv": [5.5, 8.5, 4, 9], "texture": "#0"},
				"down": {"uv": [15, 10.5, 13.5, 11], "texture": "#0"}
			}
		},
		{
			"from": [10, 17, 7.5],
			"to": [13, 18, 8.5],
			"faces": {
				"north": {"uv": [5.5, 5, 7, 5.5], "texture": "#0"},
				"east": {"uv": [5.5, 5, 6, 5.5], "texture": "#0"},
				"south": {"uv": [7, 5, 5.5, 5.5], "texture": "#0"},
				"west": {"uv": [6.5, 5, 7, 5.5], "texture": "#0"},
				"up": {"uv": [2.5, 8.5, 1, 9], "texture": "#0"},
				"down": {"uv": [12, 10.5, 10.5, 11], "texture": "#0"}
			}
		},
		{
			"from": [13, 15, 7.5],
			"to": [14, 16, 8.5],
			"faces": {
				"north": {"uv": [5, 6, 5.5, 6.5], "texture": "#0"},
				"east": {"uv": [5, 6, 5.5, 6.5], "texture": "#0"},
				"south": {"uv": [5.5, 6, 5, 6.5], "texture": "#0"},
				"west": {"uv": [5, 6, 5.5, 6.5], "texture": "#0"},
				"up": {"uv": [5.5, 6, 5, 6.5], "texture": "#0"},
				"down": {"uv": [5.5, 6, 5, 6.5], "texture": "#0"}
			}
		},
		{
			"from": [12, 16, 7.5],
			"to": [14, 17, 8.5],
			"faces": {
				"north": {"uv": [5, 5.5, 6, 6], "texture": "#0"},
				"east": {"uv": [5, 5.5, 5.5, 6], "texture": "#0"},
				"south": {"uv": [6, 5.5, 5, 6], "texture": "#0"},
				"west": {"uv": [5.5, 5.5, 6, 6], "texture": "#0"},
				"up": {"uv": [1.5, 9, 0.5, 9.5], "texture": "#0"},
				"down": {"uv": [11, 11, 10, 11.5], "texture": "#0"}
			}
		},
		{
			"from": [7, 19, 7.5],
			"to": [10, 20, 8.5],
			"faces": {
				"north": {"uv": [7, 4, 8.5, 4.5], "texture": "#0"},
				"east": {"uv": [7, 4, 7.5, 4.5], "texture": "#0"},
				"south": {"uv": [8.5, 4, 7, 4.5], "texture": "#0"},
				"west": {"uv": [8, 4, 8.5, 4.5], "texture": "#0"},
				"up": {"uv": [8.5, 4, 7, 4.5], "texture": "#0"},
				"down": {"uv": [8.5, 4, 7, 4.5], "texture": "#0"}
			}
		},
		{
			"from": [5, 18, 7.5],
			"to": [12, 19, 8.5],
			"faces": {
				"north": {"uv": [6, 4.5, 9.5, 5], "texture": "#0"},
				"east": {"uv": [6, 4.5, 6.5, 5], "texture": "#0"},
				"south": {"uv": [9.5, 4.5, 6, 5], "texture": "#0"},
				"west": {"uv": [9, 4.5, 9.5, 5], "texture": "#0"},
				"up": {"uv": [5, 8, 1.5, 8.5], "texture": "#0"},
				"down": {"uv": [14.5, 10, 11, 10.5], "texture": "#0"}
			}
		}
	],
	"gui_light": "front",
	"display": {
		"thirdperson_righthand": {
			"rotation": [0, 90, 0],
			"translation": [0, 1.5, 1.25],
			"scale": [0.8, 0.8, 0.8]
		},
		"thirdperson_lefthand": {
			"rotation": [0, -90, 0],
			"translation": [0, 1.5, 1.25],
			"scale": [0.8, 0.8, 0.8]
		},
		"firstperson_righthand": {
			"rotation": [0, 97, 19],
			"translation": [1, -0.5, 0],
			"scale": [0.8, 0.8, 0.8]
		},
		"firstperson_lefthand": {
			"rotation": [0, 97, 19],
			"translation": [1, -0.5, 0],
			"scale": [-0.8, 0.8, -0.8]
		},
		"ground": {
			"rotation": [0, 0, 45],
			"translation": [0.5, 4.75, 0],
			"scale": [0.8, 0.8, 0.8]
		},
		"gui": {
			"rotation": [0, 0, -45],
			"translation": [-2, -2, 0],
			"scale": [-0.8, 0.8, -0.8]
		},
		"head": {
			"rotation": [0, 90, 0],
			"translation": [0, 7, 0],
			"scale": [0.8, 0.8, 0.8]
		},
		"fixed": {
			"rotation": [0, 0, 45],
			"translation": [3, -3, -0.9]
		}
	},
	"groups": [
		{
			"name": "sickle",
			"origin": [0, 0, 0],
			"color": 0,
			"children": []
		},
		0,
		1,
		2,
		3,
		4,
		5,
		6,
		7,
		8,
		9,
		10,
		11
	]
}