{
	"credit": "Daswaget",
	"texture_size": [32, 32],
	"textures": {
		"0": "dswg_weapons_plus/sledgehammer/sledgehammer",
		"particle": "dswg_weapons_plus/sledgehammer/sledgehammer_particle"
	},
	"elements": [
		{
			"from": [7, 0, 7.5],
			"to": [9, 18, 8.5],
			"faces": {
				"north": {"uv": [7.5, 5, 8.5, 14], "texture": "#0"},
				"east": {"uv": [7.5, 5, 8, 14], "texture": "#0"},
				"south": {"uv": [8.5, 5, 7.5, 14], "texture": "#0"},
				"west": {"uv": [8, 5, 8.5, 14], "texture": "#0"},
				"up": {"uv": [8.5, 5, 7.5, 5.5], "texture": "#0"},
				"down": {"uv": [8.5, 13.5, 7.5, 14], "texture": "#0"}
			}
		},
		{
			"from": [4, 18, 6.5],
			"to": [12, 23, 9.5],
			"faces": {
				"north": {"uv": [6, 2.5, 10, 5], "texture": "#0"},
				"east": {"uv": [3.5, 2.5, 5, 5], "texture": "#0"},
				"south": {"uv": [10, 2.5, 6, 5], "texture": "#0"},
				"west": {"uv": [11, 2.5, 12.5, 5], "texture": "#0"},
				"up": {"uv": [12.5, 0.5, 8.5, 2], "texture": "#0"},
				"down": {"uv": [7.5, 0.5, 3.5, 2], "texture": "#0"}
			}
		},
		{
			"from": [12, 19, 6.5],
			"to": [13, 22, 9.5],
			"faces": {
				"north": {"uv": [4.5, 3, 5, 4.5], "texture": "#0"},
				"east": {"uv": [3.5, 3, 5, 4.5], "texture": "#0"},
				"south": {"uv": [4, 3, 3.5, 4.5], "texture": "#0"},
				"west": {"uv": [3.5, 3, 5, 4.5], "texture": "#0"},
				"up": {"uv": [3, 3, 2.5, 4.5], "texture": "#0"},
				"down": {"uv": [3, 3, 2.5, 4.5], "texture": "#0"}
			}
		},
		{
			"from": [3, 19, 6.5],
			"to": [4, 22, 9.5],
			"faces": {
				"north": {"uv": [12, 3, 12.5, 4.5], "texture": "#0"},
				"east": {"uv": [11, 3, 12.5, 4.5], "texture": "#0"},
				"south": {"uv": [11.5, 3, 11, 4.5], "texture": "#0"},
				"west": {"uv": [11, 3, 12.5, 4.5], "texture": "#0"},
				"up": {"uv": [13.5, 3, 13, 4.5], "texture": "#0"},
				"down": {"uv": [13.5, 3, 13, 4.5], "texture": "#0"}
			}
		}
	],
	"gui_light": "front",
	"display": {
		"thirdperson_righthand": {
			"rotation": [0, 90, 0],
			"translation": [0, 0.75, 1.25],
			"scale": [0.8, 0.8, 0.8]
		},
		"thirdperson_lefthand": {
			"rotation": [0, -90, 0],
			"translation": [0, 0.75, 1.25],
			"scale": [0.8, 0.8, 0.8]
		},
		"firstperson_righthand": {
			"rotation": [0, 97, 19],
			"translation": [1, -0.5, 0],
			"scale": [0.8, 0.8, 0.8]
		},
		"firstperson_lefthand": {
			"rotation": [0, 97, 19],
			"translation": [1, -0.5, 0],
			"scale": [-0.8, 0.8, -0.8]
		},
		"ground": {
			"rotation": [0, 0, 45],
			"translation": [1.5, 2.75, 0],
			"scale": [0.8, 0.8, 0.8]
		},
		"gui": {
			"rotation": [0, 0, -45],
			"translation": [-3, -3, 0],
			"scale": [-0.8, 0.8, -0.8]
		},
		"head": {
			"rotation": [0, 90, 0],
			"translation": [0, -3.25, 0],
			"scale": [0.8, 0.8, 0.8]
		},
		"fixed": {
			"rotation": [0, 0, 45],
			"translation": [3.5, -3.5, -0.9]
		}
	},
	"groups": [
		{
			"name": "sledgehammer",
			"origin": [0, 0, 0],
			"color": 0,
			"children": []
		},
		0,
		1,
		2,
		3
	]
}