﻿{
	"credit": "Daswaget",
	"texture_size": [32, 32],
	"textures": {
		"0": "dswg_weapons_plus/spas12/spas12"
	},
	"elements": [
		{
			"from": [2, 3.5, 7.5],
			"to": [24, 4.5, 8.5],
			"rotation": {"angle": 0, "axis": "y", "origin": [8, 4, 8]},
			"faces": {
				"north": {"uv": [4.33333, 12.00001, 11.66666, 12.33334], "texture": "#0"},
				"east": {"uv": [4.33333, 12.00001, 4.66666, 12.33334], "texture": "#0"},
				"south": {"uv": [11.66666, 12.00001, 4.33333, 12.33334], "texture": "#0"},
				"west": {"uv": [11.33333, 12, 11.66666, 12.33334], "texture": "#0"},
				"up": {"uv": [11.66666, 12, 4.33333, 12.33333], "texture": "#0"},
				"down": {"uv": [11.66666, 5.66668, 4.33333, 6.00001], "texture": "#0"}
			}
		},
		{
			"from": [6, 2.5, 7.5],
			"to": [23, 3.5, 8.5],
			"rotation": {"angle": 0, "axis": "y", "origin": [8, 4, 8]},
			"faces": {
				"north": {"uv": [4.66667, 12.33334, 10.33333, 12.66667], "texture": "#0"},
				"east": {"uv": [4.66667, 12.33334, 5, 12.66667], "texture": "#0"},
				"south": {"uv": [10.33333, 12.33334, 4.66667, 12.66667], "texture": "#0"},
				"west": {"uv": [10, 12.33333, 10.33333, 12.66667], "texture": "#0"},
				"up": {"uv": [10.33333, 12.33333, 4.66667, 12.66666], "texture": "#0"},
				"down": {"uv": [10.33333, 12.33335, 4.66667, 12.66668], "texture": "#0"}
			}
		},
		{
			"from": [3, 6.5, 7.5],
			"to": [15, 7.5, 8.5],
			"rotation": {"angle": 0, "axis": "y", "origin": [8, 4, 8]},
			"faces": {
				"north": {"uv": [7.33334, 11.00001, 11.33334, 11.33334], "texture": "#0"},
				"east": {"uv": [7.33334, 11.00001, 7.66667, 11.33334], "texture": "#0"},
				"south": {"uv": [11.33334, 11.00001, 7.33334, 11.33334], "texture": "#0"},
				"west": {"uv": [11.00001, 11, 11.33334, 11.33334], "texture": "#0"},
				"up": {"uv": [11.33334, 11, 7.33334, 11.33333], "texture": "#0"},
				"down": {"uv": [11.33334, 11.00001, 7.33334, 11.33334], "texture": "#0"}
			}
		},
		{
			"from": [1, 4.5, 7.5],
			"to": [28, 5.5, 8.5],
			"rotation": {"angle": 0, "axis": "y", "origin": [8, 4, 8]},
			"faces": {
				"north": {"uv": [3, 11.66667, 12, 12], "texture": "#0"},
				"east": {"uv": [3.00001, 11.66668, 3.33334, 12.00001], "texture": "#0"},
				"south": {"uv": [11.99999, 8.33334, 3, 8.66668], "texture": "#0"},
				"west": {"uv": [11.66666, 11.66667, 11.99999, 12.00001], "texture": "#0"},
				"up": {"uv": [11.99999, 11.66666, 3, 12], "texture": "#0"},
				"down": {"uv": [11.99999, 5.33333, 3, 5.66667], "texture": "#0"}
			}
		},
		{
			"from": [3, 2.5, 7.5],
			"to": [5, 3.5, 8.5],
			"rotation": {"angle": 0, "axis": "y", "origin": [8, 4, 8]},
			"faces": {
				"north": {"uv": [10.66667, 12.33334, 11.33333, 12.66667], "texture": "#0"},
				"east": {"uv": [10.66667, 12.33334, 11, 12.66667], "texture": "#0"},
				"south": {"uv": [11.33333, 12.33334, 10.66667, 12.66667], "texture": "#0"},
				"west": {"uv": [11, 12.33333, 11.33333, 12.66667], "texture": "#0"},
				"up": {"uv": [11.33333, 12.33333, 10.66667, 12.66666], "texture": "#0"},
				"down": {"uv": [11.33333, 7.00001, 10.66667, 7.33334], "texture": "#0"}
			}
		},
		{
			"from": [2, -1.5, 7.5],
			"to": [4, 1.5, 8.5],
			"rotation": {"angle": 0, "axis": "y", "origin": [8, 4, 8]},
			"faces": {
				"north": {"uv": [11, 13.00001, 11.66666, 14], "texture": "#0"},
				"east": {"uv": [11, 13.00001, 11.33333, 14], "texture": "#0"},
				"south": {"uv": [11.66666, 13.00001, 11, 14], "texture": "#0"},
				"west": {"uv": [11.33333, 13, 11.66666, 14], "texture": "#0"},
				"up": {"uv": [11.66666, 6.66666, 11, 6.99999], "texture": "#0"},
				"down": {"uv": [11.66666, 13.66668, 11, 14.00001], "texture": "#0"}
			}
		},
		{
			"from": [3, 1.5, 7.5],
			"to": [6, 2.5, 8.5],
			"rotation": {"angle": 0, "axis": "y", "origin": [8, 4, 8]},
			"faces": {
				"north": {"uv": [10.33334, 12.66667, 11.33333, 13], "texture": "#0"},
				"east": {"uv": [10.33334, 12.66667, 10.66667, 13], "texture": "#0"},
				"south": {"uv": [11.33333, 12.66667, 10.33334, 13], "texture": "#0"},
				"west": {"uv": [11, 12.66666, 11.33333, 13], "texture": "#0"},
				"up": {"uv": [11.33333, 12.66666, 10.33334, 12.99999], "texture": "#0"},
				"down": {"uv": [11.33333, 6.33334, 10.33334, 6.66667], "texture": "#0"}
			}
		},
		{
			"from": [1, 5.5, 7.5],
			"to": [28, 6.5, 8.5],
			"rotation": {"angle": 0, "axis": "y", "origin": [8, 4, 8]},
			"faces": {
				"north": {"uv": [3, 11.33334, 12, 11.66667], "texture": "#0"},
				"east": {"uv": [3.00001, 11.33335, 3.33334, 11.66668], "texture": "#0"},
				"south": {"uv": [11.99999, 11.33334, 3, 11.66668], "texture": "#0"},
				"west": {"uv": [11.66666, 11.33334, 11.99999, 11.66668], "texture": "#0"},
				"up": {"uv": [11.99999, 11.33333, 3, 11.66667], "texture": "#0"},
				"down": {"uv": [11.99999, 11.33333, 3, 11.66667], "texture": "#0"}
			}
		},
		{
			"from": [9, 2.1, 7.25],
			"to": [18, 4.4, 8.75],
			"rotation": {"angle": 0, "axis": "y", "origin": [8, 4, 8]},
			"faces": {
				"north": {"uv": [4.66668, 13.00002, 7.66666, 13.66667], "texture": "#0"},
				"east": {"uv": [4.66668, 13.00002, 5, 13.66667], "texture": "#0"},
				"south": {"uv": [7.66666, 13.00002, 4.66668, 13.66667], "texture": "#0"},
				"west": {"uv": [7.33332, 13.00001, 7.66666, 13.66667], "texture": "#0"},
				"up": {"uv": [7.66666, 13.00001, 4.66668, 13.33334], "texture": "#0"},
				"down": {"uv": [7.66666, 13.33334, 4.66668, 13.66667], "texture": "#0"}
			}
		},
		{
			"from": [7.25, 4.6, 8.25],
			"to": [9.75, 5.4, 9.05],
			"rotation": {"angle": 0, "axis": "y", "origin": [8, 4, 8]},
			"faces": {
				"north": {"uv": [9.00001, 13.66667, 9.99999, 14], "texture": "#0"},
				"east": {"uv": [9.00001, 13.66667, 9.33334, 14], "texture": "#0"},
				"south": {"uv": [9.99999, 13.66667, 9.00001, 14], "texture": "#0"},
				"west": {"uv": [9.66666, 13.66666, 9.99999, 14], "texture": "#0"},
				"up": {"uv": [9.99999, 13.66666, 9.00001, 13.99999], "texture": "#0"},
				"down": {"uv": [9.99999, 13.66667, 9.00001, 14], "texture": "#0"}
			}
		},
		{
			"from": [25, 6.5, 7.9],
			"to": [26, 8, 8.1],
			"rotation": {"angle": 0, "axis": "y", "origin": [8, 4, 8]},
			"faces": {
				"north": {"uv": [3.66667, 11, 4, 11.33333], "texture": "#0"},
				"east": {"uv": [3.66667, 11, 4, 11.33333], "texture": "#0"},
				"south": {"uv": [4, 11, 3.66667, 11.33333], "texture": "#0"},
				"west": {"uv": [3.66667, 10.99999, 4, 11.33333], "texture": "#0"},
				"up": {"uv": [4, 10.99999, 3.66667, 11.33332], "texture": "#0"},
				"down": {"uv": [4, 11, 3.66667, 11.33333], "texture": "#0"}
			}
		}
	],
	"gui_light": "front",
	"display": {
		"thirdperson_righthand": {
			"rotation": [0, 90, 0],
			"translation": [0, 3.65, -2.65],
			"scale": [0.8, 0.8, 0.8]
		},
		"thirdperson_lefthand": {
			"rotation": [0, -90, 0],
			"translation": [0, 3.65, -2.65],
			"scale": [0.8, 0.8, 0.8]
		},
		"firstperson_righthand": {
			"rotation": [0, 75, 0],
			"translation": [-1.5, 6.25, 0]
		},
		"firstperson_lefthand": {
			"rotation": [0, 75, 0],
			"translation": [-1.5, 6.25, 0],
			"scale": [-1, 1, -1]
		},
		"ground": {
			"translation": [0, 8, 0],
			"scale": [0.8, 0.8, 0.8]
		},
		"gui": {
			"rotation": [0, 0, -45],
			"translation": [2.5, 2.5, 0],
			"scale": [-1, 1, -1]
		},
		"head": {
			"rotation": [0, 90, 0],
			"translation": [0, 8.5, -2],
			"scale": [0.7, 0.7, 0.7]
		},
		"fixed": {
			"rotation": [0, 0, 45],
			"translation": [-2.5, 2.5, -1]
		}
	},
	"groups": [
		{
			"name": "spas12",
			"origin": [0, 0, 0],
			"color": 0,
			"children": [0, 1, 2, 3, 4, 5, 6, 7, 8, 9]
		},
		10
	]
}