﻿{
	"credit": "Daswaget",
	"texture_size": [32, 32],
	"textures": {
		"0": "dswg_weapons_plus/thompson/thompson"
	},
	"elements": [
		{
			"from": [4, 2.3, 7.5],
			"to": [7, 3.3, 8.5],
			"faces": {
				"north": {"uv": [10.00001, 12.33334, 11, 12.66667], "texture": "#0"},
				"east": {"uv": [10.00001, 12.33334, 10.33334, 12.66667], "texture": "#0"},
				"south": {"uv": [11, 12.33334, 10.00001, 12.66667], "texture": "#0"},
				"west": {"uv": [10.66667, 12.33333, 11, 12.66667], "texture": "#0"},
				"up": {"uv": [11, 12.33333, 10.00001, 12.66666], "texture": "#0"},
				"down": {"uv": [11, 12.33334, 10.00001, 12.66667], "texture": "#0"}
			}
		},
		{
			"from": [11, 4.3, 7.5],
			"to": [15, 5.3, 8.5],
			"faces": {
				"north": {"uv": [7.33334, 11.66668, 8.66667, 12.00001], "texture": "#0"},
				"east": {"uv": [7.33334, 11.66668, 7.66667, 12.00001], "texture": "#0"},
				"south": {"uv": [8.66667, 11.66668, 7.33334, 12.00001], "texture": "#0"},
				"west": {"uv": [8.33334, 11.66667, 8.66667, 12.00001], "texture": "#0"},
				"up": {"uv": [8.66667, 11.66667, 7.33334, 12], "texture": "#0"},
				"down": {"uv": [8.66667, 11.66668, 7.33334, 12.00001], "texture": "#0"}
			}
		},
		{
			"from": [18, 4.3, 7.5],
			"to": [20, 5.3, 8.5],
			"faces": {
				"north": {"uv": [5.66667, 11.66668, 6.33333, 12.00001], "texture": "#0"},
				"east": {"uv": [5.66667, 11.66668, 6, 12.00001], "texture": "#0"},
				"south": {"uv": [6.33333, 11.66668, 5.66667, 12.00001], "texture": "#0"},
				"west": {"uv": [6, 11.66667, 6.33333, 12.00001], "texture": "#0"},
				"up": {"uv": [6.33333, 11.66667, 5.66667, 12], "texture": "#0"},
				"down": {"uv": [6.33333, 4.66668, 5.66667, 5.00001], "texture": "#0"}
			}
		},
		{
			"from": [17, 1.3, 7.5],
			"to": [19, 4.3, 8.5],
			"faces": {
				"north": {"uv": [6.00001, 12.00001, 6.66667, 13.00001], "texture": "#0"},
				"east": {"uv": [6.00001, 12.00001, 6.33334, 13.00001], "texture": "#0"},
				"south": {"uv": [6.66667, 12.00001, 6.00001, 13.00001], "texture": "#0"},
				"west": {"uv": [6.33334, 12, 6.66667, 13.00001], "texture": "#0"},
				"up": {"uv": [6.66667, 5, 6.00001, 5.33333], "texture": "#0"},
				"down": {"uv": [6.66667, 12.66668, 6.00001, 13.00001], "texture": "#0"}
			}
		},
		{
			"from": [9, -1.7, 5.5],
			"to": [11, 5.3, 10.5],
			"faces": {
				"north": {"uv": [6.00001, 13.33334, 6.66667, 15.66667], "texture": "#0"},
				"east": {"uv": [1.00001, 13.33334, 2.66667, 15.66667], "texture": "#0"},
				"south": {"uv": [6.66667, 13.33334, 6.00001, 15.66667], "texture": "#0"},
				"west": {"uv": [3.66667, 13.33333, 5.33333, 15.66667], "texture": "#0"},
				"up": {"uv": [6.66667, 13.33333, 6.00001, 15.66666], "texture": "#0"},
				"down": {"uv": [6.66667, 13.33334, 6.00001, 15.66667], "texture": "#0"}
			}
		},
		{
			"from": [9, -0.7, 4.5],
			"to": [11, 4.3, 5.5],
			"faces": {
				"north": {"uv": [6.00001, 13.33334, 6.66667, 15.66667], "texture": "#0"},
				"east": {"uv": [2.66667, 13.66668, 3, 15.33334], "texture": "#0"},
				"south": {"uv": [6.66667, 13.33334, 6.00001, 15.66667], "texture": "#0"},
				"west": {"uv": [5.33334, 13.66667, 5.66667, 15.33334], "texture": "#0"},
				"up": {"uv": [6.66667, 13.33333, 6.00001, 15.66666], "texture": "#0"},
				"down": {"uv": [6.66667, 13.33334, 6.00001, 15.66667], "texture": "#0"}
			}
		},
		{
			"from": [9, -0.7, 10.5],
			"to": [11, 4.3, 11.5],
			"faces": {
				"north": {"uv": [6.00001, 13.33334, 6.66667, 15.66667], "texture": "#0"},
				"east": {"uv": [0.66667, 13.66668, 1, 15.33334], "texture": "#0"},
				"south": {"uv": [6.66667, 13.33334, 6.00001, 15.66667], "texture": "#0"},
				"west": {"uv": [3.33334, 13.66667, 3.66667, 15.33334], "texture": "#0"},
				"up": {"uv": [6.66667, 13.33333, 6.00001, 15.66666], "texture": "#0"},
				"down": {"uv": [6.66667, 13.33334, 6.00001, 15.66667], "texture": "#0"}
			}
		},
		{
			"from": [26.75, 7.3, 7.85],
			"to": [27.75, 8.1, 8.15],
			"faces": {
				"north": {"uv": [3.33334, 10.66668, 3.66667, 11.00001], "texture": "#0"},
				"east": {"uv": [3.33334, 10.66668, 3.66667, 11.00001], "texture": "#0"},
				"south": {"uv": [3.66667, 10.66668, 3.33334, 11.00001], "texture": "#0"},
				"west": {"uv": [3.33334, 10.66667, 3.66667, 11.00001], "texture": "#0"},
				"up": {"uv": [3.66667, 10.66667, 3.33334, 11], "texture": "#0"},
				"down": {"uv": [3.66667, 10.66668, 3.33334, 11.00001], "texture": "#0"}
			}
		},
		{
			"from": [27.1, 6.2, 7.5],
			"to": [30.1, 7.4, 8.7],
			"faces": {
				"north": {"uv": [3.33334, 10.66668, 3.66667, 11.00001], "texture": "#0"},
				"east": {"uv": [3.33334, 10.66668, 3.66667, 11.00001], "texture": "#0"},
				"south": {"uv": [3.66667, 10.66668, 3.33334, 11.00001], "texture": "#0"},
				"west": {"uv": [3.33334, 10.66667, 3.66667, 11.00001], "texture": "#0"},
				"up": {"uv": [3.66667, 10.66667, 3.33334, 11], "texture": "#0"},
				"down": {"uv": [3.66667, 10.66668, 3.33334, 11.00001], "texture": "#0"}
			}
		},
		{
			"from": [-1, 7.3, 7.95],
			"to": [-0.5, 7.8, 8.05],
			"faces": {
				"north": {"uv": [11.00001, 10.66668, 11.66667, 11.00001], "texture": "#0"},
				"east": {"uv": [11.00001, 10.66668, 11.66667, 11.00001], "texture": "#0"},
				"south": {"uv": [11.66667, 10.66668, 11.00001, 11.00001], "texture": "#0"},
				"west": {"uv": [11, 10.66667, 11.66667, 11.00001], "texture": "#0"},
				"up": {"uv": [11.66667, 10.66667, 11.00001, 11], "texture": "#0"},
				"down": {"uv": [11.66667, 10.66668, 11.00001, 11.00001], "texture": "#0"}
			}
		},
		{
			"from": [7, 7.3, 7.6],
			"to": [7.8, 7.45, 8.4],
			"faces": {
				"north": {"uv": [9.00001, 15.00001, 9.33333, 15.33334], "texture": "#0"},
				"east": {"uv": [9.00001, 15.00001, 9.33334, 15.33334], "texture": "#0"},
				"south": {"uv": [9.33333, 15.00001, 9.00001, 15.33334], "texture": "#0"},
				"west": {"uv": [9, 15, 9.33333, 15.33334], "texture": "#0"},
				"up": {"uv": [9.33333, 15, 9.00001, 15.33333], "texture": "#0"},
				"down": {"uv": [9.33333, 15.00001, 9.00001, 15.33334], "texture": "#0"}
			}
		},
		{
			"from": [7, 7.3, 7.7],
			"to": [7.8, 7.95, 7.9],
			"faces": {
				"north": {"uv": [9.00001, 15.00001, 9.33333, 15.33334], "texture": "#0"},
				"east": {"uv": [9.00001, 15.00001, 9.33334, 15.33334], "texture": "#0"},
				"south": {"uv": [9.33333, 15.00001, 9.00001, 15.33334], "texture": "#0"},
				"west": {"uv": [9, 15, 9.33333, 15.33334], "texture": "#0"},
				"up": {"uv": [9.33333, 15, 9.00001, 15.33333], "texture": "#0"},
				"down": {"uv": [9.33333, 15.00001, 9.00001, 15.33334], "texture": "#0"}
			}
		},
		{
			"from": [7, 7.3, 8.1],
			"to": [7.8, 7.95, 8.3],
			"faces": {
				"north": {"uv": [9.00001, 15.00001, 9.33333, 15.33334], "texture": "#0"},
				"east": {"uv": [9.00001, 15.00001, 9.33334, 15.33334], "texture": "#0"},
				"south": {"uv": [9.33333, 15.00001, 9.00001, 15.33334], "texture": "#0"},
				"west": {"uv": [9, 15, 9.33333, 15.33334], "texture": "#0"},
				"up": {"uv": [9.33333, 15, 9.00001, 15.33333], "texture": "#0"},
				"down": {"uv": [9.33333, 15.00001, 9.00001, 15.33334], "texture": "#0"}
			}
		},
		{
			"from": [-4, 3.3, 7.5],
			"to": [9, 4.3, 8.5],
			"faces": {
				"north": {"uv": [9.33334, 12.00001, 13.66667, 12.33334], "texture": "#0"},
				"east": {"uv": [9.33334, 12.00001, 9.66667, 12.33334], "texture": "#0"},
				"south": {"uv": [13.66667, 12.00001, 9.33334, 12.33334], "texture": "#0"},
				"west": {"uv": [13.33334, 12, 13.66667, 12.33334], "texture": "#0"},
				"up": {"uv": [13.66667, 4.33333, 9.33334, 4.66666], "texture": "#0"},
				"down": {"uv": [13.66667, 4.33334, 9.33334, 4.66667], "texture": "#0"}
			}
		},
		{
			"from": [-11, 2.3, 7.5],
			"to": [1, 3.3, 8.5],
			"faces": {
				"north": {"uv": [11.66667, 12.33334, 15.66667, 12.66667], "texture": "#0"},
				"east": {"uv": [11.66667, 12.33334, 12, 12.66667], "texture": "#0"},
				"south": {"uv": [15.66667, 12.33334, 11.66667, 12.66667], "texture": "#0"},
				"west": {"uv": [15.33334, 12.33333, 15.66667, 12.66667], "texture": "#0"},
				"up": {"uv": [15.66667, 4.66667, 11.66667, 5], "texture": "#0"},
				"down": {"uv": [15.66667, 4.66668, 11.66667, 5.00001], "texture": "#0"}
			}
		},
		{
			"from": [-11, 1.3, 7.5],
			"to": [-1, 2.3, 8.5],
			"faces": {
				"north": {"uv": [12.33334, 12.66668, 15.66667, 13.00001], "texture": "#0"},
				"east": {"uv": [12.33334, 12.66668, 12.66667, 13.00001], "texture": "#0"},
				"south": {"uv": [15.66667, 12.66668, 12.33334, 13.00001], "texture": "#0"},
				"west": {"uv": [15.33334, 12.66667, 15.66667, 13.00001], "texture": "#0"},
				"up": {"uv": [15.66667, 12.66667, 12.33334, 13], "texture": "#0"},
				"down": {"uv": [15.66667, 5.00001, 12.33334, 5.33334], "texture": "#0"}
			}
		},
		{
			"from": [-11, 0.3, 7.5],
			"to": [-3, 1.3, 8.5],
			"faces": {
				"north": {"uv": [13.00001, 13.00001, 15.66667, 13.33334], "texture": "#0"},
				"east": {"uv": [13.00001, 13.00001, 13.33334, 13.33334], "texture": "#0"},
				"south": {"uv": [15.66667, 13.00001, 13.00001, 13.33334], "texture": "#0"},
				"west": {"uv": [15.33334, 13, 15.66667, 13.33334], "texture": "#0"},
				"up": {"uv": [15.66667, 13, 13.00001, 13.33333], "texture": "#0"},
				"down": {"uv": [15.66667, 5.33334, 13.00001, 5.66667], "texture": "#0"}
			}
		},
		{
			"from": [-11, -0.7, 7.5],
			"to": [-5, 0.3, 8.5],
			"faces": {
				"north": {"uv": [13.66667, 13.33334, 15.66667, 13.66667], "texture": "#0"},
				"east": {"uv": [13.66667, 13.33334, 14, 13.66667], "texture": "#0"},
				"south": {"uv": [15.66667, 13.33334, 13.66667, 13.66667], "texture": "#0"},
				"west": {"uv": [15.33334, 13.33333, 15.66667, 13.66667], "texture": "#0"},
				"up": {"uv": [15.66667, 13.33333, 13.66667, 13.66666], "texture": "#0"},
				"down": {"uv": [15.66667, 5.66668, 13.66667, 6.00001], "texture": "#0"}
			}
		},
		{
			"from": [-1, 4.3, 7.5],
			"to": [9, 5.3, 8.5],
			"faces": {
				"north": {"uv": [9.33334, 11.66668, 12.66667, 12.00001], "texture": "#0"},
				"east": {"uv": [9.33334, 11.66668, 9.66667, 12.00001], "texture": "#0"},
				"south": {"uv": [12.66667, 11.66668, 9.33334, 12.00001], "texture": "#0"},
				"west": {"uv": [12.33334, 11.66667, 12.66667, 12.00001], "texture": "#0"},
				"up": {"uv": [12.66667, 11.66667, 9.33334, 12], "texture": "#0"},
				"down": {"uv": [12.66667, 11.66668, 9.33334, 12.00001], "texture": "#0"}
			}
		},
		{
			"from": [-1, 5.3, 7.5],
			"to": [21, 6.3, 8.5],
			"faces": {
				"north": {"uv": [5.33334, 11.33334, 12.66667, 11.66667], "texture": "#0"},
				"east": {"uv": [5.33334, 11.33334, 5.66667, 11.66667], "texture": "#0"},
				"south": {"uv": [12.66667, 11.33334, 5.33334, 11.66667], "texture": "#0"},
				"west": {"uv": [12.33334, 11.33333, 12.66667, 11.66667], "texture": "#0"},
				"up": {"uv": [12.66667, 11.33333, 5.33334, 11.66666], "texture": "#0"},
				"down": {"uv": [12.66667, 11.33334, 5.33334, 11.66667], "texture": "#0"}
			}
		},
		{
			"from": [-1, 6.3, 7.5],
			"to": [30, 7.3, 8.5],
			"faces": {
				"north": {"uv": [2.66667, 11.00001, 12.66667, 11.33334], "texture": "#0"},
				"east": {"uv": [2.66667, 11.00001, 3, 11.33334], "texture": "#0"},
				"south": {"uv": [12.66667, 11.00001, 2.66667, 11.33334], "texture": "#0"},
				"west": {"uv": [12.33334, 11, 12.66667, 11.33334], "texture": "#0"},
				"up": {"uv": [12.66667, 11, 2.66667, 11.33333], "texture": "#0"},
				"down": {"uv": [12.66667, 11.00001, 2.66667, 11.33334], "texture": "#0"}
			}
		},
		{
			"from": [3, -0.7, 7.5],
			"to": [5, 1.3, 8.5],
			"faces": {
				"north": {"uv": [10.66667, 13.00001, 11.33333, 13.66667], "texture": "#0"},
				"east": {"uv": [10.66667, 13.00001, 11, 13.66667], "texture": "#0"},
				"south": {"uv": [11.33333, 13.00001, 10.66667, 13.66667], "texture": "#0"},
				"west": {"uv": [11, 13, 11.33333, 13.66667], "texture": "#0"},
				"up": {"uv": [11.33333, 13, 10.66667, 13.33333], "texture": "#0"},
				"down": {"uv": [11.33333, 13.33334, 10.66667, 13.66667], "texture": "#0"}
			}
		},
		{
			"from": [3, 1.3, 7.5],
			"to": [8, 2.3, 8.5],
			"faces": {
				"north": {"uv": [9.66667, 12.66668, 11.33333, 13.00001], "texture": "#0"},
				"east": {"uv": [9.66667, 12.66668, 10, 13.00001], "texture": "#0"},
				"south": {"uv": [11.33333, 12.66668, 9.66667, 13.00001], "texture": "#0"},
				"west": {"uv": [11, 12.66667, 11.33333, 13.00001], "texture": "#0"},
				"up": {"uv": [11.33333, 5, 9.66667, 5.33333], "texture": "#0"},
				"down": {"uv": [11.33333, 12.66668, 9.66667, 13.00001], "texture": "#0"}
			}
		},
		{
			"from": [8, 2.3, 7.5],
			"to": [9, 3.3, 8.5],
			"faces": {
				"north": {"uv": [9.33334, 12.33334, 9.66667, 12.66667], "texture": "#0"},
				"east": {"uv": [9.33334, 12.33334, 9.66667, 12.66667], "texture": "#0"},
				"south": {"uv": [9.66667, 12.33334, 9.33334, 12.66667], "texture": "#0"},
				"west": {"uv": [9.33334, 12.33333, 9.66667, 12.66667], "texture": "#0"},
				"up": {"uv": [9.66667, 12.33333, 9.33334, 12.66666], "texture": "#0"},
				"down": {"uv": [9.66667, 12.33334, 9.33334, 12.66667], "texture": "#0"}
			}
		}
	],
	"gui_light": "front",
	"display": {
		"thirdperson_righthand": {
			"rotation": [0, 90, 0],
			"translation": [0, 3.8, -1],
			"scale": [0.8, 0.8, 0.8]
		},
		"thirdperson_lefthand": {
			"rotation": [0, 90, 0],
			"translation": [0, 3.8, -1],
			"scale": [-0.8, 0.8, -0.8]
		},
		"firstperson_righthand": {
			"rotation": [-118.86, 81.25, 132.25],
			"translation": [-5.2, 4, -1]
		},
		"firstperson_lefthand": {
			"rotation": [-118.86, 81.25, 132.25],
			"translation": [-5.2, 4, -1],
			"scale": [-1, 1, -1]
		},
		"ground": {
			"translation": [0.5, 7, 0],
			"scale": [0.8, 0.8, 0.8]
		},
		"gui": {
			"rotation": [0, 0, -45],
			"translation": [2.5, 4, 0],
			"scale": [-1, 1, -1]
		},
		"head": {
			"rotation": [0, 90, 0],
			"translation": [0, 12.5, -2],
			"scale": [0.7, 0.7, 0.7]
		},
		"fixed": {
			"rotation": [0, 0, 45],
			"translation": [-2.5, 4, -1]
		}
	},
	"groups": [
		{
			"name": "thompson",
			"origin": [0, 0, 0],
			"color": 0,
			"children": []
		},
		0,
		1,
		2,
		3,
		4,
		5,
		6,
		7,
		8,
		9,
		10,
		11,
		12,
		13,
		14,
		15,
		16,
		17,
		18,
		19,
		20,
		21,
		22,
		23,
		{
			"name": "group",
			"origin": [0, 0, 0],
			"color": 0,
			"children": []
		}
	]
}