﻿{
	"credit": "Daswaget",
	"texture_size": [32, 32],
	"textures": {
		"0": "dswg_weapons_plus/tomahawk/tomahawk",
		"particle": "dswg_weapons_plus/tomahawk/tomahawk_particle"
	},
	"elements": [
		{
			"from": [7, 0, 7.5],
			"to": [9, 18, 8.5],
			"faces": {
				"north": {"uv": [7.5, 5, 8.5, 14], "texture": "#0"},
				"east": {"uv": [7.5, 5, 8, 14], "texture": "#0"},
				"south": {"uv": [8.5, 5, 7.5, 14], "texture": "#0"},
				"west": {"uv": [8, 5, 8.5, 14], "texture": "#0"},
				"up": {"uv": [8.5, 5, 7.5, 5.5], "texture": "#0"},
				"down": {"uv": [8.5, 13.5, 7.5, 14], "texture": "#0"}
			}
		},
		{
			"from": [3, 19, 7.5],
			"to": [14, 20, 8.5],
			"faces": {
				"north": {"uv": [5, 4, 10.5, 4.5], "texture": "#0"},
				"east": {"uv": [5, 4, 5.5, 4.5], "texture": "#0"},
				"south": {"uv": [10.5, 4, 5, 4.5], "texture": "#0"},
				"west": {"uv": [10, 4, 10.5, 4.5], "texture": "#0"},
				"up": {"uv": [6, 8, 0.5, 8.5], "texture": "#0"},
				"down": {"uv": [6, 9, 0.5, 9.5], "texture": "#0"}
			}
		},
		{
			"from": [4, 20, 7.5],
			"to": [14, 21, 8.5],
			"faces": {
				"north": {"uv": [5, 3.5, 10, 4], "texture": "#0"},
				"east": {"uv": [5, 3.5, 5.5, 4], "texture": "#0"},
				"south": {"uv": [10, 3.5, 5, 4], "texture": "#0"},
				"west": {"uv": [9.5, 3.5, 10, 4], "texture": "#0"},
				"up": {"uv": [10, 3.5, 5, 4], "texture": "#0"},
				"down": {"uv": [10, 3.5, 5, 4], "texture": "#0"}
			}
		},
		{
			"from": [10, 17, 7.5],
			"to": [14, 18, 8.5],
			"faces": {
				"north": {"uv": [5, 5, 7, 5.5], "texture": "#0"},
				"east": {"uv": [5, 5, 5.5, 5.5], "texture": "#0"},
				"south": {"uv": [7, 5, 5, 5.5], "texture": "#0"},
				"west": {"uv": [6.5, 5, 7, 5.5], "texture": "#0"},
				"up": {"uv": [7, 5, 5, 5.5], "texture": "#0"},
				"down": {"uv": [2.5, 10, 0.5, 10.5], "texture": "#0"}
			}
		},
		{
			"from": [13, 15, 7.5],
			"to": [14, 16, 8.5],
			"faces": {
				"north": {"uv": [5, 6, 5.5, 6.5], "texture": "#0"},
				"east": {"uv": [5, 6, 5.5, 6.5], "texture": "#0"},
				"south": {"uv": [5.5, 6, 5, 6.5], "texture": "#0"},
				"west": {"uv": [5, 6, 5.5, 6.5], "texture": "#0"},
				"up": {"uv": [5.5, 6, 5, 6.5], "texture": "#0"},
				"down": {"uv": [5.5, 6, 5, 6.5], "texture": "#0"}
			}
		},
		{
			"from": [12, 16, 7.5],
			"to": [14, 17, 8.5],
			"faces": {
				"north": {"uv": [5, 5.5, 6, 6], "texture": "#0"},
				"east": {"uv": [5, 5.5, 5.5, 6], "texture": "#0"},
				"south": {"uv": [6, 5.5, 5, 6], "texture": "#0"},
				"west": {"uv": [5.5, 5.5, 6, 6], "texture": "#0"},
				"up": {"uv": [6, 5.5, 5, 6], "texture": "#0"},
				"down": {"uv": [6, 5.5, 5, 6], "texture": "#0"}
			}
		},
		{
			"from": [6, 18, 7.5],
			"to": [14, 19, 8.5],
			"faces": {
				"north": {"uv": [5, 4.5, 9, 5], "texture": "#0"},
				"east": {"uv": [5, 4.5, 5.5, 5], "texture": "#0"},
				"south": {"uv": [9, 4.5, 5, 5], "texture": "#0"},
				"west": {"uv": [8.5, 4.5, 9, 5], "texture": "#0"},
				"up": {"uv": [9, 4.5, 5, 5], "texture": "#0"},
				"down": {"uv": [4.5, 9.5, 0.5, 10], "texture": "#0"}
			}
		}
	],
	"gui_light": "front",
	"display": {
		"thirdperson_righthand": {
			"rotation": [0, 90, 0],
			"translation": [0, 1.25, 1.25],
			"scale": [0.8, 0.8, 0.8]
		},
		"thirdperson_lefthand": {
			"rotation": [0, -90, 0],
			"translation": [0, 1.25, 1.25],
			"scale": [0.8, 0.8, 0.8]
		},
		"firstperson_righthand": {
			"rotation": [0, 97, 19],
			"translation": [1, -0.5, 0],
			"scale": [0.8, 0.8, 0.8]
		},
		"firstperson_lefthand": {
			"rotation": [0, 97, 19],
			"translation": [1, -0.5, 0],
			"scale": [-0.8, 0.8, -0.8]
		},
		"ground": {
			"rotation": [0, 0, 45],
			"translation": [1, 6, 0],
			"scale": [0.8, 0.8, 0.8]
		},
		"gui": {
			"rotation": [0, 0, -45],
			"translation": [-3, -3, 0],
			"scale": [-0.8, 0.8, -0.8]
		},
		"head": {
			"rotation": [0, 90, 0],
			"translation": [0, 0.75, 0],
			"scale": [0.8, 0.8, 0.8]
		},
		"fixed": {
			"rotation": [0, 0, 45],
			"translation": [3.5, -3.5, -0.9]
		}
	},
	"groups": [
		{
			"name": "tomahawk",
			"origin": [0, 0, 0],
			"color": 0,
			"children": []
		},
		0,
		1,
		2,
		3,
		4,
		5,
		6
	]
}