﻿{
	"credit": "Daswaget",
	"texture_size": [32, 32],
	"textures": {
		"0": "dswg_weapons_plus/uzi/uzi",
		"particle": "dswg_weapons_plus/uzi/uzi_particle"
	},
	"elements": [
		{
			"from": [3, 1.5, 7.5],
			"to": [7, 2.5, 8.5],
			"faces": {
				"north": {"uv": [10.00001, 12.33334, 11.33333, 12.66667], "texture": "#0"},
				"east": {"uv": [10.00001, 12.33334, 10.33334, 12.66667], "texture": "#0"},
				"south": {"uv": [11.33333, 12.33334, 10.00001, 12.66667], "texture": "#0"},
				"west": {"uv": [11, 12.33333, 11.33333, 12.66667], "texture": "#0"},
				"up": {"uv": [11.33333, 12.33334, 10.00001, 12.66667], "texture": "#0"},
				"down": {"uv": [11.33333, 12.33334, 10.00001, 12.66667], "texture": "#0"}
			}
		},
		{
			"from": [1, 3.5, 7.5],
			"to": [11, 4.5, 8.5],
			"faces": {
				"north": {"uv": [8.66668, 11.66667, 12, 12], "texture": "#0"},
				"east": {"uv": [8.66668, 11.66667, 9.00001, 12], "texture": "#0"},
				"south": {"uv": [12, 11.66667, 8.66668, 12], "texture": "#0"},
				"west": {"uv": [11.66667, 11.66666, 12, 12], "texture": "#0"},
				"up": {"uv": [12, 11.66667, 8.66668, 12], "texture": "#0"},
				"down": {"uv": [12, 9.66667, 8.66668, 10], "texture": "#0"}
			}
		},
		{
			"from": [-1, 5.5, 7.5],
			"to": [12, 6.5, 8.5],
			"faces": {
				"north": {"uv": [8.33334, 11.00001, 12.66666, 11.33334], "texture": "#0"},
				"east": {"uv": [8.33334, 11.00001, 8.66667, 11.33334], "texture": "#0"},
				"south": {"uv": [7, 11.00001, 2.66668, 11.33334], "texture": "#0"},
				"west": {"uv": [12.33333, 11, 12.66666, 11.33334], "texture": "#0"},
				"up": {"uv": [12.66666, 11.00001, 8.33334, 11.33334], "texture": "#0"},
				"down": {"uv": [12.66666, 11.00001, 8.33334, 11.33334], "texture": "#0"}
			}
		},
		{
			"from": [-1, 6.5, 7.5],
			"to": [12, 7.5, 8.5],
			"faces": {
				"north": {"uv": [8.33334, 10.66667, 12.66666, 11], "texture": "#0"},
				"east": {"uv": [8.33334, 10.66667, 8.66667, 11], "texture": "#0"},
				"south": {"uv": [12.66666, 10.66667, 8.33334, 11], "texture": "#0"},
				"west": {"uv": [12.33333, 10.66666, 12.66666, 11], "texture": "#0"},
				"up": {"uv": [12.66666, 10.66667, 8.33334, 11], "texture": "#0"},
				"down": {"uv": [12.66666, 10.66667, 8.33334, 11], "texture": "#0"}
			}
		},
		{
			"from": [-1, 4.5, 7.5],
			"to": [12, 5.5, 8.5],
			"faces": {
				"north": {"uv": [8.33334, 11.33334, 12.66666, 11.66667], "texture": "#0"},
				"east": {"uv": [8.33334, 11.33334, 8.66667, 11.66667], "texture": "#0"},
				"south": {"uv": [12.66666, 11.33334, 8.33334, 11.66667], "texture": "#0"},
				"west": {"uv": [12.33333, 11.33333, 12.66666, 11.66667], "texture": "#0"},
				"up": {"uv": [12.66666, 11.33334, 8.33334, 11.66667], "texture": "#0"},
				"down": {"uv": [12.66666, 9.33334, 8.33334, 9.66667], "texture": "#0"}
			}
		},
		{
			"from": [3, 2.5, 7.5],
			"to": [6, 3.5, 8.5],
			"faces": {
				"north": {"uv": [10.33334, 12.00001, 11.33333, 12.33334], "texture": "#0"},
				"east": {"uv": [10.33334, 12.00001, 10.66667, 12.33334], "texture": "#0"},
				"south": {"uv": [11.33333, 12.00001, 10.33334, 12.33334], "texture": "#0"},
				"west": {"uv": [11, 12, 11.33333, 12.33334], "texture": "#0"},
				"up": {"uv": [11.33333, 12, 10.33334, 12.33333], "texture": "#0"},
				"down": {"uv": [11.33333, 12.00001, 10.33334, 12.33334], "texture": "#0"}
			}
		},
		{
			"from": [7, 2.5, 7.5],
			"to": [8, 3.5, 8.5],
			"faces": {
				"north": {"uv": [9.66667, 12.00001, 10, 12.33334], "texture": "#0"},
				"east": {"uv": [9.66667, 12.00001, 10, 12.33334], "texture": "#0"},
				"south": {"uv": [10, 12.00001, 9.66667, 12.33334], "texture": "#0"},
				"west": {"uv": [9.66667, 12, 10, 12.33334], "texture": "#0"},
				"up": {"uv": [10, 12, 9.66667, 12.33333], "texture": "#0"},
				"down": {"uv": [10, 12.00001, 9.66667, 12.33334], "texture": "#0"}
			}
		},
		{
			"from": [12, 4.5, 7.5],
			"to": [12.75, 6.5, 8.5],
			"faces": {
				"north": {"uv": [8, 11.00001, 8.33333, 11.66667], "texture": "#0"},
				"east": {"uv": [8, 11.00001, 8.33333, 11.66667], "texture": "#0"},
				"south": {"uv": [8.33333, 11.00001, 8, 11.66667], "texture": "#0"},
				"west": {"uv": [8, 11, 8.33333, 11.66667], "texture": "#0"},
				"up": {"uv": [8.33333, 11, 8, 11.33333], "texture": "#0"},
				"down": {"uv": [8.33333, 11.33334, 8, 11.66667], "texture": "#0"}
			}
		},
		{
			"from": [12.7, 5, 7.5],
			"to": [14.7, 6, 8.5],
			"faces": {
				"north": {"uv": [9.66667, 12.00001, 10, 12.33334], "texture": "#0"},
				"east": {"uv": [9.66667, 12.00001, 10, 12.33334], "texture": "#0"},
				"south": {"uv": [10, 12.00001, 9.66667, 12.33334], "texture": "#0"},
				"west": {"uv": [9.66667, 12, 10, 12.33334], "texture": "#0"},
				"up": {"uv": [10, 12, 9.66667, 12.33333], "texture": "#0"},
				"down": {"uv": [10, 12.00001, 9.66667, 12.33334], "texture": "#0"}
			}
		},
		{
			"from": [11.2, 7.5, 7.6],
			"to": [12, 8.1, 7.8],
			"faces": {
				"north": {"uv": [8.33334, 10.33334, 8.66667, 10.66667], "texture": "#0"},
				"east": {"uv": [8.33334, 10.33334, 8.66667, 10.66667], "texture": "#0"},
				"south": {"uv": [8.66667, 10.33334, 8.33334, 10.66667], "texture": "#0"},
				"west": {"uv": [8.33334, 10.33333, 8.66667, 10.66667], "texture": "#0"},
				"up": {"uv": [8.66667, 10.33333, 8.33334, 10.66666], "texture": "#0"},
				"down": {"uv": [8.66667, 10.33334, 8.33334, 10.66667], "texture": "#0"}
			}
		},
		{
			"from": [11.2, 7.5, 8.2],
			"to": [12, 8.1, 8.4],
			"faces": {
				"north": {"uv": [8.33334, 10.33334, 8.66667, 10.66667], "texture": "#0"},
				"east": {"uv": [8.33334, 10.33334, 8.66667, 10.66667], "texture": "#0"},
				"south": {"uv": [8.66667, 10.33334, 8.33334, 10.66667], "texture": "#0"},
				"west": {"uv": [8.33334, 10.33333, 8.66667, 10.66667], "texture": "#0"},
				"up": {"uv": [8.66667, 10.33333, 8.33334, 10.66666], "texture": "#0"},
				"down": {"uv": [8.66667, 10.33334, 8.33334, 10.66667], "texture": "#0"}
			}
		},
		{
			"from": [-1, 7.5, 7.6],
			"to": [0, 8.1, 7.8],
			"faces": {
				"north": {"uv": [12.33334, 10.33334, 12.66667, 10.66667], "texture": "#0"},
				"east": {"uv": [12.33334, 10.33334, 12.66667, 10.66667], "texture": "#0"},
				"south": {"uv": [12.66667, 10.33334, 12.33334, 10.66667], "texture": "#0"},
				"west": {"uv": [12.33334, 10.33333, 12.66667, 10.66667], "texture": "#0"},
				"up": {"uv": [12.66667, 10.33333, 12.33334, 10.66666], "texture": "#0"},
				"down": {"uv": [12.66667, 10.33334, 12.33334, 10.66667], "texture": "#0"}
			}
		},
		{
			"from": [-1, 7.5, 8.2],
			"to": [0, 8.1, 8.4],
			"faces": {
				"north": {"uv": [12.33334, 10.33334, 12.66667, 10.66667], "texture": "#0"},
				"east": {"uv": [12.33334, 10.33334, 12.66667, 10.66667], "texture": "#0"},
				"south": {"uv": [12.66667, 10.33334, 12.33334, 10.66667], "texture": "#0"},
				"west": {"uv": [12.33334, 10.33333, 12.66667, 10.66667], "texture": "#0"},
				"up": {"uv": [12.66667, 10.33333, 12.33334, 10.66666], "texture": "#0"},
				"down": {"uv": [12.66667, 10.33334, 12.33334, 10.66667], "texture": "#0"}
			}
		},
		{
			"from": [3, -1.5, 7.5],
			"to": [5, 1.5, 8.5],
			"faces": {
				"north": {"uv": [10.66667, 12.66667, 11.33333, 13.66667], "texture": "#0"},
				"east": {"uv": [10.66667, 12.66667, 11, 13.66667], "texture": "#0"},
				"south": {"uv": [11.33333, 12.66667, 10.66667, 13.66667], "texture": "#0"},
				"west": {"uv": [11, 12.66666, 11.33333, 13.66667], "texture": "#0"},
				"up": {"uv": [11.33333, 13, 10.66667, 12.66667], "texture": "#0"},
				"down": {"uv": [11.33333, 13.33334, 10.66667, 13.66667], "texture": "#0"}
			}
		},
		{
			"from": [3.1, -5.4, 7.6],
			"to": [4.9, -1.4, 8.4],
			"faces": {
				"north": {"uv": [10.66667, 13.66667, 11.33333, 15], "texture": "#0"},
				"east": {"uv": [10.66667, 13.66667, 11, 15], "texture": "#0"},
				"south": {"uv": [11.33333, 13.66667, 10.66667, 15], "texture": "#0"},
				"west": {"uv": [11, 13.66666, 11.33333, 15], "texture": "#0"},
				"up": {"uv": [11.33333, 14, 10.66667, 13.66667], "texture": "#0"},
				"down": {"uv": [11.33333, 14.66667, 10.66667, 15], "texture": "#0"}
			}
		},
		{
			"from": [8, 7.5, 7.6],
			"to": [9, 7.9, 7.8],
			"faces": {
				"north": {"uv": [9.33334, 10.33334, 9.66667, 10.66667], "texture": "#0"},
				"east": {"uv": [9.33334, 10.33334, 9.66667, 10.66667], "texture": "#0"},
				"south": {"uv": [9.66667, 10.33334, 9.33334, 10.66667], "texture": "#0"},
				"west": {"uv": [9.33334, 10.33333, 9.66667, 10.66667], "texture": "#0"},
				"up": {"uv": [9.66667, 10.33333, 9.33334, 10.66666], "texture": "#0"},
				"down": {"uv": [9.66667, 10.33334, 9.33334, 10.66667], "texture": "#0"}
			}
		},
		{
			"from": [8, 7.5, 8.2],
			"to": [9, 7.9, 8.4],
			"faces": {
				"north": {"uv": [9.33334, 10.33334, 9.66667, 10.66667], "texture": "#0"},
				"east": {"uv": [9.33334, 10.33334, 9.66667, 10.66667], "texture": "#0"},
				"south": {"uv": [9.66667, 10.33334, 9.33334, 10.66667], "texture": "#0"},
				"west": {"uv": [9.33334, 10.33333, 9.66667, 10.66667], "texture": "#0"},
				"up": {"uv": [9.66667, 10.33333, 9.33334, 10.66666], "texture": "#0"},
				"down": {"uv": [9.66667, 10.33334, 9.33334, 10.66667], "texture": "#0"}
			}
		},
		{
			"from": [8, 7.5, 7.6],
			"to": [9, 7.65, 8.4],
			"faces": {
				"north": {"uv": [9.33334, 10.33334, 9.66667, 10.66667], "texture": "#0"},
				"east": {"uv": [9.33334, 10.33334, 9.66667, 10.66667], "texture": "#0"},
				"south": {"uv": [9.66667, 10.33334, 9.33334, 10.66667], "texture": "#0"},
				"west": {"uv": [9.33334, 10.33333, 9.66667, 10.66667], "texture": "#0"},
				"up": {"uv": [9.66667, 10.33333, 9.33334, 10.66666], "texture": "#0"},
				"down": {"uv": [9.66667, 10.33334, 9.33334, 10.66667], "texture": "#0"}
			}
		}
	],
	"gui_light": "front",
	"display": {
		"thirdperson_righthand": {
			"rotation": [0, 90, 0],
			"translation": [0, 3.65, -1.85],
			"scale": [0.8, 0.8, 0.8]
		},
		"thirdperson_lefthand": {
			"rotation": [0, -90, 0],
			"translation": [0, 3.65, -1.85],
			"scale": [0.8, 0.8, 0.8]
		},
		"firstperson_righthand": {
			"rotation": [0, 75, 0],
			"translation": [-1.5, 6.25, 0]
		},
		"firstperson_lefthand": {
			"rotation": [0, 75, 0],
			"translation": [-1.5, 6.25, 0],
			"scale": [-1, 1, -1]
		},
		"ground": {
			"translation": [3, 8.5, 0],
			"scale": [0.8, 0.8, 0.8]
		},
		"gui": {
			"rotation": [0, 0, -45],
			"translation": [1, 5, 0],
			"scale": [-1, 1, -1]
		},
		"head": {
			"rotation": [0, 90, 0],
			"translation": [0, 10, -2],
			"scale": [0.7, 0.7, 0.7]
		},
		"fixed": {
			"rotation": [0, 0, 45],
			"translation": [-1, 5, -1]
		}
	},
	"groups": [
		{
			"name": "uzi",
			"origin": [0, 0, 0],
			"color": 0,
			"children": []
		},
		0,
		1,
		2,
		3,
		4,
		5,
		6,
		7,
		8,
		9,
		10,
		11,
		12,
		13,
		14,
		{
			"name": "reload",
			"origin": [0, 0, 0],
			"color": 0,
			"children": [15, 16, 17]
		}
	]
}