{
	"credit": "Daswaget",
	"texture_size": [32, 32],
	"textures": {
		"0": "dswg_weapons_plus/weapon_wall_plus/weapon_wall_plus",
		"1": "dswg_weapons_plus/uzi/uzi",
		"particle": "dswg_weapons_plus/weapon_wall_plus/weapon_wall_plus"
	},
	"elements": [
		{
			"from": [5, 15, 7.5],
			"to": [9, 16, 8.5],
			"faces": {
				"north": {"uv": [10.00001, 12.33334, 11.33333, 12.66667], "texture": "#1"},
				"east": {"uv": [10.00001, 12.33334, 10.33334, 12.66667], "texture": "#1"},
				"south": {"uv": [11.33333, 12.33334, 10.00001, 12.66667], "texture": "#1"},
				"west": {"uv": [11, 12.33333, 11.33333, 12.66667], "texture": "#1"},
				"up": {"uv": [11.33333, 12.33334, 10.00001, 12.66667], "texture": "#1"},
				"down": {"uv": [11.33333, 12.33334, 10.00001, 12.66667], "texture": "#1"}
			}
		},
		{
			"from": [3, 17, 7.5],
			"to": [13, 18, 8.5],
			"faces": {
				"north": {"uv": [8.66668, 11.66667, 12, 12], "texture": "#1"},
				"east": {"uv": [8.66668, 11.66667, 9.00001, 12], "texture": "#1"},
				"south": {"uv": [12, 11.66667, 8.66668, 12], "texture": "#1"},
				"west": {"uv": [11.66667, 11.66666, 12, 12], "texture": "#1"},
				"up": {"uv": [12, 11.66667, 8.66668, 12], "texture": "#1"},
				"down": {"uv": [12, 9.66667, 8.66668, 10], "texture": "#1"}
			}
		},
		{
			"from": [1, 19, 7.5],
			"to": [14, 20, 8.5],
			"faces": {
				"north": {"uv": [8.33334, 11.00001, 12.66666, 11.33334], "texture": "#1"},
				"east": {"uv": [8.33334, 11.00001, 8.66667, 11.33334], "texture": "#1"},
				"south": {"uv": [7, 11.00001, 2.66668, 11.33334], "texture": "#1"},
				"west": {"uv": [12.33333, 11, 12.66666, 11.33334], "texture": "#1"},
				"up": {"uv": [12.66666, 11.00001, 8.33334, 11.33334], "texture": "#1"},
				"down": {"uv": [12.66666, 11.00001, 8.33334, 11.33334], "texture": "#1"}
			}
		},
		{
			"from": [1, 20, 7.5],
			"to": [14, 21, 8.5],
			"faces": {
				"north": {"uv": [8.33334, 10.66667, 12.66666, 11], "texture": "#1"},
				"east": {"uv": [8.33334, 10.66667, 8.66667, 11], "texture": "#1"},
				"south": {"uv": [12.66666, 10.66667, 8.33334, 11], "texture": "#1"},
				"west": {"uv": [12.33333, 10.66666, 12.66666, 11], "texture": "#1"},
				"up": {"uv": [12.66666, 10.66667, 8.33334, 11], "texture": "#1"},
				"down": {"uv": [12.66666, 10.66667, 8.33334, 11], "texture": "#1"}
			}
		},
		{
			"from": [1, 18, 7.5],
			"to": [14, 19, 8.5],
			"faces": {
				"north": {"uv": [8.33334, 11.33334, 12.66666, 11.66667], "texture": "#1"},
				"east": {"uv": [8.33334, 11.33334, 8.66667, 11.66667], "texture": "#1"},
				"south": {"uv": [12.66666, 11.33334, 8.33334, 11.66667], "texture": "#1"},
				"west": {"uv": [12.33333, 11.33333, 12.66666, 11.66667], "texture": "#1"},
				"up": {"uv": [12.66666, 11.33334, 8.33334, 11.66667], "texture": "#1"},
				"down": {"uv": [12.66666, 9.33334, 8.33334, 9.66667], "texture": "#1"}
			}
		},
		{
			"from": [5, 16, 7.5],
			"to": [8, 17, 8.5],
			"faces": {
				"north": {"uv": [10.33334, 12.00001, 11.33333, 12.33334], "texture": "#1"},
				"east": {"uv": [10.33334, 12.00001, 10.66667, 12.33334], "texture": "#1"},
				"south": {"uv": [11.33333, 12.00001, 10.33334, 12.33334], "texture": "#1"},
				"west": {"uv": [11, 12, 11.33333, 12.33334], "texture": "#1"},
				"up": {"uv": [11.33333, 12, 10.33334, 12.33333], "texture": "#1"},
				"down": {"uv": [11.33333, 12.00001, 10.33334, 12.33334], "texture": "#1"}
			}
		},
		{
			"from": [9, 16, 7.5],
			"to": [10, 17, 8.5],
			"faces": {
				"north": {"uv": [9.66667, 12.00001, 10, 12.33334], "texture": "#1"},
				"east": {"uv": [9.66667, 12.00001, 10, 12.33334], "texture": "#1"},
				"south": {"uv": [10, 12.00001, 9.66667, 12.33334], "texture": "#1"},
				"west": {"uv": [9.66667, 12, 10, 12.33334], "texture": "#1"},
				"up": {"uv": [10, 12, 9.66667, 12.33333], "texture": "#1"},
				"down": {"uv": [10, 12.00001, 9.66667, 12.33334], "texture": "#1"}
			}
		},
		{
			"from": [14, 18, 7.5],
			"to": [14.75, 20, 8.5],
			"faces": {
				"north": {"uv": [8, 11.00001, 8.33333, 11.66667], "texture": "#1"},
				"east": {"uv": [8, 11.00001, 8.33333, 11.66667], "texture": "#1"},
				"south": {"uv": [8.33333, 11.00001, 8, 11.66667], "texture": "#1"},
				"west": {"uv": [8, 11, 8.33333, 11.66667], "texture": "#1"},
				"up": {"uv": [8.33333, 11, 8, 11.33333], "texture": "#1"},
				"down": {"uv": [8.33333, 11.33334, 8, 11.66667], "texture": "#1"}
			}
		},
		{
			"from": [14.7, 18.5, 7.5],
			"to": [16.7, 19.5, 8.5],
			"faces": {
				"north": {"uv": [9.66667, 12.00001, 10, 12.33334], "texture": "#1"},
				"east": {"uv": [9.66667, 12.00001, 10, 12.33334], "texture": "#1"},
				"south": {"uv": [10, 12.00001, 9.66667, 12.33334], "texture": "#1"},
				"west": {"uv": [9.66667, 12, 10, 12.33334], "texture": "#1"},
				"up": {"uv": [10, 12, 9.66667, 12.33333], "texture": "#1"},
				"down": {"uv": [10, 12.00001, 9.66667, 12.33334], "texture": "#1"}
			}
		},
		{
			"from": [13.2, 21, 7.6],
			"to": [14, 21.6, 7.8],
			"faces": {
				"north": {"uv": [8.33334, 10.33334, 8.66667, 10.66667], "texture": "#1"},
				"east": {"uv": [8.33334, 10.33334, 8.66667, 10.66667], "texture": "#1"},
				"south": {"uv": [8.66667, 10.33334, 8.33334, 10.66667], "texture": "#1"},
				"west": {"uv": [8.33334, 10.33333, 8.66667, 10.66667], "texture": "#1"},
				"up": {"uv": [8.66667, 10.33333, 8.33334, 10.66666], "texture": "#1"},
				"down": {"uv": [8.66667, 10.33334, 8.33334, 10.66667], "texture": "#1"}
			}
		},
		{
			"from": [13.2, 21, 8.2],
			"to": [14, 21.6, 8.4],
			"faces": {
				"north": {"uv": [8.33334, 10.33334, 8.66667, 10.66667], "texture": "#1"},
				"east": {"uv": [8.33334, 10.33334, 8.66667, 10.66667], "texture": "#1"},
				"south": {"uv": [8.66667, 10.33334, 8.33334, 10.66667], "texture": "#1"},
				"west": {"uv": [8.33334, 10.33333, 8.66667, 10.66667], "texture": "#1"},
				"up": {"uv": [8.66667, 10.33333, 8.33334, 10.66666], "texture": "#1"},
				"down": {"uv": [8.66667, 10.33334, 8.33334, 10.66667], "texture": "#1"}
			}
		},
		{
			"from": [1, 21, 7.6],
			"to": [2, 21.6, 7.8],
			"faces": {
				"north": {"uv": [12.33334, 10.33334, 12.66667, 10.66667], "texture": "#1"},
				"east": {"uv": [12.33334, 10.33334, 12.66667, 10.66667], "texture": "#1"},
				"south": {"uv": [12.66667, 10.33334, 12.33334, 10.66667], "texture": "#1"},
				"west": {"uv": [12.33334, 10.33333, 12.66667, 10.66667], "texture": "#1"},
				"up": {"uv": [12.66667, 10.33333, 12.33334, 10.66666], "texture": "#1"},
				"down": {"uv": [12.66667, 10.33334, 12.33334, 10.66667], "texture": "#1"}
			}
		},
		{
			"from": [1, 21, 8.2],
			"to": [2, 21.6, 8.4],
			"faces": {
				"north": {"uv": [12.33334, 10.33334, 12.66667, 10.66667], "texture": "#1"},
				"east": {"uv": [12.33334, 10.33334, 12.66667, 10.66667], "texture": "#1"},
				"south": {"uv": [12.66667, 10.33334, 12.33334, 10.66667], "texture": "#1"},
				"west": {"uv": [12.33334, 10.33333, 12.66667, 10.66667], "texture": "#1"},
				"up": {"uv": [12.66667, 10.33333, 12.33334, 10.66666], "texture": "#1"},
				"down": {"uv": [12.66667, 10.33334, 12.33334, 10.66667], "texture": "#1"}
			}
		},
		{
			"from": [5, 12, 7.5],
			"to": [7, 15, 8.5],
			"faces": {
				"north": {"uv": [10.66667, 12.66667, 11.33333, 13.66667], "texture": "#1"},
				"east": {"uv": [10.66667, 12.66667, 11, 13.66667], "texture": "#1"},
				"south": {"uv": [11.33333, 12.66667, 10.66667, 13.66667], "texture": "#1"},
				"west": {"uv": [11, 12.66666, 11.33333, 13.66667], "texture": "#1"},
				"up": {"uv": [11.33333, 13, 10.66667, 12.66667], "texture": "#1"},
				"down": {"uv": [11.33333, 13.33334, 10.66667, 13.66667], "texture": "#1"}
			}
		},
		{
			"from": [5.1, 8.1, 7.6],
			"to": [6.9, 12.1, 8.4],
			"faces": {
				"north": {"uv": [10.66667, 13.66667, 11.33333, 15], "texture": "#1"},
				"east": {"uv": [10.66667, 13.66667, 11, 15], "texture": "#1"},
				"south": {"uv": [11.33333, 13.66667, 10.66667, 15], "texture": "#1"},
				"west": {"uv": [11, 13.66666, 11.33333, 15], "texture": "#1"},
				"up": {"uv": [11.33333, 14, 10.66667, 13.66667], "texture": "#1"},
				"down": {"uv": [11.33333, 14.66667, 10.66667, 15], "texture": "#1"}
			}
		},
		{
			"from": [10, 21, 7.6],
			"to": [11, 21.4, 7.8],
			"faces": {
				"north": {"uv": [9.33334, 10.33334, 9.66667, 10.66667], "texture": "#1"},
				"east": {"uv": [9.33334, 10.33334, 9.66667, 10.66667], "texture": "#1"},
				"south": {"uv": [9.66667, 10.33334, 9.33334, 10.66667], "texture": "#1"},
				"west": {"uv": [9.33334, 10.33333, 9.66667, 10.66667], "texture": "#1"},
				"up": {"uv": [9.66667, 10.33333, 9.33334, 10.66666], "texture": "#1"},
				"down": {"uv": [9.66667, 10.33334, 9.33334, 10.66667], "texture": "#1"}
			}
		},
		{
			"from": [10, 21, 8.2],
			"to": [11, 21.4, 8.4],
			"faces": {
				"north": {"uv": [9.33334, 10.33334, 9.66667, 10.66667], "texture": "#1"},
				"east": {"uv": [9.33334, 10.33334, 9.66667, 10.66667], "texture": "#1"},
				"south": {"uv": [9.66667, 10.33334, 9.33334, 10.66667], "texture": "#1"},
				"west": {"uv": [9.33334, 10.33333, 9.66667, 10.66667], "texture": "#1"},
				"up": {"uv": [9.66667, 10.33333, 9.33334, 10.66666], "texture": "#1"},
				"down": {"uv": [9.66667, 10.33334, 9.33334, 10.66667], "texture": "#1"}
			}
		},
		{
			"from": [10, 21, 7.6],
			"to": [11, 21.15, 8.4],
			"faces": {
				"north": {"uv": [9.33334, 10.33334, 9.66667, 10.66667], "texture": "#1"},
				"east": {"uv": [9.33334, 10.33334, 9.66667, 10.66667], "texture": "#1"},
				"south": {"uv": [9.66667, 10.33334, 9.33334, 10.66667], "texture": "#1"},
				"west": {"uv": [9.33334, 10.33333, 9.66667, 10.66667], "texture": "#1"},
				"up": {"uv": [9.66667, 10.33333, 9.33334, 10.66666], "texture": "#1"},
				"down": {"uv": [9.66667, 10.33334, 9.33334, 10.66667], "texture": "#1"}
			}
		},
		{
			"from": [-8, 8, 8.5],
			"to": [24, 24, 9.5],
			"faces": {
				"north": {"uv": [0, 2.66667, 10.66667, 8], "texture": "#0"},
				"east": {"uv": [0, 2.66667, 0.33333, 8], "texture": "#0"},
				"south": {"uv": [10.66667, 2.66667, 0, 8], "texture": "#0"},
				"west": {"uv": [10.33333, 2.66667, 10.66667, 8], "texture": "#0"},
				"up": {"uv": [10.66667, 12.66667, 0, 12.33333], "texture": "#0"},
				"down": {"uv": [10.66667, 13, 0, 13.33333], "texture": "#0"}
			}
		},
		{
			"from": [-7, 5, 8.5],
			"to": [23, 8, 9.5],
			"faces": {
				"north": {"uv": [0.33333, 8, 10.33333, 9], "texture": "#0"},
				"east": {"uv": [0.33333, 8, 0.66667, 9], "texture": "#0"},
				"south": {"uv": [10.33333, 8, 0.33333, 9], "texture": "#0"},
				"west": {"uv": [10, 8, 10.33333, 9], "texture": "#0"},
				"down": {"uv": [10.33333, 13.33333, 0.33333, 13.66667], "texture": "#0"}
			}
		},
		{
			"from": [-7, 24, 8.5],
			"to": [23, 27, 9.5],
			"faces": {
				"north": {"uv": [0.33333, 1.66667, 10.33333, 2.66667], "texture": "#0"},
				"east": {"uv": [0.33333, 1.66667, 0.66667, 2.66667], "texture": "#0"},
				"south": {"uv": [10.33333, 1.66667, 0.33333, 2.66667], "texture": "#0"},
				"west": {"uv": [10, 1.66667, 10.33333, 2.66667], "texture": "#0"},
				"up": {"uv": [10.33333, 12.33333, 0.33333, 12], "texture": "#0"}
			}
		},
		{
			"from": [-6, 3, 8.5],
			"to": [22, 5, 9.5],
			"faces": {
				"north": {"uv": [0.66667, 9, 10, 9.66667], "texture": "#0"},
				"east": {"uv": [0.66667, 9, 1, 9.66667], "texture": "#0"},
				"south": {"uv": [10, 9, 0.66667, 9.66667], "texture": "#0"},
				"west": {"uv": [9.66667, 9, 10, 9.66667], "texture": "#0"},
				"down": {"uv": [10, 13.66667, 0.66667, 14], "texture": "#0"}
			}
		},
		{
			"from": [-6, 27, 8.5],
			"to": [22, 29, 9.5],
			"faces": {
				"north": {"uv": [0.66667, 1, 10, 1.66667], "texture": "#0"},
				"east": {"uv": [0.66667, 1, 1, 1.66667], "texture": "#0"},
				"south": {"uv": [10, 1, 0.66667, 1.66667], "texture": "#0"},
				"west": {"uv": [9.66667, 1, 10, 1.66667], "texture": "#0"},
				"up": {"uv": [10, 12, 0.66667, 11.66667], "texture": "#0"}
			}
		},
		{
			"from": [-5, 2, 8.5],
			"to": [21, 3, 9.5],
			"faces": {
				"north": {"uv": [1, 9.66667, 9.66667, 10], "texture": "#0"},
				"east": {"uv": [1, 9.66667, 1.33333, 10], "texture": "#0"},
				"south": {"uv": [9.66667, 9.66667, 1, 10], "texture": "#0"},
				"west": {"uv": [9.33333, 9.66667, 9.66667, 10], "texture": "#0"},
				"down": {"uv": [9.66667, 14, 1, 14.33333], "texture": "#0"}
			}
		},
		{
			"from": [-3, 1, 8.5],
			"to": [19, 2, 9.5],
			"faces": {
				"north": {"uv": [1.66667, 10, 9, 10.33333], "texture": "#0"},
				"east": {"uv": [1.66667, 10, 2, 10.33333], "texture": "#0"},
				"south": {"uv": [9, 10, 1.66667, 10.33333], "texture": "#0"},
				"west": {"uv": [8.66667, 10, 9, 10.33333], "texture": "#0"},
				"down": {"uv": [9, 14.33333, 1.66667, 14.66667], "texture": "#0"}
			}
		},
		{
			"from": [-3, 30, 8.5],
			"to": [19, 31, 9.5],
			"faces": {
				"north": {"uv": [1.66667, 0.33333, 9, 0.66667], "texture": "#0"},
				"east": {"uv": [1.66667, 0.33333, 2, 0.66667], "texture": "#0"},
				"south": {"uv": [9, 0.33333, 1.66667, 0.66667], "texture": "#0"},
				"west": {"uv": [8.66667, 0.33333, 9, 0.66667], "texture": "#0"},
				"up": {"uv": [9, 11.33333, 1.66667, 11], "texture": "#0"}
			}
		},
		{
			"from": [-5, 29, 8.5],
			"to": [21, 30, 9.5],
			"faces": {
				"north": {"uv": [1, 0.66667, 9.66667, 1], "texture": "#0"},
				"east": {"uv": [1, 0.66667, 1.33333, 1], "texture": "#0"},
				"south": {"uv": [9.66667, 0.66667, 1, 1], "texture": "#0"},
				"west": {"uv": [9.33333, 0.66667, 9.66667, 1], "texture": "#0"},
				"up": {"uv": [9.66667, 11.66667, 1, 11.33333], "texture": "#0"}
			}
		},
		{
			"from": [0, 0, 8.5],
			"to": [16, 1, 9.5],
			"faces": {
				"north": {"uv": [2.66667, 10.33333, 8, 10.66667], "texture": "#0"},
				"east": {"uv": [2.66667, 10.33333, 3, 10.66667], "texture": "#0"},
				"south": {"uv": [8, 10.33333, 2.66667, 10.66667], "texture": "#0"},
				"west": {"uv": [7.66667, 10.33333, 8, 10.66667], "texture": "#0"},
				"down": {"uv": [8, 10.33333, 2.66667, 10.66667], "texture": "#0"}
			}
		},
		{
			"from": [0, 31, 8.5],
			"to": [16, 32, 9.5],
			"faces": {
				"north": {"uv": [2.66667, 0, 8, 0.33333], "texture": "#0"},
				"east": {"uv": [2.66667, 0, 3, 0.33333], "texture": "#0"},
				"south": {"uv": [8, 0, 2.66667, 0.33333], "texture": "#0"},
				"west": {"uv": [7.66667, 0, 8, 0.33333], "texture": "#0"},
				"up": {"uv": [8, 0.33333, 2.66667, 0], "texture": "#0"}
			}
		},
		{
			"from": [10.5, 17, 6.5],
			"to": [11.5, 19, 7.5],
			"rotation": {"angle": 0, "axis": "y", "origin": [8, 27.5, 8]},
			"faces": {
				"north": {"uv": [14.66667, 6.66667, 15, 7.33333], "texture": "#0"},
				"east": {"uv": [14.66667, 6.66667, 15, 7.33333], "texture": "#0"},
				"south": {"uv": [14.66667, 6.66667, 15, 7.33333], "texture": "#0"},
				"west": {"uv": [15, 6.66667, 14.66667, 7.33333], "texture": "#0"},
				"up": {"uv": [14.66667, 6.66667, 15, 7], "texture": "#0"},
				"down": {"uv": [14.66667, 7.33333, 15, 7], "texture": "#0"}
			}
		},
		{
			"from": [3.5, 17, 6.5],
			"to": [4.5, 19, 7.5],
			"rotation": {"angle": 0, "axis": "y", "origin": [8, 27.5, 8]},
			"faces": {
				"north": {"uv": [14.66667, 6.66667, 15, 7.33333], "texture": "#0"},
				"east": {"uv": [14.66667, 6.66667, 15, 7.33333], "texture": "#0"},
				"south": {"uv": [14.66667, 6.66667, 15, 7.33333], "texture": "#0"},
				"west": {"uv": [15, 6.66667, 14.66667, 7.33333], "texture": "#0"},
				"up": {"uv": [14.66667, 6.66667, 15, 7], "texture": "#0"},
				"down": {"uv": [14.66667, 7.33333, 15, 7], "texture": "#0"}
			}
		},
		{
			"from": [10.5, 16, 6.5],
			"to": [11.5, 17, 8.5],
			"rotation": {"angle": 0, "axis": "y", "origin": [8, 27.5, 8]},
			"faces": {
				"north": {"uv": [15.33333, 7.33334, 15.66666, 7.66667], "texture": "#0"},
				"east": {"uv": [12, 12, 11.33333, 12.33333], "texture": "#0"},
				"south": {"uv": [15.33333, 7, 15.66666, 7.33333], "texture": "#0"},
				"west": {"uv": [11.33333, 12, 12, 12.33333], "texture": "#0"},
				"up": {"uv": [15.33333, 7.66667, 15.66666, 7], "texture": "#0"},
				"down": {"uv": [15.33333, 7, 15.66666, 7.66667], "texture": "#0"}
			}
		},
		{
			"from": [3.5, 16, 6.5],
			"to": [4.5, 17, 8.5],
			"rotation": {"angle": 0, "axis": "y", "origin": [8, 27.5, 8]},
			"faces": {
				"north": {"uv": [15.33333, 7.33334, 15.66666, 7.66667], "texture": "#0"},
				"east": {"uv": [12, 12, 11.33333, 12.33333], "texture": "#0"},
				"south": {"uv": [15.33333, 7, 15.66666, 7.33333], "texture": "#0"},
				"west": {"uv": [11.33333, 12, 12, 12.33333], "texture": "#0"},
				"up": {"uv": [15.33333, 7.66667, 15.66666, 7], "texture": "#0"},
				"down": {"uv": [15.33333, 7, 15.66666, 7.66667], "texture": "#0"}
			}
		}
	],
	"gui_light": "front",
	"display": {
		"thirdperson_righthand": {
			"rotation": [0, -180, 0],
			"translation": [0, 1.25, 1.25],
			"scale": [0.4, 0.4, 0.4]
		},
		"thirdperson_lefthand": {
			"rotation": [0, -180, 0],
			"translation": [0, 1.25, 1.25],
			"scale": [0.4, 0.4, 0.4]
		},
		"firstperson_righthand": {
			"rotation": [0, 135, 0],
			"translation": [2, -2, 0.5],
			"scale": [0.4, 0.4, 0.4]
		},
		"firstperson_lefthand": {
			"rotation": [0, 135, 0],
			"translation": [2, -2, 0.5],
			"scale": [0.4, 0.4, 0.4]
		},
		"ground": {
			"translation": [0, 1, 0],
			"scale": [0.4, 0.4, 0.4]
		},
		"gui": {
			"translation": [0, -4, 0],
			"scale": [-0.5, 0.5, -0.5]
		},
		"head": {
			"rotation": [90, 0, 0],
			"translation": [0, 7, -4],
			"scale": [0.5, 0.5, 0.5]
		},
		"fixed": {
			"translation": [0, -14.4, -1.9],
			"scale": [1.6, 1.6, 1.6]
		}
	},
	"groups": [
		{
			"name": "weapon",
			"origin": [0, 0, 0],
			"color": 0,
			"children": [0, 1, 2, 3, 4, 5, 6, 7, 8, 9, 10, 11, 12, 13, 14, 15, 16, 17]
		},
		{
			"name": "wall",
			"origin": [0, 0, 0],
			"color": 0,
			"children": [18, 19, 20, 21, 22, 23, 24, 25, 26, 27, 28]
		},
		{
			"name": "wall2",
			"origin": [8, 27.5, 8],
			"color": 0,
			"children": [29, 30, 31, 32]
		}
	]
}