﻿{
	"credit": "Daswaget",
	"texture_size": [32, 32],
	"textures": {
		"0": "dswg_weapons_plus/winchester/winchester"
	},
	"elements": [
		{
			"from": [-7, 3.5, 7.5],
			"to": [18, 4.5, 8.5],
			"rotation": {"angle": 0, "axis": "y", "origin": [8, 4, 8]},
			"faces": {
				"north": {"uv": [6.33334, 12.00001, 14.66666, 12.33334], "texture": "#0"},
				"east": {"uv": [6.33334, 12.00001, 6.66667, 12.33334], "texture": "#0"},
				"south": {"uv": [14.66666, 12.00001, 6.33334, 12.33334], "texture": "#0"},
				"west": {"uv": [14.33333, 12, 14.66666, 12.33334], "texture": "#0"},
				"up": {"uv": [14.66666, 6.66667, 6.33334, 7], "texture": "#0"},
				"down": {"uv": [14.66666, 6.66668, 6.33334, 7.00001], "texture": "#0"}
			}
		},
		{
			"from": [0, 4.5, 7.5],
			"to": [20, 5.5, 8.5],
			"rotation": {"angle": 0, "axis": "y", "origin": [8, 4, 8]},
			"faces": {
				"north": {"uv": [5.66668, 11.66668, 12.33332, 12.00001], "texture": "#0"},
				"east": {"uv": [5.66668, 11.66668, 6.00001, 12.00001], "texture": "#0"},
				"south": {"uv": [12.33332, 11.66668, 5.66668, 12.00001], "texture": "#0"},
				"west": {"uv": [11.99999, 11.66667, 12.33332, 12.00001], "texture": "#0"},
				"up": {"uv": [12.33332, 11.66667, 5.66668, 12], "texture": "#0"},
				"down": {"uv": [12.33332, 6.33334, 5.66668, 6.66667], "texture": "#0"}
			}
		},
		{
			"from": [2, 5.5, 7.5],
			"to": [20, 6.5, 8.5],
			"rotation": {"angle": 0, "axis": "y", "origin": [8, 4, 8]},
			"faces": {
				"north": {"uv": [5.66667, 11.33334, 11.66666, 11.66667], "texture": "#0"},
				"east": {"uv": [5.66667, 11.33334, 6, 11.66667], "texture": "#0"},
				"south": {"uv": [11.66666, 11.33334, 5.66667, 11.66667], "texture": "#0"},
				"west": {"uv": [11.33333, 11.33333, 11.66666, 11.66667], "texture": "#0"},
				"up": {"uv": [11.66666, 6, 5.66667, 6.33333], "texture": "#0"},
				"down": {"uv": [11.66666, 11.33334, 5.66667, 11.66667], "texture": "#0"}
			}
		},
		{
			"from": [20, 6, 7.5],
			"to": [32, 6.5, 8.5],
			"rotation": {"angle": 0, "axis": "y", "origin": [8, 4, 8]},
			"faces": {
				"north": {"uv": [1.66667, 11.33334, 5.66666, 11.66667], "texture": "#0"},
				"east": {"uv": [1.66667, 11.33334, 2, 11.66667], "texture": "#0"},
				"south": {"uv": [5.66666, 11.33334, 1.66667, 11.66667], "texture": "#0"},
				"west": {"uv": [5.33333, 11.33333, 5.66666, 11.66667], "texture": "#0"},
				"up": {"uv": [5.66666, 11.33333, 1.66667, 11.66666], "texture": "#0"},
				"down": {"uv": [5.66666, 11.33334, 1.66667, 11.66667], "texture": "#0"}
			}
		},
		{
			"from": [4, 6.5, 7.5],
			"to": [32, 7.5, 8.5],
			"rotation": {"angle": 0, "axis": "y", "origin": [8, 4, 8]},
			"faces": {
				"north": {"uv": [1.66667, 11.00001, 11, 11.33334], "texture": "#0"},
				"east": {"uv": [1.66667, 11.00001, 2, 11.33334], "texture": "#0"},
				"south": {"uv": [11, 11.00001, 1.66667, 11.33334], "texture": "#0"},
				"west": {"uv": [10.66667, 11, 11, 11.33334], "texture": "#0"},
				"up": {"uv": [11, 11, 1.66667, 11.33333], "texture": "#0"},
				"down": {"uv": [11, 11.00001, 1.66667, 11.33334], "texture": "#0"}
			}
		},
		{
			"from": [29.75, 7.5, 7.9],
			"to": [31, 8.25, 8.1],
			"rotation": {"angle": 0, "axis": "y", "origin": [8, 4, 8]},
			"faces": {
				"north": {"uv": [2, 10.66668, 2.33333, 11.00001], "texture": "#0"},
				"east": {"uv": [2, 10.66668, 2.33333, 11.00001], "texture": "#0"},
				"south": {"uv": [2.33333, 10.66668, 2, 11.00001], "texture": "#0"},
				"west": {"uv": [2, 10.66667, 2.33333, 11.00001], "texture": "#0"},
				"up": {"uv": [2.33333, 10.66667, 2, 11], "texture": "#0"},
				"down": {"uv": [2.33333, 10.66668, 2, 11.00001], "texture": "#0"}
			}
		},
		{
			"from": [-7, 2.5, 7.5],
			"to": [2, 3.5, 8.5],
			"rotation": {"angle": 0, "axis": "y", "origin": [8, 4, 8]},
			"faces": {
				"north": {"uv": [11.66667, 12.33334, 14.66666, 12.66667], "texture": "#0"},
				"east": {"uv": [11.66667, 12.33334, 12, 12.66667], "texture": "#0"},
				"south": {"uv": [14.66666, 12.33334, 11.66667, 12.66667], "texture": "#0"},
				"west": {"uv": [14.33333, 12.33333, 14.66666, 12.66667], "texture": "#0"},
				"up": {"uv": [14.66666, 12.33333, 11.66667, 12.66666], "texture": "#0"},
				"down": {"uv": [14.66666, 7.00001, 11.66667, 7.33334], "texture": "#0"}
			}
		},
		{
			"from": [-7, 1.5, 7.5],
			"to": [0, 2.5, 8.5],
			"rotation": {"angle": 0, "axis": "y", "origin": [8, 4, 8]},
			"faces": {
				"north": {"uv": [12.33334, 12.66668, 14.66666, 13.00001], "texture": "#0"},
				"east": {"uv": [12.33334, 12.66668, 12.66667, 13.00001], "texture": "#0"},
				"south": {"uv": [14.66666, 12.66668, 12.33334, 13.00001], "texture": "#0"},
				"west": {"uv": [14.33333, 12.66667, 14.66666, 13.00001], "texture": "#0"},
				"up": {"uv": [14.66666, 12.66667, 12.33334, 13], "texture": "#0"},
				"down": {"uv": [14.66666, 7.33334, 12.33334, 7.66667], "texture": "#0"}
			}
		},
		{
			"from": [-7, 0.5, 7.5],
			"to": [-1, 1.5, 8.5],
			"rotation": {"angle": 0, "axis": "y", "origin": [8, 4, 8]},
			"faces": {
				"north": {"uv": [12.66667, 13.00001, 14.66666, 13.33334], "texture": "#0"},
				"east": {"uv": [12.66667, 13.00001, 13, 13.33334], "texture": "#0"},
				"south": {"uv": [14.66666, 13.00001, 12.66667, 13.33334], "texture": "#0"},
				"west": {"uv": [14.33333, 13, 14.66666, 13.33334], "texture": "#0"},
				"up": {"uv": [14.66666, 13, 12.66667, 13.33333], "texture": "#0"},
				"down": {"uv": [14.66666, 13.00001, 12.66667, 13.33334], "texture": "#0"}
			}
		},
		{
			"from": [4, 2.5, 7.5],
			"to": [5, 3.5, 8.5],
			"rotation": {"angle": 0, "axis": "y", "origin": [8, 4, 8]},
			"faces": {
				"north": {"uv": [10.66667, 12.33334, 11, 12.66667], "texture": "#0"},
				"east": {"uv": [10.66667, 12.33334, 11, 12.66667], "texture": "#0"},
				"south": {"uv": [11, 12.33334, 10.66667, 12.66667], "texture": "#0"},
				"west": {"uv": [10.66667, 12.33333, 11, 12.66667], "texture": "#0"},
				"up": {"uv": [11, 12.33333, 10.66667, 12.66666], "texture": "#0"},
				"down": {"uv": [11, 12.33334, 10.66667, 12.66667], "texture": "#0"}
			}
		},
		{
			"from": [0.81075, 5.06508, 7.6],
			"to": [2.56075, 5.86508, 8.4],
			"rotation": {"angle": -45, "axis": "z", "origin": [3.5, 5, 8]},
			"faces": {
				"north": {"uv": [12.33334, 14.33334, 13, 14.66667], "texture": "#0"},
				"east": {"uv": [12.33334, 14.33334, 12.66667, 14.66667], "texture": "#0"},
				"south": {"uv": [13, 14.33334, 12.33334, 14.66667], "texture": "#0"},
				"west": {"uv": [12.66667, 14.33333, 13, 14.66667], "texture": "#0"},
				"up": {"uv": [13, 14.33333, 12.33334, 14.66666], "texture": "#0"},
				"down": {"uv": [13, 14.33334, 12.33334, 14.66667], "texture": "#0"}
			}
		},
		{
			"from": [6, 2.5, 7.5],
			"to": [7, 3.5, 8.5],
			"rotation": {"angle": 45, "axis": "z", "origin": [7, 3.5, 8]},
			"faces": {
				"north": {"uv": [10, 14.00001, 10.33333, 14.33334], "texture": "#0"},
				"east": {"uv": [10, 14.00001, 10.33333, 14.33334], "texture": "#0"},
				"south": {"uv": [10.33333, 14.00001, 10, 14.33334], "texture": "#0"},
				"west": {"uv": [10, 14, 10.33333, 14.33334], "texture": "#0"},
				"up": {"uv": [10.33333, 14, 10, 14.33333], "texture": "#0"},
				"down": {"uv": [10.33333, 14.00001, 10, 14.33334], "texture": "#0"}
			}
		},
		{
			"from": [4, 1.5, 7.5],
			"to": [6, 2.5, 8.5],
			"rotation": {"angle": 45, "axis": "z", "origin": [7, 3.5, 8]},
			"faces": {
				"north": {"uv": [10.33334, 14.33334, 11, 14.66667], "texture": "#0"},
				"east": {"uv": [10.33334, 14.33334, 10.66667, 14.66667], "texture": "#0"},
				"south": {"uv": [11, 14.33334, 10.33334, 14.66667], "texture": "#0"},
				"west": {"uv": [10.66667, 14.33333, 11, 14.66667], "texture": "#0"},
				"up": {"uv": [11, 14.33333, 10.33334, 14.66666], "texture": "#0"},
				"down": {"uv": [11, 14.33334, 10.33334, 14.66667], "texture": "#0"}
			}
		},
		{
			"from": [2, 2.5, 7.5],
			"to": [4, 3.5, 8.5],
			"rotation": {"angle": 45, "axis": "z", "origin": [7, 3.5, 8]},
			"faces": {
				"north": {"uv": [11, 14.00001, 11.66666, 14.33334], "texture": "#0"},
				"east": {"uv": [11, 14.00001, 11.33333, 14.33334], "texture": "#0"},
				"south": {"uv": [11.66666, 14.00001, 11, 14.33334], "texture": "#0"},
				"west": {"uv": [11.33333, 14, 11.66666, 14.33334], "texture": "#0"},
				"up": {"uv": [11.66666, 14, 11, 14.33333], "texture": "#0"},
				"down": {"uv": [11.66666, 14.00001, 11, 14.33334], "texture": "#0"}
			}
		},
		{
			"from": [1, 1.5, 7.5],
			"to": [2, 2.5, 8.5],
			"rotation": {"angle": 45, "axis": "z", "origin": [7, 3.5, 8]},
			"faces": {
				"north": {"uv": [11.66667, 14.33334, 12, 14.66667], "texture": "#0"},
				"east": {"uv": [11.66667, 14.33334, 12, 14.66667], "texture": "#0"},
				"south": {"uv": [12, 14.33334, 11.66667, 14.66667], "texture": "#0"},
				"west": {"uv": [11.66667, 14.33333, 12, 14.66667], "texture": "#0"},
				"up": {"uv": [12, 14.33333, 11.66667, 14.66666], "texture": "#0"},
				"down": {"uv": [12, 14.33334, 11.66667, 14.66667], "texture": "#0"}
			}
		},
		{
			"from": [2, 0.5, 7.5],
			"to": [4, 1.5, 8.5],
			"rotation": {"angle": 45, "axis": "z", "origin": [7, 3.5, 8]},
			"faces": {
				"north": {"uv": [11, 14.66667, 11.66666, 15], "texture": "#0"},
				"east": {"uv": [11, 14.66667, 11.33333, 15], "texture": "#0"},
				"south": {"uv": [11.66666, 14.66667, 11, 15], "texture": "#0"},
				"west": {"uv": [11.33333, 14.66666, 11.66666, 15], "texture": "#0"},
				"up": {"uv": [11.66666, 14.66666, 11, 14.99999], "texture": "#0"},
				"down": {"uv": [11.66666, 14.66667, 11, 15], "texture": "#0"}
			}
		}
	],
	"gui_light": "front",
	"display": {
		"thirdperson_righthand": {
			"rotation": [0, 90, 0],
			"translation": [0, 3.65, -2.65],
			"scale": [0.8, 0.8, 0.8]
		},
		"thirdperson_lefthand": {
			"rotation": [0, -90, 0],
			"translation": [0, 3.65, -2.65],
			"scale": [0.8, 0.8, 0.8]
		},
		"firstperson_righthand": {
			"rotation": [0, 75, 0],
			"translation": [-1.5, 6.25, 0]
		},
		"firstperson_lefthand": {
			"rotation": [0, 75, 0],
			"translation": [-1.5, 6.25, 0],
			"scale": [-1, 1, -1]
		},
		"ground": {
			"translation": [0, 8, 0],
			"scale": [0.8, 0.8, 0.8]
		},
		"gui": {
			"rotation": [0, 0, -45],
			"translation": [2.5, 2.5, 0],
			"scale": [-1, 1, -1]
		},
		"head": {
			"rotation": [0, 90, 0],
			"translation": [0, 8.5, -2],
			"scale": [0.7, 0.7, 0.7]
		},
		"fixed": {
			"rotation": [0, 0, 45],
			"translation": [-2.5, 2.5, -1]
		}
	},
	"groups": [
		{
			"name": "winchester",
			"origin": [0, 0, 0],
			"color": 0,
			"children": []
		},
		0,
		1,
		2,
		3,
		4,
		5,
		6,
		7,
		8,
		9,
		10,
		{
			"name": "reload",
			"origin": [8, 4, 8],
			"color": 0,
			"children": [11, 12, 13, 14, 15]
		}
	]
}