{
	"credit": "Daswaget",
	"texture_size": [32, 32],
	"textures": {
		"0": "dswg_weapons_plus/weapon_wall_plus/weapon_wall_plus",
		"1": "dswg_weapons_plus/winchester/winchester",
		"particle": "dswg_weapons_plus/weapon_wall_plus/weapon_wall_plus"
	},
	"elements": [
		{
			"from": [-10, 15, 7.5],
			"to": [15, 16, 8.5],
			"rotation": {"angle": 0, "axis": "y", "origin": [5, 15.5, 8]},
			"faces": {
				"north": {"uv": [6.33334, 12.00001, 14.66666, 12.33334], "texture": "#1"},
				"east": {"uv": [6.33334, 12.00001, 6.66667, 12.33334], "texture": "#1"},
				"south": {"uv": [14.66666, 12.00001, 6.33334, 12.33334], "texture": "#1"},
				"west": {"uv": [14.33333, 12, 14.66666, 12.33334], "texture": "#1"},
				"up": {"uv": [14.66666, 6.66667, 6.33334, 7], "texture": "#1"},
				"down": {"uv": [14.66666, 6.66668, 6.33334, 7.00001], "texture": "#1"}
			}
		},
		{
			"from": [-3, 16, 7.5],
			"to": [17, 17, 8.5],
			"rotation": {"angle": 0, "axis": "y", "origin": [5, 15.5, 8]},
			"faces": {
				"north": {"uv": [5.66668, 11.66668, 12.33332, 12.00001], "texture": "#1"},
				"east": {"uv": [5.66668, 11.66668, 6.00001, 12.00001], "texture": "#1"},
				"south": {"uv": [12.33332, 11.66668, 5.66668, 12.00001], "texture": "#1"},
				"west": {"uv": [11.99999, 11.66667, 12.33332, 12.00001], "texture": "#1"},
				"up": {"uv": [12.33332, 11.66667, 5.66668, 12], "texture": "#1"},
				"down": {"uv": [12.33332, 6.33334, 5.66668, 6.66667], "texture": "#1"}
			}
		},
		{
			"from": [-1, 17, 7.5],
			"to": [17, 18, 8.5],
			"rotation": {"angle": 0, "axis": "y", "origin": [5, 15.5, 8]},
			"faces": {
				"north": {"uv": [5.66667, 11.33334, 11.66666, 11.66667], "texture": "#1"},
				"east": {"uv": [5.66667, 11.33334, 6, 11.66667], "texture": "#1"},
				"south": {"uv": [11.66666, 11.33334, 5.66667, 11.66667], "texture": "#1"},
				"west": {"uv": [11.33333, 11.33333, 11.66666, 11.66667], "texture": "#1"},
				"up": {"uv": [11.66666, 6, 5.66667, 6.33333], "texture": "#1"},
				"down": {"uv": [11.66666, 11.33334, 5.66667, 11.66667], "texture": "#1"}
			}
		},
		{
			"from": [17, 17.5, 7.5],
			"to": [29, 18, 8.5],
			"rotation": {"angle": 0, "axis": "y", "origin": [5, 15.5, 8]},
			"faces": {
				"north": {"uv": [1.66667, 11.33334, 5.66666, 11.66667], "texture": "#1"},
				"east": {"uv": [1.66667, 11.33334, 2, 11.66667], "texture": "#1"},
				"south": {"uv": [5.66666, 11.33334, 1.66667, 11.66667], "texture": "#1"},
				"west": {"uv": [5.33333, 11.33333, 5.66666, 11.66667], "texture": "#1"},
				"up": {"uv": [5.66666, 11.33333, 1.66667, 11.66666], "texture": "#1"},
				"down": {"uv": [5.66666, 11.33334, 1.66667, 11.66667], "texture": "#1"}
			}
		},
		{
			"from": [1, 18, 7.5],
			"to": [29, 19, 8.5],
			"rotation": {"angle": 0, "axis": "y", "origin": [5, 15.5, 8]},
			"faces": {
				"north": {"uv": [1.66667, 11.00001, 11, 11.33334], "texture": "#1"},
				"east": {"uv": [1.66667, 11.00001, 2, 11.33334], "texture": "#1"},
				"south": {"uv": [11, 11.00001, 1.66667, 11.33334], "texture": "#1"},
				"west": {"uv": [10.66667, 11, 11, 11.33334], "texture": "#1"},
				"up": {"uv": [11, 11, 1.66667, 11.33333], "texture": "#1"},
				"down": {"uv": [11, 11.00001, 1.66667, 11.33334], "texture": "#1"}
			}
		},
		{
			"from": [26.75, 19, 7.9],
			"to": [28, 19.75, 8.1],
			"rotation": {"angle": 0, "axis": "y", "origin": [5, 15.5, 8]},
			"faces": {
				"north": {"uv": [2, 10.66668, 2.33333, 11.00001], "texture": "#1"},
				"east": {"uv": [2, 10.66668, 2.33333, 11.00001], "texture": "#1"},
				"south": {"uv": [2.33333, 10.66668, 2, 11.00001], "texture": "#1"},
				"west": {"uv": [2, 10.66667, 2.33333, 11.00001], "texture": "#1"},
				"up": {"uv": [2.33333, 10.66667, 2, 11], "texture": "#1"},
				"down": {"uv": [2.33333, 10.66668, 2, 11.00001], "texture": "#1"}
			}
		},
		{
			"from": [-10, 14, 7.5],
			"to": [-1, 15, 8.5],
			"rotation": {"angle": 0, "axis": "y", "origin": [5, 15.5, 8]},
			"faces": {
				"north": {"uv": [11.66667, 12.33334, 14.66666, 12.66667], "texture": "#1"},
				"east": {"uv": [11.66667, 12.33334, 12, 12.66667], "texture": "#1"},
				"south": {"uv": [14.66666, 12.33334, 11.66667, 12.66667], "texture": "#1"},
				"west": {"uv": [14.33333, 12.33333, 14.66666, 12.66667], "texture": "#1"},
				"up": {"uv": [14.66666, 12.33333, 11.66667, 12.66666], "texture": "#1"},
				"down": {"uv": [14.66666, 7.00001, 11.66667, 7.33334], "texture": "#1"}
			}
		},
		{
			"from": [-10, 13, 7.5],
			"to": [-3, 14, 8.5],
			"rotation": {"angle": 0, "axis": "y", "origin": [5, 15.5, 8]},
			"faces": {
				"north": {"uv": [12.33334, 12.66668, 14.66666, 13.00001], "texture": "#1"},
				"east": {"uv": [12.33334, 12.66668, 12.66667, 13.00001], "texture": "#1"},
				"south": {"uv": [14.66666, 12.66668, 12.33334, 13.00001], "texture": "#1"},
				"west": {"uv": [14.33333, 12.66667, 14.66666, 13.00001], "texture": "#1"},
				"up": {"uv": [14.66666, 12.66667, 12.33334, 13], "texture": "#1"},
				"down": {"uv": [14.66666, 7.33334, 12.33334, 7.66667], "texture": "#1"}
			}
		},
		{
			"from": [-10, 12, 7.5],
			"to": [-4, 13, 8.5],
			"rotation": {"angle": 0, "axis": "y", "origin": [5, 15.5, 8]},
			"faces": {
				"north": {"uv": [12.66667, 13.00001, 14.66666, 13.33334], "texture": "#1"},
				"east": {"uv": [12.66667, 13.00001, 13, 13.33334], "texture": "#1"},
				"south": {"uv": [14.66666, 13.00001, 12.66667, 13.33334], "texture": "#1"},
				"west": {"uv": [14.33333, 13, 14.66666, 13.33334], "texture": "#1"},
				"up": {"uv": [14.66666, 13, 12.66667, 13.33333], "texture": "#1"},
				"down": {"uv": [14.66666, 13.00001, 12.66667, 13.33334], "texture": "#1"}
			}
		},
		{
			"from": [1, 14, 7.5],
			"to": [2, 15, 8.5],
			"rotation": {"angle": 0, "axis": "y", "origin": [5, 15.5, 8]},
			"faces": {
				"north": {"uv": [10.66667, 12.33334, 11, 12.66667], "texture": "#1"},
				"east": {"uv": [10.66667, 12.33334, 11, 12.66667], "texture": "#1"},
				"south": {"uv": [11, 12.33334, 10.66667, 12.66667], "texture": "#1"},
				"west": {"uv": [10.66667, 12.33333, 11, 12.66667], "texture": "#1"},
				"up": {"uv": [11, 12.33333, 10.66667, 12.66666], "texture": "#1"},
				"down": {"uv": [11, 12.33334, 10.66667, 12.66667], "texture": "#1"}
			}
		},
		{
			"from": [-2.18925, 16.56508, 7.6],
			"to": [-0.43925, 17.36508, 8.4],
			"rotation": {"angle": -45, "axis": "z", "origin": [0.5, 16.5, 8]},
			"faces": {
				"north": {"uv": [12.33334, 14.33334, 13, 14.66667], "texture": "#1"},
				"east": {"uv": [12.33334, 14.33334, 12.66667, 14.66667], "texture": "#1"},
				"south": {"uv": [13, 14.33334, 12.33334, 14.66667], "texture": "#1"},
				"west": {"uv": [12.66667, 14.33333, 13, 14.66667], "texture": "#1"},
				"up": {"uv": [13, 14.33333, 12.33334, 14.66666], "texture": "#1"},
				"down": {"uv": [13, 14.33334, 12.33334, 14.66667], "texture": "#1"}
			}
		},
		{
			"from": [3, 14, 7.5],
			"to": [4, 15, 8.5],
			"rotation": {"angle": 0, "axis": "y", "origin": [4, 15, 8]},
			"faces": {
				"north": {"uv": [10, 14.00001, 10.33333, 14.33334], "texture": "#1"},
				"east": {"uv": [10, 14.00001, 10.33333, 14.33334], "texture": "#1"},
				"south": {"uv": [10.33333, 14.00001, 10, 14.33334], "texture": "#1"},
				"west": {"uv": [10, 14, 10.33333, 14.33334], "texture": "#1"},
				"up": {"uv": [10.33333, 14, 10, 14.33333], "texture": "#1"},
				"down": {"uv": [10.33333, 14.00001, 10, 14.33334], "texture": "#1"}
			}
		},
		{
			"from": [1, 13, 7.5],
			"to": [3, 14, 8.5],
			"rotation": {"angle": 0, "axis": "y", "origin": [4, 15, 8]},
			"faces": {
				"north": {"uv": [10.33334, 14.33334, 11, 14.66667], "texture": "#1"},
				"east": {"uv": [10.33334, 14.33334, 10.66667, 14.66667], "texture": "#1"},
				"south": {"uv": [11, 14.33334, 10.33334, 14.66667], "texture": "#1"},
				"west": {"uv": [10.66667, 14.33333, 11, 14.66667], "texture": "#1"},
				"up": {"uv": [11, 14.33333, 10.33334, 14.66666], "texture": "#1"},
				"down": {"uv": [11, 14.33334, 10.33334, 14.66667], "texture": "#1"}
			}
		},
		{
			"from": [-1, 14, 7.5],
			"to": [1, 15, 8.5],
			"rotation": {"angle": 0, "axis": "y", "origin": [4, 15, 8]},
			"faces": {
				"north": {"uv": [11, 14.00001, 11.66666, 14.33334], "texture": "#1"},
				"east": {"uv": [11, 14.00001, 11.33333, 14.33334], "texture": "#1"},
				"south": {"uv": [11.66666, 14.00001, 11, 14.33334], "texture": "#1"},
				"west": {"uv": [11.33333, 14, 11.66666, 14.33334], "texture": "#1"},
				"up": {"uv": [11.66666, 14, 11, 14.33333], "texture": "#1"},
				"down": {"uv": [11.66666, 14.00001, 11, 14.33334], "texture": "#1"}
			}
		},
		{
			"from": [-2, 13, 7.5],
			"to": [-1, 14, 8.5],
			"rotation": {"angle": 0, "axis": "y", "origin": [4, 15, 8]},
			"faces": {
				"north": {"uv": [11.66667, 14.33334, 12, 14.66667], "texture": "#1"},
				"east": {"uv": [11.66667, 14.33334, 12, 14.66667], "texture": "#1"},
				"south": {"uv": [12, 14.33334, 11.66667, 14.66667], "texture": "#1"},
				"west": {"uv": [11.66667, 14.33333, 12, 14.66667], "texture": "#1"},
				"up": {"uv": [12, 14.33333, 11.66667, 14.66666], "texture": "#1"},
				"down": {"uv": [12, 14.33334, 11.66667, 14.66667], "texture": "#1"}
			}
		},
		{
			"from": [-1, 12, 7.5],
			"to": [1, 13, 8.5],
			"rotation": {"angle": 0, "axis": "y", "origin": [4, 15, 8]},
			"faces": {
				"north": {"uv": [11, 14.66667, 11.66666, 15], "texture": "#1"},
				"east": {"uv": [11, 14.66667, 11.33333, 15], "texture": "#1"},
				"south": {"uv": [11.66666, 14.66667, 11, 15], "texture": "#1"},
				"west": {"uv": [11.33333, 14.66666, 11.66666, 15], "texture": "#1"},
				"up": {"uv": [11.66666, 14.66666, 11, 14.99999], "texture": "#1"},
				"down": {"uv": [11.66666, 14.66667, 11, 15], "texture": "#1"}
			}
		},
		{
			"from": [-8, 8, 8.5],
			"to": [24, 24, 9.5],
			"faces": {
				"north": {"uv": [0, 2.66667, 10.66667, 8], "texture": "#0"},
				"east": {"uv": [0, 2.66667, 0.33333, 8], "texture": "#0"},
				"south": {"uv": [10.66667, 2.66667, 0, 8], "texture": "#0"},
				"west": {"uv": [10.33333, 2.66667, 10.66667, 8], "texture": "#0"},
				"up": {"uv": [10.66667, 12.66667, 0, 12.33333], "texture": "#0"},
				"down": {"uv": [10.66667, 13, 0, 13.33333], "texture": "#0"}
			}
		},
		{
			"from": [-7, 5, 8.5],
			"to": [23, 8, 9.5],
			"faces": {
				"north": {"uv": [0.33333, 8, 10.33333, 9], "texture": "#0"},
				"east": {"uv": [0.33333, 8, 0.66667, 9], "texture": "#0"},
				"south": {"uv": [10.33333, 8, 0.33333, 9], "texture": "#0"},
				"west": {"uv": [10, 8, 10.33333, 9], "texture": "#0"},
				"down": {"uv": [10.33333, 13.33333, 0.33333, 13.66667], "texture": "#0"}
			}
		},
		{
			"from": [-7, 24, 8.5],
			"to": [23, 27, 9.5],
			"faces": {
				"north": {"uv": [0.33333, 1.66667, 10.33333, 2.66667], "texture": "#0"},
				"east": {"uv": [0.33333, 1.66667, 0.66667, 2.66667], "texture": "#0"},
				"south": {"uv": [10.33333, 1.66667, 0.33333, 2.66667], "texture": "#0"},
				"west": {"uv": [10, 1.66667, 10.33333, 2.66667], "texture": "#0"},
				"up": {"uv": [10.33333, 12.33333, 0.33333, 12], "texture": "#0"}
			}
		},
		{
			"from": [-6, 3, 8.5],
			"to": [22, 5, 9.5],
			"faces": {
				"north": {"uv": [0.66667, 9, 10, 9.66667], "texture": "#0"},
				"east": {"uv": [0.66667, 9, 1, 9.66667], "texture": "#0"},
				"south": {"uv": [10, 9, 0.66667, 9.66667], "texture": "#0"},
				"west": {"uv": [9.66667, 9, 10, 9.66667], "texture": "#0"},
				"down": {"uv": [10, 13.66667, 0.66667, 14], "texture": "#0"}
			}
		},
		{
			"from": [-6, 27, 8.5],
			"to": [22, 29, 9.5],
			"faces": {
				"north": {"uv": [0.66667, 1, 10, 1.66667], "texture": "#0"},
				"east": {"uv": [0.66667, 1, 1, 1.66667], "texture": "#0"},
				"south": {"uv": [10, 1, 0.66667, 1.66667], "texture": "#0"},
				"west": {"uv": [9.66667, 1, 10, 1.66667], "texture": "#0"},
				"up": {"uv": [10, 12, 0.66667, 11.66667], "texture": "#0"}
			}
		},
		{
			"from": [-5, 2, 8.5],
			"to": [21, 3, 9.5],
			"faces": {
				"north": {"uv": [1, 9.66667, 9.66667, 10], "texture": "#0"},
				"east": {"uv": [1, 9.66667, 1.33333, 10], "texture": "#0"},
				"south": {"uv": [9.66667, 9.66667, 1, 10], "texture": "#0"},
				"west": {"uv": [9.33333, 9.66667, 9.66667, 10], "texture": "#0"},
				"down": {"uv": [9.66667, 14, 1, 14.33333], "texture": "#0"}
			}
		},
		{
			"from": [-3, 1, 8.5],
			"to": [19, 2, 9.5],
			"faces": {
				"north": {"uv": [1.66667, 10, 9, 10.33333], "texture": "#0"},
				"east": {"uv": [1.66667, 10, 2, 10.33333], "texture": "#0"},
				"south": {"uv": [9, 10, 1.66667, 10.33333], "texture": "#0"},
				"west": {"uv": [8.66667, 10, 9, 10.33333], "texture": "#0"},
				"down": {"uv": [9, 14.33333, 1.66667, 14.66667], "texture": "#0"}
			}
		},
		{
			"from": [-3, 30, 8.5],
			"to": [19, 31, 9.5],
			"faces": {
				"north": {"uv": [1.66667, 0.33333, 9, 0.66667], "texture": "#0"},
				"east": {"uv": [1.66667, 0.33333, 2, 0.66667], "texture": "#0"},
				"south": {"uv": [9, 0.33333, 1.66667, 0.66667], "texture": "#0"},
				"west": {"uv": [8.66667, 0.33333, 9, 0.66667], "texture": "#0"},
				"up": {"uv": [9, 11.33333, 1.66667, 11], "texture": "#0"}
			}
		},
		{
			"from": [-5, 29, 8.5],
			"to": [21, 30, 9.5],
			"faces": {
				"north": {"uv": [1, 0.66667, 9.66667, 1], "texture": "#0"},
				"east": {"uv": [1, 0.66667, 1.33333, 1], "texture": "#0"},
				"south": {"uv": [9.66667, 0.66667, 1, 1], "texture": "#0"},
				"west": {"uv": [9.33333, 0.66667, 9.66667, 1], "texture": "#0"},
				"up": {"uv": [9.66667, 11.66667, 1, 11.33333], "texture": "#0"}
			}
		},
		{
			"from": [0, 0, 8.5],
			"to": [16, 1, 9.5],
			"faces": {
				"north": {"uv": [2.66667, 10.33333, 8, 10.66667], "texture": "#0"},
				"east": {"uv": [2.66667, 10.33333, 3, 10.66667], "texture": "#0"},
				"south": {"uv": [8, 10.33333, 2.66667, 10.66667], "texture": "#0"},
				"west": {"uv": [7.66667, 10.33333, 8, 10.66667], "texture": "#0"},
				"down": {"uv": [8, 10.33333, 2.66667, 10.66667], "texture": "#0"}
			}
		},
		{
			"from": [0, 31, 8.5],
			"to": [16, 32, 9.5],
			"faces": {
				"north": {"uv": [2.66667, 0, 8, 0.33333], "texture": "#0"},
				"east": {"uv": [2.66667, 0, 3, 0.33333], "texture": "#0"},
				"south": {"uv": [8, 0, 2.66667, 0.33333], "texture": "#0"},
				"west": {"uv": [7.66667, 0, 8, 0.33333], "texture": "#0"},
				"up": {"uv": [8, 0.33333, 2.66667, 0], "texture": "#0"}
			}
		},
		{
			"from": [7.5, 27, 7.5],
			"to": [8.5, 28, 8.5],
			"rotation": {"angle": 45, "axis": "z", "origin": [8, 27.5, 8]},
			"faces": {
				"north": {"uv": [14, 1.66667, 14.33333, 2], "texture": "#0"},
				"east": {"uv": [14, 1.66667, 14.33333, 2], "texture": "#0"},
				"south": {"uv": [14, 1.66667, 14.33333, 2], "texture": "#0"},
				"west": {"uv": [14, 1.66667, 14.33333, 2], "texture": "#0"},
				"up": {"uv": [14, 1.66667, 14.33333, 2], "texture": "#0"},
				"down": {"uv": [14, 1.66667, 14.33333, 2], "texture": "#0"}
			}
		},
		{
			"from": [8.5, 24, 7.75],
			"to": [9.5, 28, 8.5],
			"rotation": {"angle": 45, "axis": "z", "origin": [8, 27.5, 8]},
			"faces": {
				"north": {"uv": [12, 0.66667, 12.33333, 2], "texture": "#0"},
				"east": {"uv": [12, 0.66667, 12.33333, 2], "texture": "#0"},
				"south": {"uv": [12, 0.66667, 12.33333, 2], "texture": "#0"},
				"west": {"uv": [12, 0.66667, 12.33333, 2], "texture": "#0"},
				"up": {"uv": [12, 0.66667, 12.33333, 1], "texture": "#0"},
				"down": {"uv": [12, 1.66667, 12.33333, 2], "texture": "#0"}
			}
		},
		{
			"from": [4.5, 28, 7.75],
			"to": [8.5, 29, 8.5],
			"rotation": {"angle": 45, "axis": "z", "origin": [8, 27.5, 8]},
			"faces": {
				"north": {"uv": [12.66667, 3, 11.33333, 3.33333], "texture": "#0"},
				"east": {"uv": [12.33333, 3, 12.66667, 3.33333], "texture": "#0"},
				"south": {"uv": [11.33333, 3, 12.66667, 3.33333], "texture": "#0"},
				"west": {"uv": [11.33333, 3, 11.66667, 3.33333], "texture": "#0"},
				"up": {"uv": [11.33333, 3, 12.66667, 3.33333], "texture": "#0"},
				"down": {"uv": [11.33333, 3, 12.66667, 3.33333], "texture": "#0"}
			}
		},
		{
			"from": [0.5, 27, 7.75],
			"to": [4.5, 28, 8.5],
			"rotation": {"angle": 45, "axis": "z", "origin": [8, 27.5, 8]},
			"faces": {
				"north": {"uv": [12.66667, 3, 11.33333, 3.33333], "texture": "#0"},
				"east": {"uv": [12.33333, 3, 12.66667, 3.33333], "texture": "#0"},
				"south": {"uv": [11.33333, 3, 12.66667, 3.33333], "texture": "#0"},
				"west": {"uv": [11.33333, 3, 11.66667, 3.33333], "texture": "#0"},
				"up": {"uv": [11.33333, 3, 12.66667, 3.33333], "texture": "#0"},
				"down": {"uv": [11.33333, 3, 12.66667, 3.33333], "texture": "#0"}
			}
		},
		{
			"from": [-2.5, 26, 7.75],
			"to": [0.5, 27, 8.5],
			"rotation": {"angle": 45, "axis": "z", "origin": [8, 27.5, 8]},
			"faces": {
				"north": {"uv": [12.33334, 3.66667, 11.33333, 4], "texture": "#0"},
				"east": {"uv": [12, 3.66667, 12.33334, 4], "texture": "#0"},
				"south": {"uv": [11.33333, 3.66667, 12.33334, 4], "texture": "#0"},
				"west": {"uv": [11.33333, 3.66667, 11.66667, 4], "texture": "#0"},
				"up": {"uv": [11.33333, 3.66667, 12.33334, 4], "texture": "#0"},
				"down": {"uv": [11.33333, 3.66667, 12.33334, 4], "texture": "#0"}
			}
		},
		{
			"from": [7.5, 20, 7.75],
			"to": [8.5, 24, 8.5],
			"rotation": {"angle": 45, "axis": "z", "origin": [8, 27.5, 8]},
			"faces": {
				"north": {"uv": [12, 0.66667, 12.33333, 2], "texture": "#0"},
				"east": {"uv": [12, 0.66667, 12.33333, 2], "texture": "#0"},
				"south": {"uv": [12, 0.66667, 12.33333, 2], "texture": "#0"},
				"west": {"uv": [12, 0.66667, 12.33333, 2], "texture": "#0"},
				"up": {"uv": [12, 0.66667, 12.33333, 1], "texture": "#0"},
				"down": {"uv": [12, 1.66667, 12.33333, 2], "texture": "#0"}
			}
		},
		{
			"from": [6.5, 17, 7.75],
			"to": [7.5, 20, 8.5],
			"rotation": {"angle": 45, "axis": "z", "origin": [8, 27.5, 8]},
			"faces": {
				"north": {"uv": [12.66667, 1, 13, 2], "texture": "#0"},
				"east": {"uv": [12.66667, 1, 13, 2], "texture": "#0"},
				"south": {"uv": [12.66667, 1, 13, 2], "texture": "#0"},
				"west": {"uv": [12.66667, 1, 13, 2], "texture": "#0"},
				"up": {"uv": [12.66667, 1, 13, 1.33333], "texture": "#0"},
				"down": {"uv": [12.66667, 1.66667, 13, 2], "texture": "#0"}
			}
		}
	],
	"gui_light": "front",
	"display": {
		"thirdperson_righthand": {
			"rotation": [0, -180, 0],
			"translation": [0, 1.25, 1.25],
			"scale": [0.4, 0.4, 0.4]
		},
		"thirdperson_lefthand": {
			"rotation": [0, -180, 0],
			"translation": [0, 1.25, 1.25],
			"scale": [0.4, 0.4, 0.4]
		},
		"firstperson_righthand": {
			"rotation": [0, 135, 0],
			"translation": [2, -2, 0.5],
			"scale": [0.4, 0.4, 0.4]
		},
		"firstperson_lefthand": {
			"rotation": [0, 135, 0],
			"translation": [2, -2, 0.5],
			"scale": [0.4, 0.4, 0.4]
		},
		"ground": {
			"translation": [0, 1, 0],
			"scale": [0.4, 0.4, 0.4]
		},
		"gui": {
			"translation": [0, -4, 0],
			"scale": [-0.5, 0.5, -0.5]
		},
		"head": {
			"rotation": [90, 0, 0],
			"translation": [0, 7, -4],
			"scale": [0.5, 0.5, 0.5]
		},
		"fixed": {
			"translation": [0, -14.4, -1.9],
			"scale": [1.6, 1.6, 1.6]
		}
	},
	"groups": [
		{
			"name": "weapon",
			"origin": [8, 8, 8],
			"color": 0,
			"children": [0, 1, 2, 3, 4, 5, 6, 7, 8, 9, 10, 11, 12, 13, 14, 15]
		},
		{
			"name": "wall",
			"origin": [0, 0, 0],
			"color": 0,
			"children": [16, 17, 18, 19, 20, 21, 22, 23, 24, 25, 26]
		},
		{
			"name": "wall2",
			"origin": [8, 27.5, 8],
			"color": 0,
			"children": [27, 28, 29, 30, 31, 32, 33]
		}
	]
}