{
	"credit": "Daswaget",
	"texture_size": [32, 32],
	"textures": {
		"0": "dswg_weapons_plus/winchester/winchester"
	},
	"elements": [
		{
			"from": [-1, 7, 7.5],
			"to": [24, 8, 8.5],
			"rotation": {"angle": 0, "axis": "y", "origin": [9, 7.5, 8]},
			"faces": {
				"north": {"uv": [14.66666, 12.00001, 6.33334, 12.33334], "texture": "#0"},
				"east": {"uv": [14.33333, 12, 14.66666, 12.33334], "texture": "#0"},
				"south": {"uv": [6.33334, 12.00001, 14.66666, 12.33334], "texture": "#0"},
				"west": {"uv": [6.33334, 12.00001, 6.66667, 12.33334], "texture": "#0"},
				"up": {"uv": [14.66666, 6.66667, 6.33334, 7], "rotation": 180, "texture": "#0"},
				"down": {"uv": [14.66666, 6.66668, 6.33334, 7.00001], "rotation": 180, "texture": "#0"}
			}
		},
		{
			"from": [-3, 8, 7.5],
			"to": [17, 9, 8.5],
			"rotation": {"angle": 0, "axis": "y", "origin": [9, 7.5, 8]},
			"faces": {
				"north": {"uv": [12.33332, 11.66668, 5.66668, 12.00001], "texture": "#0"},
				"east": {"uv": [11.99999, 11.66667, 12.33332, 12.00001], "texture": "#0"},
				"south": {"uv": [5.66668, 11.66668, 12.33332, 12.00001], "texture": "#0"},
				"west": {"uv": [5.66668, 11.66668, 6.00001, 12.00001], "texture": "#0"},
				"up": {"uv": [12.33332, 11.66667, 5.66668, 12], "rotation": 180, "texture": "#0"},
				"down": {"uv": [12.33332, 6.33334, 5.66668, 6.66667], "rotation": 180, "texture": "#0"}
			}
		},
		{
			"from": [-3, 9, 7.5],
			"to": [15, 10, 8.5],
			"rotation": {"angle": 0, "axis": "y", "origin": [9, 7.5, 8]},
			"faces": {
				"north": {"uv": [11.66666, 11.33334, 5.66667, 11.66667], "texture": "#0"},
				"east": {"uv": [11.33333, 11.33333, 11.66666, 11.66667], "texture": "#0"},
				"south": {"uv": [5.66667, 11.33334, 11.66666, 11.66667], "texture": "#0"},
				"west": {"uv": [5.66667, 11.33334, 6, 11.66667], "texture": "#0"},
				"up": {"uv": [11.66666, 6, 5.66667, 6.33333], "rotation": 180, "texture": "#0"},
				"down": {"uv": [11.66666, 11.33334, 5.66667, 11.66667], "rotation": 180, "texture": "#0"}
			}
		},
		{
			"from": [-15, 9.5, 7.5],
			"to": [-3, 10, 8.5],
			"rotation": {"angle": 0, "axis": "y", "origin": [9, 7.5, 8]},
			"faces": {
				"north": {"uv": [5.66666, 11.33334, 1.66667, 11.66667], "texture": "#0"},
				"east": {"uv": [5.33333, 11.33333, 5.66666, 11.66667], "texture": "#0"},
				"south": {"uv": [1.66667, 11.33334, 5.66666, 11.66667], "texture": "#0"},
				"west": {"uv": [1.66667, 11.33334, 2, 11.66667], "texture": "#0"},
				"up": {"uv": [5.66666, 11.33333, 1.66667, 11.66666], "rotation": 180, "texture": "#0"},
				"down": {"uv": [5.66666, 11.33334, 1.66667, 11.66667], "rotation": 180, "texture": "#0"}
			}
		},
		{
			"from": [-15, 10, 7.5],
			"to": [13, 11, 8.5],
			"rotation": {"angle": 0, "axis": "y", "origin": [9, 7.5, 8]},
			"faces": {
				"north": {"uv": [11, 11.00001, 1.66667, 11.33334], "texture": "#0"},
				"east": {"uv": [10.66667, 11, 11, 11.33334], "texture": "#0"},
				"south": {"uv": [1.66667, 11.00001, 11, 11.33334], "texture": "#0"},
				"west": {"uv": [1.66667, 11.00001, 2, 11.33334], "texture": "#0"},
				"up": {"uv": [11, 11, 1.66667, 11.33333], "rotation": 180, "texture": "#0"},
				"down": {"uv": [11, 11.00001, 1.66667, 11.33334], "rotation": 180, "texture": "#0"}
			}
		},
		{
			"from": [-14, 11, 7.9],
			"to": [-12.75, 11.75, 8.1],
			"rotation": {"angle": 0, "axis": "y", "origin": [9, 7.5, 8]},
			"faces": {
				"north": {"uv": [2.33333, 10.66668, 2, 11.00001], "texture": "#0"},
				"east": {"uv": [2, 10.66667, 2.33333, 11.00001], "texture": "#0"},
				"south": {"uv": [2, 10.66668, 2.33333, 11.00001], "texture": "#0"},
				"west": {"uv": [2, 10.66668, 2.33333, 11.00001], "texture": "#0"},
				"up": {"uv": [2.33333, 10.66667, 2, 11], "rotation": 180, "texture": "#0"},
				"down": {"uv": [2.33333, 10.66668, 2, 11.00001], "rotation": 180, "texture": "#0"}
			}
		},
		{
			"from": [15, 6, 7.5],
			"to": [24, 7, 8.5],
			"rotation": {"angle": 0, "axis": "y", "origin": [9, 7.5, 8]},
			"faces": {
				"north": {"uv": [14.66666, 12.33334, 11.66667, 12.66667], "texture": "#0"},
				"east": {"uv": [14.33333, 12.33333, 14.66666, 12.66667], "texture": "#0"},
				"south": {"uv": [11.66667, 12.33334, 14.66666, 12.66667], "texture": "#0"},
				"west": {"uv": [11.66667, 12.33334, 12, 12.66667], "texture": "#0"},
				"up": {"uv": [14.66666, 12.33333, 11.66667, 12.66666], "rotation": 180, "texture": "#0"},
				"down": {"uv": [14.66666, 7.00001, 11.66667, 7.33334], "rotation": 180, "texture": "#0"}
			}
		},
		{
			"from": [17, 5, 7.5],
			"to": [24, 6, 8.5],
			"rotation": {"angle": 0, "axis": "y", "origin": [9, 7.5, 8]},
			"faces": {
				"north": {"uv": [14.66666, 12.66668, 12.33334, 13.00001], "texture": "#0"},
				"east": {"uv": [14.33333, 12.66667, 14.66666, 13.00001], "texture": "#0"},
				"south": {"uv": [12.33334, 12.66668, 14.66666, 13.00001], "texture": "#0"},
				"west": {"uv": [12.33334, 12.66668, 12.66667, 13.00001], "texture": "#0"},
				"up": {"uv": [14.66666, 12.66667, 12.33334, 13], "rotation": 180, "texture": "#0"},
				"down": {"uv": [14.66666, 7.33334, 12.33334, 7.66667], "rotation": 180, "texture": "#0"}
			}
		},
		{
			"from": [18, 4, 7.5],
			"to": [24, 5, 8.5],
			"rotation": {"angle": 0, "axis": "y", "origin": [9, 7.5, 8]},
			"faces": {
				"north": {"uv": [14.66666, 13.00001, 12.66667, 13.33334], "texture": "#0"},
				"east": {"uv": [14.33333, 13, 14.66666, 13.33334], "texture": "#0"},
				"south": {"uv": [12.66667, 13.00001, 14.66666, 13.33334], "texture": "#0"},
				"west": {"uv": [12.66667, 13.00001, 13, 13.33334], "texture": "#0"},
				"up": {"uv": [14.66666, 13, 12.66667, 13.33333], "rotation": 180, "texture": "#0"},
				"down": {"uv": [14.66666, 13.00001, 12.66667, 13.33334], "rotation": 180, "texture": "#0"}
			}
		},
		{
			"from": [12, 6, 7.5],
			"to": [13, 7, 8.5],
			"rotation": {"angle": 0, "axis": "y", "origin": [9, 7.5, 8]},
			"faces": {
				"north": {"uv": [11, 12.33334, 10.66667, 12.66667], "texture": "#0"},
				"east": {"uv": [10.66667, 12.33333, 11, 12.66667], "texture": "#0"},
				"south": {"uv": [10.66667, 12.33334, 11, 12.66667], "texture": "#0"},
				"west": {"uv": [10.66667, 12.33334, 11, 12.66667], "texture": "#0"},
				"up": {"uv": [11, 12.33333, 10.66667, 12.66666], "rotation": 180, "texture": "#0"},
				"down": {"uv": [11, 12.33334, 10.66667, 12.66667], "rotation": 180, "texture": "#0"}
			}
		},
		{
			"from": [13.86425, 5.16508, 7.6],
			"to": [15.61425, 5.96508, 8.4],
			"rotation": {"angle": 22.5, "axis": "z", "origin": [4.5, 8.5, 8]},
			"faces": {
				"north": {"uv": [13, 14.33334, 12.33334, 14.66667], "texture": "#0"},
				"east": {"uv": [12.66667, 14.33333, 13, 14.66667], "texture": "#0"},
				"south": {"uv": [12.33334, 14.33334, 13, 14.66667], "texture": "#0"},
				"west": {"uv": [12.33334, 14.33334, 12.66667, 14.66667], "texture": "#0"},
				"up": {"uv": [13, 14.33333, 12.33334, 14.66666], "rotation": 180, "texture": "#0"},
				"down": {"uv": [13, 14.33334, 12.33334, 14.66667], "rotation": 180, "texture": "#0"}
			}
		},
		{
			"from": [10, 6, 7.5],
			"to": [11, 7, 8.5],
			"rotation": {"angle": 0, "axis": "y", "origin": [8, 7, 8]},
			"faces": {
				"north": {"uv": [10.33333, 14.00001, 10, 14.33334], "texture": "#0"},
				"east": {"uv": [10, 14, 10.33333, 14.33334], "texture": "#0"},
				"south": {"uv": [10, 14.00001, 10.33333, 14.33334], "texture": "#0"},
				"west": {"uv": [10, 14.00001, 10.33333, 14.33334], "texture": "#0"},
				"up": {"uv": [10.33333, 14, 10, 14.33333], "rotation": 180, "texture": "#0"},
				"down": {"uv": [10.33333, 14.00001, 10, 14.33334], "rotation": 180, "texture": "#0"}
			}
		},
		{
			"from": [11, 5, 7.5],
			"to": [13, 6, 8.5],
			"rotation": {"angle": 0, "axis": "y", "origin": [8, 7, 8]},
			"faces": {
				"north": {"uv": [11, 14.33334, 10.33334, 14.66667], "texture": "#0"},
				"east": {"uv": [10.66667, 14.33333, 11, 14.66667], "texture": "#0"},
				"south": {"uv": [10.33334, 14.33334, 11, 14.66667], "texture": "#0"},
				"west": {"uv": [10.33334, 14.33334, 10.66667, 14.66667], "texture": "#0"},
				"up": {"uv": [11, 14.33333, 10.33334, 14.66666], "rotation": 180, "texture": "#0"},
				"down": {"uv": [11, 14.33334, 10.33334, 14.66667], "rotation": 180, "texture": "#0"}
			}
		},
		{
			"from": [13, 6, 7.5],
			"to": [15, 7, 8.5],
			"rotation": {"angle": 0, "axis": "y", "origin": [8, 7, 8]},
			"faces": {
				"north": {"uv": [11.66666, 14.00001, 11, 14.33334], "texture": "#0"},
				"east": {"uv": [11.33333, 14, 11.66666, 14.33334], "texture": "#0"},
				"south": {"uv": [11, 14.00001, 11.66666, 14.33334], "texture": "#0"},
				"west": {"uv": [11, 14.00001, 11.33333, 14.33334], "texture": "#0"},
				"up": {"uv": [11.66666, 14, 11, 14.33333], "rotation": 180, "texture": "#0"},
				"down": {"uv": [11.66666, 14.00001, 11, 14.33334], "rotation": 180, "texture": "#0"}
			}
		},
		{
			"from": [15, 5, 7.5],
			"to": [16, 6, 8.5],
			"rotation": {"angle": 0, "axis": "y", "origin": [8, 7, 8]},
			"faces": {
				"north": {"uv": [12, 14.33334, 11.66667, 14.66667], "texture": "#0"},
				"east": {"uv": [11.66667, 14.33333, 12, 14.66667], "texture": "#0"},
				"south": {"uv": [11.66667, 14.33334, 12, 14.66667], "texture": "#0"},
				"west": {"uv": [11.66667, 14.33334, 12, 14.66667], "texture": "#0"},
				"up": {"uv": [12, 14.33333, 11.66667, 14.66666], "rotation": 180, "texture": "#0"},
				"down": {"uv": [12, 14.33334, 11.66667, 14.66667], "rotation": 180, "texture": "#0"}
			}
		},
		{
			"from": [13, 4, 7.5],
			"to": [15, 5, 8.5],
			"rotation": {"angle": 0, "axis": "y", "origin": [8, 7, 8]},
			"faces": {
				"north": {"uv": [11.66666, 14.66667, 11, 15], "texture": "#0"},
				"east": {"uv": [11.33333, 14.66666, 11.66666, 15], "texture": "#0"},
				"south": {"uv": [11, 14.66667, 11.66666, 15], "texture": "#0"},
				"west": {"uv": [11, 14.66667, 11.33333, 15], "texture": "#0"},
				"up": {"uv": [11.66666, 14.66666, 11, 14.99999], "rotation": 180, "texture": "#0"},
				"down": {"uv": [11.66666, 14.66667, 11, 15], "rotation": 180, "texture": "#0"}
			}
		}
	],
	"gui_light": "front",
	"display": {
		"thirdperson_righthand": {
			"rotation": [0, -90, 0],
			"translation": [0, 0.83, -3.5],
			"scale": [0.8, 0.8, 0.8]
		},
		"thirdperson_lefthand": {
			"rotation": [0, 90, 0],
			"translation": [0, 0.83, -3.5],
			"scale": [0.8, 0.8, 0.8]
		},
		"firstperson_righthand": {
			"rotation": [0, -100, 10],
			"translation": [1.127, 3.2, 1.13]
		},
		"firstperson_lefthand": {
			"rotation": [0, -90, 10],
			"translation": [-8.956, 3.2, 0.921],
			"scale": [-1, 1, -1]
		},
		"ground": {
			"translation": [0, 6, 0],
			"scale": [-0.8, 0.8, 0.8]
		},
		"gui": {
			"rotation": [0, 0, -45],
			"translation": [-0.7, 0.75, 0]
		},
		"head": {
			"rotation": [0, 90, 0],
			"translation": [0, 6, -2],
			"scale": [-0.7, 0.7, 0.7]
		},
		"fixed": {
			"rotation": [0, 0, 45],
			"translation": [0.7, 0.75, -1],
			"scale": [-1, 1, 1]
		}
	},
	"groups": [
		{
			"name": "winchester",
			"origin": [0, 0, 0],
			"color": 0,
			"children": []
		},
		0,
		1,
		2,
		3,
		4,
		5,
		6,
		7,
		8,
		9,
		10,
		{
			"name": "reload",
			"origin": [8, 4, 8],
			"color": 0,
			"children": [11, 12, 13, 14, 15]
		}
	]
}