﻿{
	"credit": "Daswaget",
	"texture_size": [32, 32],
	"textures": {
		"0": "dswg_weapons_plus/wrench/wrench",
		"particle": "dswg_weapons_plus/wrench/wrench_particle"
	},
	"elements": [
		{
			"from": [7, 1.5, 7.5],
			"to": [9, 11.5, 8.5],
			"faces": {
				"north": {"uv": [7.5, 7.5, 8.5, 11.5], "texture": "#0"},
				"east": {"uv": [7.5, 7.5, 8, 11.5], "texture": "#0"},
				"south": {"uv": [8.5, 7.5, 7.5, 11.5], "texture": "#0"},
				"west": {"uv": [8, 7.5, 8.5, 11.5], "texture": "#0"},
				"up": {"uv": [8.5, 7.5, 7.5, 8], "texture": "#0"},
				"down": {"uv": [8.5, 11, 7.5, 11.5], "texture": "#0"}
			}
		},
		{
			"from": [9, 13.5, 7.5],
			"to": [11, 15.5, 8.5],
			"faces": {
				"north": {"uv": [6.5, 5.5, 7.5, 6.5], "texture": "#0"},
				"east": {"uv": [6.5, 5.5, 7, 6.5], "texture": "#0"},
				"south": {"uv": [7.5, 5.5, 6.5, 6.5], "texture": "#0"},
				"west": {"uv": [7, 5.5, 7.5, 6.5], "texture": "#0"},
				"up": {"uv": [11, 5.5, 10, 6], "texture": "#0"},
				"down": {"uv": [7.5, 6, 6.5, 6.5], "texture": "#0"}
			}
		},
		{
			"from": [5, 13.5, 7.5],
			"to": [7, 15.5, 8.5],
			"faces": {
				"north": {"uv": [8.5, 5.5, 9.5, 6.5], "texture": "#0"},
				"east": {"uv": [8.5, 5.5, 9, 6.5], "texture": "#0"},
				"south": {"uv": [9.5, 5.5, 8.5, 6.5], "texture": "#0"},
				"west": {"uv": [9, 5.5, 9.5, 6.5], "texture": "#0"},
				"up": {"uv": [13, 5.5, 12, 6], "texture": "#0"},
				"down": {"uv": [9.5, 6, 8.5, 6.5], "texture": "#0"}
			}
		},
		{
			"from": [9, -2.5, 7.5],
			"to": [11, -0.5, 8.5],
			"faces": {
				"north": {"uv": [6.5, 12.5, 7.5, 13.5], "texture": "#0"},
				"east": {"uv": [6.5, 12.5, 7, 13.5], "texture": "#0"},
				"south": {"uv": [7.5, 12.5, 6.5, 13.5], "texture": "#0"},
				"west": {"uv": [7, 12.5, 7.5, 13.5], "texture": "#0"},
				"up": {"uv": [7.5, 12.5, 6.5, 13], "texture": "#0"},
				"down": {"uv": [11, 13, 10, 13.5], "texture": "#0"}
			}
		},
		{
			"from": [5, -2.5, 7.5],
			"to": [7, -0.5, 8.5],
			"faces": {
				"north": {"uv": [8.5, 12.5, 9.5, 13.5], "texture": "#0"},
				"east": {"uv": [8.5, 12.5, 9, 13.5], "texture": "#0"},
				"south": {"uv": [9.5, 12.5, 8.5, 13.5], "texture": "#0"},
				"west": {"uv": [9, 12.5, 9.5, 13.5], "texture": "#0"},
				"up": {"uv": [9.5, 12.5, 8.5, 13], "texture": "#0"},
				"down": {"uv": [13, 13, 12, 13.5], "texture": "#0"}
			}
		},
		{
			"from": [6, 0.5, 7.5],
			"to": [10, 1.5, 8.5],
			"faces": {
				"north": {"uv": [7, 11.5, 9, 12], "texture": "#0"},
				"east": {"uv": [7, 11.5, 7.5, 12], "texture": "#0"},
				"south": {"uv": [9, 11.5, 7, 12], "texture": "#0"},
				"west": {"uv": [8.5, 11.5, 9, 12], "texture": "#0"},
				"up": {"uv": [5.5, 11.5, 3.5, 12], "texture": "#0"},
				"down": {"uv": [9, 11.5, 7, 12], "texture": "#0"}
			}
		},
		{
			"from": [6, -3.5, 7.5],
			"to": [7, -2.5, 8.5],
			"faces": {
				"north": {"uv": [8.5, 13.5, 9, 14], "texture": "#0"},
				"east": {"uv": [8.5, 13.5, 9, 14], "texture": "#0"},
				"south": {"uv": [9, 13.5, 8.5, 14], "texture": "#0"},
				"west": {"uv": [8.5, 13.5, 9, 14], "texture": "#0"},
				"up": {"uv": [9, 13.5, 8.5, 14], "texture": "#0"},
				"down": {"uv": [9, 13.5, 8.5, 14], "texture": "#0"}
			}
		},
		{
			"from": [9, -3.5, 7.5],
			"to": [10, -2.5, 8.5],
			"faces": {
				"north": {"uv": [7, 13.5, 7.5, 14], "texture": "#0"},
				"east": {"uv": [7, 13.5, 7.5, 14], "texture": "#0"},
				"south": {"uv": [7.5, 13.5, 7, 14], "texture": "#0"},
				"west": {"uv": [7, 13.5, 7.5, 14], "texture": "#0"},
				"up": {"uv": [7.5, 13.5, 7, 14], "texture": "#0"},
				"down": {"uv": [7.5, 13.5, 7, 14], "texture": "#0"}
			}
		},
		{
			"from": [6, 15.5, 7.5],
			"to": [7, 16.5, 8.5],
			"faces": {
				"north": {"uv": [8.5, 5, 9, 5.5], "texture": "#0"},
				"east": {"uv": [8.5, 5, 9, 5.5], "texture": "#0"},
				"south": {"uv": [9, 5, 8.5, 5.5], "texture": "#0"},
				"west": {"uv": [8.5, 5, 9, 5.5], "texture": "#0"},
				"up": {"uv": [9, 5, 8.5, 5.5], "texture": "#0"},
				"down": {"uv": [9, 5, 8.5, 5.5], "texture": "#0"}
			}
		},
		{
			"from": [9, 15.5, 7.5],
			"to": [10, 16.5, 8.5],
			"faces": {
				"north": {"uv": [7, 5, 7.5, 5.5], "texture": "#0"},
				"east": {"uv": [7, 5, 7.5, 5.5], "texture": "#0"},
				"south": {"uv": [7.5, 5, 7, 5.5], "texture": "#0"},
				"west": {"uv": [7, 5, 7.5, 5.5], "texture": "#0"},
				"up": {"uv": [7.5, 5, 7, 5.5], "texture": "#0"},
				"down": {"uv": [7.5, 5, 7, 5.5], "texture": "#0"}
			}
		},
		{
			"from": [5, -0.5, 7.5],
			"to": [11, 0.5, 8.5],
			"faces": {
				"north": {"uv": [6.5, 12, 9.5, 12.5], "texture": "#0"},
				"east": {"uv": [6.5, 12, 7, 12.5], "texture": "#0"},
				"south": {"uv": [9.5, 12, 6.5, 12.5], "texture": "#0"},
				"west": {"uv": [9, 12, 9.5, 12.5], "texture": "#0"},
				"up": {"uv": [6, 12, 3, 12.5], "texture": "#0"},
				"down": {"uv": [13, 12, 10, 12.5], "texture": "#0"}
			}
		},
		{
			"from": [5, 12.5, 7.5],
			"to": [11, 13.5, 8.5],
			"faces": {
				"north": {"uv": [6.5, 6.5, 9.5, 7], "texture": "#0"},
				"east": {"uv": [6.5, 6.5, 7, 7], "texture": "#0"},
				"south": {"uv": [9.5, 6.5, 6.5, 7], "texture": "#0"},
				"west": {"uv": [9, 6.5, 9.5, 7], "texture": "#0"},
				"up": {"uv": [13, 6.5, 10, 7], "texture": "#0"},
				"down": {"uv": [6, 6.5, 3, 7], "texture": "#0"}
			}
		},
		{
			"from": [6, 11.5, 7.5],
			"to": [10, 12.5, 8.5],
			"faces": {
				"north": {"uv": [7, 7, 9, 7.5], "texture": "#0"},
				"east": {"uv": [7, 7, 7.5, 7.5], "texture": "#0"},
				"south": {"uv": [9, 7, 7, 7.5], "texture": "#0"},
				"west": {"uv": [8.5, 7, 9, 7.5], "texture": "#0"},
				"up": {"uv": [9, 7, 7, 7.5], "texture": "#0"},
				"down": {"uv": [5.5, 7, 3.5, 7.5], "texture": "#0"}
			}
		}
	],
	"gui_light": "front",
	"display": {
		"thirdperson_righthand": {
			"rotation": [0, 90, 0],
			"translation": [0, 1, 1.25],
			"scale": [0.8, 0.8, 0.8]
		},
		"thirdperson_lefthand": {
			"rotation": [0, -90, 0],
			"translation": [0, 1, 1.25],
			"scale": [0.8, 0.8, 0.8]
		},
		"firstperson_righthand": {
			"rotation": [0, 97, 19],
			"translation": [1, 1, 0],
			"scale": [0.8, 0.8, 0.8]
		},
		"firstperson_lefthand": {
			"rotation": [0, 97, 19],
			"translation": [1, 1, 0],
			"scale": [0.8, 0.8, 0.8]
		},
		"ground": {
			"rotation": [0, 0, 45],
			"translation": [-1.5, 6, 0],
			"scale": [0.8, 0.8, 0.8]
		},
		"gui": {
			"rotation": [0, 0, -45],
			"translation": [0.5, 0.5, 0],
			"scale": [-0.8, 0.8, -0.8]
		},
		"head": {
			"translation": [0, 8, 0],
			"scale": [0.8, 0.8, 0.8]
		},
		"fixed": {
			"rotation": [0, 0, 45],
			"translation": [-1, 1, -0.9]
		}
	},
	"groups": [
		{
			"name": "wrench",
			"origin": [0, 0, 0],
			"color": 0,
			"children": []
		},
		0,
		1,
		2,
		3,
		4,
		5,
		6,
		7,
		8,
		9,
		10,
		11,
		12
	]
}